asset,number_of_indexable_pages,pages,recommended_use,action
/studio_gallery/jewelry-upgrade-86d3f26f.png,29,/anti_tragus_piercing_las_vegas_authority_guide/ | /artists/katelyn-cole/ | /bridge_piercing_las_vegas_authority_guide/ | /cartilage_piercing_las_vegas_authority_guide/ | /conch_piercing_las_vegas_authority_guide/ | /daith_piercing_las_vegas_authority_guide/ | /ear_curation_piercing_las_vegas_authority_guide/ | /ear_lobe_piercing_las_vegas_authority_guide/ | /ear_piercing_las_vegas_authority_guide/ | /eyebrow_piercing_las_vegas_authority_guide/ | /flat_piercing_las_vegas_authority_guide/ | /forward_helix_piercing_las_vegas_authority_guide/ | /frog_eyes_tongue_piercing_las_vegas_authority_guide/ | /genital_piercing_las_vegas_authority_guide/ | /helix-piercing-las-vegas/ | /high_nostril_piercing_las_vegas_authority_guide/ | /how_much_do_tattoos_cost_in_las_vegas_authority_guide/ | /industrial_piercing_las_vegas_authority_guide/ | /lip_piercing_las_vegas_authority_guide/ | /nostril_piercing_las_vegas_authority_guide/ | /orbital_piercing_las_vegas_authority_guide/ | /piercing-shop-standards/ | /rook_piercing_las_vegas_authority_guide/ | /septum_piercing_las_vegas_authority_guide/ | /snake_bites_piercing_las_vegas_authority_guide/ | /snug_piercing_las_vegas_authority_guide/ | /studio_gallery/ | /tragus_piercing_las_vegas_authority_guide/ | /upper_lobe_piercing_las_vegas_authority_guide/,Shared branding/studio asset,ALLOW_SHARED
/studio_gallery/jewelry-upgrade-86d3f26f.webp,29,/anti_tragus_piercing_las_vegas_authority_guide/ | /artists/katelyn-cole/ | /bridge_piercing_las_vegas_authority_guide/ | /cartilage_piercing_las_vegas_authority_guide/ | /conch_piercing_las_vegas_authority_guide/ | /daith_piercing_las_vegas_authority_guide/ | /ear_curation_piercing_las_vegas_authority_guide/ | /ear_lobe_piercing_las_vegas_authority_guide/ | /ear_piercing_las_vegas_authority_guide/ | /eyebrow_piercing_las_vegas_authority_guide/ | /flat_piercing_las_vegas_authority_guide/ | /forward_helix_piercing_las_vegas_authority_guide/ | /frog_eyes_tongue_piercing_las_vegas_authority_guide/ | /genital_piercing_las_vegas_authority_guide/ | /helix-piercing-las-vegas/ | /high_nostril_piercing_las_vegas_authority_guide/ | /how_much_do_tattoos_cost_in_las_vegas_authority_guide/ | /industrial_piercing_las_vegas_authority_guide/ | /lip_piercing_las_vegas_authority_guide/ | /nostril_piercing_las_vegas_authority_guide/ | /orbital_piercing_las_vegas_authority_guide/ | /piercing-shop-standards/ | /rook_piercing_las_vegas_authority_guide/ | /septum_piercing_las_vegas_authority_guide/ | /snake_bites_piercing_las_vegas_authority_guide/ | /snug_piercing_las_vegas_authority_guide/ | /studio_gallery/ | /tragus_piercing_las_vegas_authority_guide/ | /upper_lobe_piercing_las_vegas_authority_guide/,Shared branding/studio asset,ALLOW_SHARED
/home_work_of_art_tattoo_piercing/client-portfolio/skull-hourglass-forearm-realism-fresh-las-vegas.png,27,/aging_skin_skin_science_las_vegas_authority_guide/ | /appointments/ | /artists/joshua-cole/ | /best_fine_line_tattoos_in_vegas_ultimate_authority_guide/ | /collagen_skin_science_las_vegas_authority_guide/ | /dermis_skin_science_las_vegas_authority_guide/ | /diabetes_skin_science_las_vegas_authority_guide/ | /eczema_skin_science_las_vegas_authority_guide/ | /epidermis_skin_science_las_vegas_authority_guide/ | /flash_art_deals_under_100/ | /healed_black_grey_tattoos_las_vegas/ | /healed_tattoo_gallery_las_vegas/ | /how-to-choose-a-tattoo-artist/ | /how_much_do_tattoos_cost_in_las_vegas_authority_guide/ | /hypodermis_skin_science_las_vegas_authority_guide/ | /macrophages_skin_science_las_vegas_authority_guide/ | /offsite_bookings/ | /psoriasis_skin_science_las_vegas_authority_guide/ | /reviews/ | /scar_tissue_tattoo_skin_science_las_vegas_authority_guide/ | /stretch_marks_skin_science_las_vegas_authority_guide/ | /studio-vs-strip-shops/ | /tattoo-aftercare-desert-climate/ | /tattoo_pain_chart_placement_sensitivity_guide/ | /vegas_tattoo_shop_vs_cheap_strip_tattoo_what_you_need_to_know/ | /walk-in-tattoos-las-vegas/ | /why_tattoos_stay_forever_skin_science_las_vegas_authority_guide/,Use only where the asset directly proves the page intent,REVIEW_OVERUSE
/home_work_of_art_tattoo_piercing/client-portfolio/skull-hourglass-forearm-realism-fresh-las-vegas.webp,27,/aging_skin_skin_science_las_vegas_authority_guide/ | /appointments/ | /artists/joshua-cole/ | /best_fine_line_tattoos_in_vegas_ultimate_authority_guide/ | /collagen_skin_science_las_vegas_authority_guide/ | /dermis_skin_science_las_vegas_authority_guide/ | /diabetes_skin_science_las_vegas_authority_guide/ | /eczema_skin_science_las_vegas_authority_guide/ | /epidermis_skin_science_las_vegas_authority_guide/ | /flash_art_deals_under_100/ | /healed_black_grey_tattoos_las_vegas/ | /healed_tattoo_gallery_las_vegas/ | /how-to-choose-a-tattoo-artist/ | /how_much_do_tattoos_cost_in_las_vegas_authority_guide/ | /hypodermis_skin_science_las_vegas_authority_guide/ | /macrophages_skin_science_las_vegas_authority_guide/ | /offsite_bookings/ | /psoriasis_skin_science_las_vegas_authority_guide/ | /reviews/ | /scar_tissue_tattoo_skin_science_las_vegas_authority_guide/ | /stretch_marks_skin_science_las_vegas_authority_guide/ | /studio-vs-strip-shops/ | /tattoo-aftercare-desert-climate/ | /tattoo_pain_chart_placement_sensitivity_guide/ | /vegas_tattoo_shop_vs_cheap_strip_tattoo_what_you_need_to_know/ | /walk-in-tattoos-las-vegas/ | /why_tattoos_stay_forever_skin_science_las_vegas_authority_guide/,Use only where the asset directly proves the page intent,REVIEW_OVERUSE
/studio_gallery/curated-helix-tragus-lobe-piercings-88475d3e.webp,23,/anti_tragus_piercing_las_vegas_authority_guide/ | /cartilage_piercing_las_vegas_authority_guide/ | /conch_piercing_las_vegas_authority_guide/ | /daith_piercing_las_vegas_authority_guide/ | /ear_curation_piercing_las_vegas_authority_guide/ | /ear_piercing_las_vegas_authority_guide/ | /flat_piercing_las_vegas_authority_guide/ | /forward_helix_piercing_las_vegas_authority_guide/ | /frog_eyes_tongue_piercing_las_vegas_authority_guide/ | /genital_piercing_las_vegas_authority_guide/ | /helix-piercing-las-vegas/ | /how_much_do_tattoos_cost_in_las_vegas_authority_guide/ | /las-vegas-tattoo-resource-center/ | /lip_piercing_las_vegas_authority_guide/ | /orbital_piercing_las_vegas_authority_guide/ | /piercing-shop-standards/ | /rook_piercing_las_vegas_authority_guide/ | /snake_bites_piercing_las_vegas_authority_guide/ | /snug_piercing_las_vegas_authority_guide/ | /studio_gallery/ | /tattoo_shop_near_the_strip_nap_corrected/ | /tattoo_shop_paradise_nevada/ | /tragus_piercing_las_vegas_authority_guide/,Shared branding/studio asset,ALLOW_SHARED
/studio_gallery/flat-and-conch-cartilage-studs-c317138a.webp,23,/anti_tragus_piercing_las_vegas_authority_guide/ | /artists/katelyn-cole/ | /cartilage_piercing_las_vegas_authority_guide/ | /conch_piercing_las_vegas_authority_guide/ | /daith_piercing_las_vegas_authority_guide/ | /ear_curation_piercing_las_vegas_authority_guide/ | /ear_piercing_las_vegas_authority_guide/ | /flat_piercing_las_vegas_authority_guide/ | /forward_helix_piercing_las_vegas_authority_guide/ | /frog_eyes_tongue_piercing_las_vegas_authority_guide/ | /genital_piercing_las_vegas_authority_guide/ | /helix-piercing-las-vegas/ | /how_much_do_tattoos_cost_in_las_vegas_authority_guide/ | /las-vegas-tattoo-resource-center/ | /lip_piercing_las_vegas_authority_guide/ | /orbital_piercing_las_vegas_authority_guide/ | /piercing-shop-standards/ | /rook_piercing_las_vegas_authority_guide/ | /snake_bites_piercing_las_vegas_authority_guide/ | /snug_piercing_las_vegas_authority_guide/ | /studio_gallery/ | /tattoo_shop_serving_henderson_nevada/ | /tragus_piercing_las_vegas_authority_guide/,Shared branding/studio asset,ALLOW_SHARED
/studio_gallery/flat-and-conch-cartilage-studs-c317138a.png,22,/anti_tragus_piercing_las_vegas_authority_guide/ | /artists/katelyn-cole/ | /cartilage_piercing_las_vegas_authority_guide/ | /conch_piercing_las_vegas_authority_guide/ | /daith_piercing_las_vegas_authority_guide/ | /ear_curation_piercing_las_vegas_authority_guide/ | /ear_piercing_las_vegas_authority_guide/ | /flat_piercing_las_vegas_authority_guide/ | /forward_helix_piercing_las_vegas_authority_guide/ | /frog_eyes_tongue_piercing_las_vegas_authority_guide/ | /genital_piercing_las_vegas_authority_guide/ | /helix-piercing-las-vegas/ | /how_much_do_tattoos_cost_in_las_vegas_authority_guide/ | /las-vegas-tattoo-resource-center/ | /lip_piercing_las_vegas_authority_guide/ | /orbital_piercing_las_vegas_authority_guide/ | /piercing-shop-standards/ | /rook_piercing_las_vegas_authority_guide/ | /snake_bites_piercing_las_vegas_authority_guide/ | /snug_piercing_las_vegas_authority_guide/ | /studio_gallery/ | /tragus_piercing_las_vegas_authority_guide/,Shared branding/studio asset,ALLOW_SHARED
/studio_gallery/curated-helix-tragus-lobe-piercings-88475d3e.png,21,/anti_tragus_piercing_las_vegas_authority_guide/ | /cartilage_piercing_las_vegas_authority_guide/ | /conch_piercing_las_vegas_authority_guide/ | /daith_piercing_las_vegas_authority_guide/ | /ear_curation_piercing_las_vegas_authority_guide/ | /ear_piercing_las_vegas_authority_guide/ | /flat_piercing_las_vegas_authority_guide/ | /forward_helix_piercing_las_vegas_authority_guide/ | /frog_eyes_tongue_piercing_las_vegas_authority_guide/ | /genital_piercing_las_vegas_authority_guide/ | /helix-piercing-las-vegas/ | /how_much_do_tattoos_cost_in_las_vegas_authority_guide/ | /las-vegas-tattoo-resource-center/ | /lip_piercing_las_vegas_authority_guide/ | /orbital_piercing_las_vegas_authority_guide/ | /piercing-shop-standards/ | /rook_piercing_las_vegas_authority_guide/ | /snake_bites_piercing_las_vegas_authority_guide/ | /snug_piercing_las_vegas_authority_guide/ | /studio_gallery/ | /tragus_piercing_las_vegas_authority_guide/,Shared branding/studio asset,ALLOW_SHARED
/studio_gallery/ear-piercing-healed-result-0f5998be.png,21,/anti_tragus_piercing_las_vegas_authority_guide/ | /cartilage_piercing_las_vegas_authority_guide/ | /conch_piercing_las_vegas_authority_guide/ | /daith_piercing_las_vegas_authority_guide/ | /ear_curation_piercing_las_vegas_authority_guide/ | /ear_piercing_las_vegas_authority_guide/ | /flat_piercing_las_vegas_authority_guide/ | /forward_helix_piercing_las_vegas_authority_guide/ | /frog_eyes_tongue_piercing_las_vegas_authority_guide/ | /genital_piercing_las_vegas_authority_guide/ | /helix-piercing-las-vegas/ | /how_much_do_tattoos_cost_in_las_vegas_authority_guide/ | /lip_piercing_las_vegas_authority_guide/ | /orbital_piercing_las_vegas_authority_guide/ | /piercing-shop-standards/ | /rook_piercing_las_vegas_authority_guide/ | /snake_bites_piercing_las_vegas_authority_guide/ | /snug_piercing_las_vegas_authority_guide/ | /studio_gallery/ | /tragus_piercing_las_vegas_authority_guide/ | /upper_lobe_piercing_las_vegas_authority_guide/,Shared branding/studio asset,ALLOW_SHARED
/studio_gallery/ear-piercing-healed-result-0f5998be.webp,21,/anti_tragus_piercing_las_vegas_authority_guide/ | /cartilage_piercing_las_vegas_authority_guide/ | /conch_piercing_las_vegas_authority_guide/ | /daith_piercing_las_vegas_authority_guide/ | /ear_curation_piercing_las_vegas_authority_guide/ | /ear_piercing_las_vegas_authority_guide/ | /flat_piercing_las_vegas_authority_guide/ | /forward_helix_piercing_las_vegas_authority_guide/ | /frog_eyes_tongue_piercing_las_vegas_authority_guide/ | /genital_piercing_las_vegas_authority_guide/ | /helix-piercing-las-vegas/ | /how_much_do_tattoos_cost_in_las_vegas_authority_guide/ | /lip_piercing_las_vegas_authority_guide/ | /orbital_piercing_las_vegas_authority_guide/ | /piercing-shop-standards/ | /rook_piercing_las_vegas_authority_guide/ | /snake_bites_piercing_las_vegas_authority_guide/ | /snug_piercing_las_vegas_authority_guide/ | /studio_gallery/ | /tragus_piercing_las_vegas_authority_guide/ | /upper_lobe_piercing_las_vegas_authority_guide/,Shared branding/studio asset,ALLOW_SHARED
/healed_tattoo_gallery_las_vegas/healed-3-month-roaring-lion-thigh-joshua-cole-las-vegas.png,18,/ | /aging_skin_skin_science_las_vegas_authority_guide/ | /best_fine_line_tattoos_in_vegas_ultimate_authority_guide/ | /collagen_skin_science_las_vegas_authority_guide/ | /dermis_skin_science_las_vegas_authority_guide/ | /diabetes_skin_science_las_vegas_authority_guide/ | /eczema_skin_science_las_vegas_authority_guide/ | /epidermis_skin_science_las_vegas_authority_guide/ | /healed_tattoo_gallery_las_vegas/ | /how-to-choose-a-tattoo-artist/ | /hypodermis_skin_science_las_vegas_authority_guide/ | /macrophages_skin_science_las_vegas_authority_guide/ | /psoriasis_skin_science_las_vegas_authority_guide/ | /scar_tissue_tattoo_skin_science_las_vegas_authority_guide/ | /stretch_marks_skin_science_las_vegas_authority_guide/ | /tattoo-aftercare-desert-climate/ | /tattoo_pain_chart_placement_sensitivity_guide/ | /why_tattoos_stay_forever_skin_science_las_vegas_authority_guide/,Use only where the asset directly proves the page intent,REVIEW_OVERUSE
/healed_tattoo_gallery_las_vegas/fresh-all-seeing-eye-triangle-forearm-joshua-cole-las-vegas.png,17,/aging_skin_skin_science_las_vegas_authority_guide/ | /best_fine_line_tattoos_in_vegas_ultimate_authority_guide/ | /collagen_skin_science_las_vegas_authority_guide/ | /dermis_skin_science_las_vegas_authority_guide/ | /diabetes_skin_science_las_vegas_authority_guide/ | /eczema_skin_science_las_vegas_authority_guide/ | /epidermis_skin_science_las_vegas_authority_guide/ | /fine_line_tattoos_las_vegas_master_authority_guide/ | /how-to-choose-a-tattoo-artist/ | /hypodermis_skin_science_las_vegas_authority_guide/ | /macrophages_skin_science_las_vegas_authority_guide/ | /psoriasis_skin_science_las_vegas_authority_guide/ | /scar_tissue_tattoo_skin_science_las_vegas_authority_guide/ | /stretch_marks_skin_science_las_vegas_authority_guide/ | /tattoo-aftercare-desert-climate/ | /tattoo_pain_chart_placement_sensitivity_guide/ | /why_tattoos_stay_forever_skin_science_las_vegas_authority_guide/,Use only where the asset directly proves the page intent,REVIEW_OVERUSE
/healed_tattoo_gallery_las_vegas/fresh-all-seeing-eye-triangle-forearm-joshua-cole-las-vegas.webp,17,/aging_skin_skin_science_las_vegas_authority_guide/ | /best_fine_line_tattoos_in_vegas_ultimate_authority_guide/ | /collagen_skin_science_las_vegas_authority_guide/ | /dermis_skin_science_las_vegas_authority_guide/ | /diabetes_skin_science_las_vegas_authority_guide/ | /eczema_skin_science_las_vegas_authority_guide/ | /epidermis_skin_science_las_vegas_authority_guide/ | /fine_line_tattoos_las_vegas_master_authority_guide/ | /how-to-choose-a-tattoo-artist/ | /hypodermis_skin_science_las_vegas_authority_guide/ | /macrophages_skin_science_las_vegas_authority_guide/ | /psoriasis_skin_science_las_vegas_authority_guide/ | /scar_tissue_tattoo_skin_science_las_vegas_authority_guide/ | /stretch_marks_skin_science_las_vegas_authority_guide/ | /tattoo-aftercare-desert-climate/ | /tattoo_pain_chart_placement_sensitivity_guide/ | /why_tattoos_stay_forever_skin_science_las_vegas_authority_guide/,Use only where the asset directly proves the page intent,REVIEW_OVERUSE
/healed_tattoo_gallery_las_vegas/healed-3-month-roaring-lion-thigh-joshua-cole-las-vegas.webp,17,/aging_skin_skin_science_las_vegas_authority_guide/ | /best_fine_line_tattoos_in_vegas_ultimate_authority_guide/ | /collagen_skin_science_las_vegas_authority_guide/ | /dermis_skin_science_las_vegas_authority_guide/ | /diabetes_skin_science_las_vegas_authority_guide/ | /eczema_skin_science_las_vegas_authority_guide/ | /epidermis_skin_science_las_vegas_authority_guide/ | /healed_tattoo_gallery_las_vegas/ | /how-to-choose-a-tattoo-artist/ | /hypodermis_skin_science_las_vegas_authority_guide/ | /macrophages_skin_science_las_vegas_authority_guide/ | /psoriasis_skin_science_las_vegas_authority_guide/ | /scar_tissue_tattoo_skin_science_las_vegas_authority_guide/ | /stretch_marks_skin_science_las_vegas_authority_guide/ | /tattoo-aftercare-desert-climate/ | /tattoo_pain_chart_placement_sensitivity_guide/ | /why_tattoos_stay_forever_skin_science_las_vegas_authority_guide/,Use only where the asset directly proves the page intent,REVIEW_OVERUSE
/las-vegas-tattoo-healing-guide/eagle-memorial-calf-fresh-tattoo-las-vegas.png,15,/aging_skin_skin_science_las_vegas_authority_guide/ | /collagen_skin_science_las_vegas_authority_guide/ | /dermis_skin_science_las_vegas_authority_guide/ | /diabetes_skin_science_las_vegas_authority_guide/ | /eczema_skin_science_las_vegas_authority_guide/ | /epidermis_skin_science_las_vegas_authority_guide/ | /healed_color_tattoos_las_vegas/ | /hypodermis_skin_science_las_vegas_authority_guide/ | /las-vegas-tattoo-healing-guide/ | /macrophages_skin_science_las_vegas_authority_guide/ | /psoriasis_skin_science_las_vegas_authority_guide/ | /scar_tissue_tattoo_skin_science_las_vegas_authority_guide/ | /stretch_marks_skin_science_las_vegas_authority_guide/ | /tattoo-aftercare-desert-climate/ | /why_tattoos_stay_forever_skin_science_las_vegas_authority_guide/,Use only where the asset directly proves the page intent,REVIEW_OVERUSE
/las-vegas-tattoo-healing-guide/eagle-memorial-calf-fresh-tattoo-las-vegas.webp,15,/aging_skin_skin_science_las_vegas_authority_guide/ | /collagen_skin_science_las_vegas_authority_guide/ | /dermis_skin_science_las_vegas_authority_guide/ | /diabetes_skin_science_las_vegas_authority_guide/ | /eczema_skin_science_las_vegas_authority_guide/ | /epidermis_skin_science_las_vegas_authority_guide/ | /healed_color_tattoos_las_vegas/ | /hypodermis_skin_science_las_vegas_authority_guide/ | /las-vegas-tattoo-healing-guide/ | /macrophages_skin_science_las_vegas_authority_guide/ | /psoriasis_skin_science_las_vegas_authority_guide/ | /scar_tissue_tattoo_skin_science_las_vegas_authority_guide/ | /stretch_marks_skin_science_las_vegas_authority_guide/ | /tattoo-aftercare-desert-climate/ | /why_tattoos_stay_forever_skin_science_las_vegas_authority_guide/,Use only where the asset directly proves the page intent,REVIEW_OVERUSE
/las-vegas-tattoo-healing-guide/eagle-memorial-calf-fresh-vs-healed-comparison-las-vegas.png,14,/aging_skin_skin_science_las_vegas_authority_guide/ | /collagen_skin_science_las_vegas_authority_guide/ | /dermis_skin_science_las_vegas_authority_guide/ | /diabetes_skin_science_las_vegas_authority_guide/ | /eczema_skin_science_las_vegas_authority_guide/ | /epidermis_skin_science_las_vegas_authority_guide/ | /healed_color_tattoos_las_vegas/ | /hypodermis_skin_science_las_vegas_authority_guide/ | /las-vegas-tattoo-healing-guide/ | /macrophages_skin_science_las_vegas_authority_guide/ | /psoriasis_skin_science_las_vegas_authority_guide/ | /scar_tissue_tattoo_skin_science_las_vegas_authority_guide/ | /stretch_marks_skin_science_las_vegas_authority_guide/ | /why_tattoos_stay_forever_skin_science_las_vegas_authority_guide/,Use only where the asset directly proves the page intent,REVIEW_OVERUSE
/las-vegas-tattoo-healing-guide/eagle-memorial-calf-fresh-vs-healed-comparison-las-vegas.webp,14,/aging_skin_skin_science_las_vegas_authority_guide/ | /collagen_skin_science_las_vegas_authority_guide/ | /dermis_skin_science_las_vegas_authority_guide/ | /diabetes_skin_science_las_vegas_authority_guide/ | /eczema_skin_science_las_vegas_authority_guide/ | /epidermis_skin_science_las_vegas_authority_guide/ | /healed_color_tattoos_las_vegas/ | /hypodermis_skin_science_las_vegas_authority_guide/ | /las-vegas-tattoo-healing-guide/ | /macrophages_skin_science_las_vegas_authority_guide/ | /psoriasis_skin_science_las_vegas_authority_guide/ | /scar_tissue_tattoo_skin_science_las_vegas_authority_guide/ | /stretch_marks_skin_science_las_vegas_authority_guide/ | /why_tattoos_stay_forever_skin_science_las_vegas_authority_guide/,Use only where the asset directly proves the page intent,REVIEW_OVERUSE
/studio_gallery/curated-facial-piercing-jewelry-display-7d759759.png,14,/anti_eyebrow_piercing_las_vegas_authority_guide/ | /artists/katelyn-cole/ | /bridge_piercing_las_vegas_authority_guide/ | /eyebrow_piercing_las_vegas_authority_guide/ | /high_nostril_piercing_las_vegas_authority_guide/ | /labret_piercing_las_vegas_authority_guide/ | /monroe_piercing_las_vegas_authority_guide/ | /nose_piercing_las_vegas_authority_guide/ | /nostril_piercing_las_vegas_authority_guide/ | /philtrum_piercing_las_vegas_authority_guide/ | /septum_piercing_las_vegas_authority_guide/ | /studio_gallery/ | /tongue_piercing_las_vegas_authority_guide/ | /vertical_labret_piercing_las_vegas_authority_guide/,Shared branding/studio asset,ALLOW_SHARED
/studio_gallery/curated-facial-piercing-jewelry-display-7d759759.webp,14,/anti_eyebrow_piercing_las_vegas_authority_guide/ | /artists/katelyn-cole/ | /bridge_piercing_las_vegas_authority_guide/ | /eyebrow_piercing_las_vegas_authority_guide/ | /high_nostril_piercing_las_vegas_authority_guide/ | /labret_piercing_las_vegas_authority_guide/ | /monroe_piercing_las_vegas_authority_guide/ | /nose_piercing_las_vegas_authority_guide/ | /nostril_piercing_las_vegas_authority_guide/ | /philtrum_piercing_las_vegas_authority_guide/ | /septum_piercing_las_vegas_authority_guide/ | /studio_gallery/ | /tongue_piercing_las_vegas_authority_guide/ | /vertical_labret_piercing_las_vegas_authority_guide/,Shared branding/studio asset,ALLOW_SHARED
/home_work_of_art_tattoo_piercing/client-portfolio/roaring-lion-tiger-forearm-realism-las-vegas.png,12,/appointments/ | /best_fine_line_tattoos_in_vegas_ultimate_authority_guide/ | /how-to-choose-a-tattoo-artist/ | /how_much_do_tattoos_cost_in_las_vegas_authority_guide/ | /large_scale_projects_variant_a_authentic_art_rotation/ | /leave-a-review/ | /realism-tattoos-las-vegas/ | /studio-vs-strip-shops/ | /tattoo-aftercare-desert-climate/ | /tattoo_pain_chart_placement_sensitivity_guide/ | /vegas_tattoo_shop_vs_cheap_strip_tattoo_what_you_need_to_know/ | /walk-in-tattoos-las-vegas/,Use only where the asset directly proves the page intent,REVIEW_OVERUSE
/home_work_of_art_tattoo_piercing/client-portfolio/roaring-lion-tiger-forearm-realism-las-vegas.webp,12,/appointments/ | /best_fine_line_tattoos_in_vegas_ultimate_authority_guide/ | /how-to-choose-a-tattoo-artist/ | /how_much_do_tattoos_cost_in_las_vegas_authority_guide/ | /large_scale_projects_variant_a_authentic_art_rotation/ | /leave-a-review/ | /realism-tattoos-las-vegas/ | /studio-vs-strip-shops/ | /tattoo-aftercare-desert-climate/ | /tattoo_pain_chart_placement_sensitivity_guide/ | /vegas_tattoo_shop_vs_cheap_strip_tattoo_what_you_need_to_know/ | /walk-in-tattoos-las-vegas/,Use only where the asset directly proves the page intent,REVIEW_OVERUSE
/studio_gallery/labret-and-eyebrow-piercing-closeup-c6159742.png,11,/anti_eyebrow_piercing_las_vegas_authority_guide/ | /artists/katelyn-cole/ | /bridge_piercing_las_vegas_authority_guide/ | /eyebrow_piercing_las_vegas_authority_guide/ | /labret_piercing_las_vegas_authority_guide/ | /monroe_piercing_las_vegas_authority_guide/ | /nose_piercing_las_vegas_authority_guide/ | /philtrum_piercing_las_vegas_authority_guide/ | /studio_gallery/ | /tongue_piercing_las_vegas_authority_guide/ | /vertical_labret_piercing_las_vegas_authority_guide/,Shared branding/studio asset,ALLOW_SHARED
/studio_gallery/labret-and-eyebrow-piercing-closeup-c6159742.webp,11,/anti_eyebrow_piercing_las_vegas_authority_guide/ | /artists/katelyn-cole/ | /bridge_piercing_las_vegas_authority_guide/ | /eyebrow_piercing_las_vegas_authority_guide/ | /labret_piercing_las_vegas_authority_guide/ | /monroe_piercing_las_vegas_authority_guide/ | /nose_piercing_las_vegas_authority_guide/ | /philtrum_piercing_las_vegas_authority_guide/ | /studio_gallery/ | /tongue_piercing_las_vegas_authority_guide/ | /vertical_labret_piercing_las_vegas_authority_guide/,Shared branding/studio asset,ALLOW_SHARED
/studio_gallery/fresh-upper-cartilage-industrial-bar-2e41fc98.png,10,/anti_tragus_piercing_las_vegas_authority_guide/ | /artists/katelyn-cole/ | /conch_piercing_las_vegas_authority_guide/ | /daith_piercing_las_vegas_authority_guide/ | /forward_helix_piercing_las_vegas_authority_guide/ | /industrial_piercing_las_vegas_authority_guide/ | /orbital_piercing_las_vegas_authority_guide/ | /rook_piercing_las_vegas_authority_guide/ | /snug_piercing_las_vegas_authority_guide/ | /studio_gallery/,Shared branding/studio asset,ALLOW_SHARED
/studio_gallery/fresh-upper-cartilage-industrial-bar-2e41fc98.webp,10,/anti_tragus_piercing_las_vegas_authority_guide/ | /artists/katelyn-cole/ | /conch_piercing_las_vegas_authority_guide/ | /daith_piercing_las_vegas_authority_guide/ | /forward_helix_piercing_las_vegas_authority_guide/ | /industrial_piercing_las_vegas_authority_guide/ | /orbital_piercing_las_vegas_authority_guide/ | /rook_piercing_las_vegas_authority_guide/ | /snug_piercing_las_vegas_authority_guide/ | /studio_gallery/,Shared branding/studio asset,ALLOW_SHARED
/studio_gallery/triple-flat-conch-lobe-ear-setup-f28e160a.png,10,/artists/katelyn-cole/ | /cartilage_piercing_las_vegas_authority_guide/ | /ear_piercing_las_vegas_authority_guide/ | /frog_eyes_tongue_piercing_las_vegas_authority_guide/ | /genital_piercing_las_vegas_authority_guide/ | /how_much_do_tattoos_cost_in_las_vegas_authority_guide/ | /lip_piercing_las_vegas_authority_guide/ | /piercing-shop-standards/ | /snake_bites_piercing_las_vegas_authority_guide/ | /studio_gallery/,Shared branding/studio asset,ALLOW_SHARED
/studio_gallery/triple-flat-conch-lobe-ear-setup-f28e160a.webp,10,/artists/katelyn-cole/ | /cartilage_piercing_las_vegas_authority_guide/ | /ear_piercing_las_vegas_authority_guide/ | /frog_eyes_tongue_piercing_las_vegas_authority_guide/ | /genital_piercing_las_vegas_authority_guide/ | /how_much_do_tattoos_cost_in_las_vegas_authority_guide/ | /lip_piercing_las_vegas_authority_guide/ | /piercing-shop-standards/ | /snake_bites_piercing_las_vegas_authority_guide/ | /studio_gallery/,Shared branding/studio asset,ALLOW_SHARED
/studio_gallery/nostril-stud-on-smiling-client-dd626b1d.webp,9,/anti_eyebrow_piercing_las_vegas_authority_guide/ | /artists/katelyn-cole/ | /high_nostril_piercing_las_vegas_authority_guide/ | /las-vegas-tattoo-resource-center/ | /nose_piercing_las_vegas_authority_guide/ | /nostril_piercing_las_vegas_authority_guide/ | /piercing-shop-standards/ | /studio_gallery/ | /tattoo_shop_near_las_vegas_airport/,Shared branding/studio asset,ALLOW_SHARED
/artists/katelyn-cole/piercing-portfolio/katelyn-helix-piercing-02.webp,8,/ear_lobe_piercing_las_vegas_authority_guide/ | /ear_piercing_guide_las_vegas/ | /ear_piercing_las_vegas_authority_guide/ | /forward_helix_piercing_las_vegas_authority_guide/ | /helix-piercing-las-vegas/ | /katelyn_sleeping_on_helix_las_vegas_authority_guide/ | /knowledge/can-you-swim-after-ear-piercing/ | /upper_lobe_piercing_las_vegas_authority_guide/,Use only where the asset directly proves the page intent,REVIEW_OVERUSE
/artists/katelyn-cole/piercing-portfolio/katelyn-upper-ear-piercing-02.webp,8,/ear_lobe_piercing_las_vegas_authority_guide/ | /ear_piercing_guide_las_vegas/ | /ear_piercing_las_vegas_authority_guide/ | /forward_helix_piercing_las_vegas_authority_guide/ | /helix-piercing-las-vegas/ | /katelyn_sleeping_on_helix_las_vegas_authority_guide/ | /knowledge/can-you-swim-after-ear-piercing/ | /upper_lobe_piercing_las_vegas_authority_guide/,Use only where the asset directly proves the page intent,REVIEW_OVERUSE
/home_work_of_art_tattoo_piercing/client-portfolio/archangel-michael-demon-upper-arm-realism-las-vegas.png,8,/best_fine_line_tattoos_in_vegas_ultimate_authority_guide/ | /how-to-choose-a-tattoo-artist/ | /how_much_do_tattoos_cost_in_las_vegas_authority_guide/ | /large_scale_projects_variant_a_authentic_art_rotation/ | /studio-vs-strip-shops/ | /tattoo-aftercare-desert-climate/ | /tattoo_pain_chart_placement_sensitivity_guide/ | /vegas_tattoo_shop_vs_cheap_strip_tattoo_what_you_need_to_know/,Use only where the asset directly proves the page intent,REVIEW_OVERUSE
/home_work_of_art_tattoo_piercing/client-portfolio/archangel-michael-demon-upper-arm-realism-las-vegas.webp,8,/best_fine_line_tattoos_in_vegas_ultimate_authority_guide/ | /how-to-choose-a-tattoo-artist/ | /how_much_do_tattoos_cost_in_las_vegas_authority_guide/ | /large_scale_projects_variant_a_authentic_art_rotation/ | /studio-vs-strip-shops/ | /tattoo-aftercare-desert-climate/ | /tattoo_pain_chart_placement_sensitivity_guide/ | /vegas_tattoo_shop_vs_cheap_strip_tattoo_what_you_need_to_know/,Use only where the asset directly proves the page intent,REVIEW_OVERUSE
/home_work_of_art_tattoo_piercing/client-portfolio/lion-clock-realism-shoulder-tattoo-las-vegas.png,8,/best_fine_line_tattoos_in_vegas_ultimate_authority_guide/ | /how-to-choose-a-tattoo-artist/ | /how_much_do_tattoos_cost_in_las_vegas_authority_guide/ | /large_scale_projects_variant_a_authentic_art_rotation/ | /studio-vs-strip-shops/ | /tattoo-aftercare-desert-climate/ | /tattoo_pain_chart_placement_sensitivity_guide/ | /vegas_tattoo_shop_vs_cheap_strip_tattoo_what_you_need_to_know/,Use only where the asset directly proves the page intent,REVIEW_OVERUSE
/home_work_of_art_tattoo_piercing/client-portfolio/lion-clock-realism-shoulder-tattoo-las-vegas.webp,8,/best_fine_line_tattoos_in_vegas_ultimate_authority_guide/ | /how-to-choose-a-tattoo-artist/ | /how_much_do_tattoos_cost_in_las_vegas_authority_guide/ | /large_scale_projects_variant_a_authentic_art_rotation/ | /studio-vs-strip-shops/ | /tattoo-aftercare-desert-climate/ | /tattoo_pain_chart_placement_sensitivity_guide/ | /vegas_tattoo_shop_vs_cheap_strip_tattoo_what_you_need_to_know/,Use only where the asset directly proves the page intent,REVIEW_OVERUSE
/studio_gallery/nostril-stud-on-smiling-client-dd626b1d.png,8,/anti_eyebrow_piercing_las_vegas_authority_guide/ | /artists/katelyn-cole/ | /high_nostril_piercing_las_vegas_authority_guide/ | /las-vegas-tattoo-resource-center/ | /nose_piercing_las_vegas_authority_guide/ | /nostril_piercing_las_vegas_authority_guide/ | /piercing-shop-standards/ | /studio_gallery/,Shared branding/studio asset,ALLOW_SHARED
/studio_gallery/facial-piercing-work-c65aaed1.png,7,/anti_eyebrow_piercing_las_vegas_authority_guide/ | /bridge_piercing_las_vegas_authority_guide/ | /eyebrow_piercing_las_vegas_authority_guide/ | /high_nostril_piercing_las_vegas_authority_guide/ | /nose_piercing_las_vegas_authority_guide/ | /nostril_piercing_las_vegas_authority_guide/ | /studio_gallery/,Shared branding/studio asset,ALLOW_SHARED
/studio_gallery/facial-piercing-work-c65aaed1.webp,7,/anti_eyebrow_piercing_las_vegas_authority_guide/ | /bridge_piercing_las_vegas_authority_guide/ | /eyebrow_piercing_las_vegas_authority_guide/ | /high_nostril_piercing_las_vegas_authority_guide/ | /nose_piercing_las_vegas_authority_guide/ | /nostril_piercing_las_vegas_authority_guide/ | /studio_gallery/,Shared branding/studio asset,ALLOW_SHARED
/healed_tattoo_gallery_las_vegas/healed-1-year-cross-eye-skull-outer-forearm-joshua-cole-las-vegas.png,6,/best_fine_line_tattoos_in_vegas_ultimate_authority_guide/ | /fine_line_tattoos_las_vegas_master_authority_guide/ | /healed_tattoo_gallery_las_vegas/ | /how-to-choose-a-tattoo-artist/ | /tattoo-aftercare-desert-climate/ | /tattoo_pain_chart_placement_sensitivity_guide/,Use only where the asset directly proves the page intent,REVIEW_OVERUSE
/healed_tattoo_gallery_las_vegas/healed-1-year-cross-eye-skull-outer-forearm-joshua-cole-las-vegas.webp,6,/best_fine_line_tattoos_in_vegas_ultimate_authority_guide/ | /fine_line_tattoos_las_vegas_master_authority_guide/ | /healed_tattoo_gallery_las_vegas/ | /how-to-choose-a-tattoo-artist/ | /tattoo-aftercare-desert-climate/ | /tattoo_pain_chart_placement_sensitivity_guide/,Use only where the asset directly proves the page intent,REVIEW_OVERUSE
/home_work_of_art_tattoo_piercing/client-portfolio/black-grey-lion-thigh-realism-las-vegas.png,6,/artists/joshua-cole/ | /las-vegas-tattoo-healing-guide/ | /realism-tattoos-las-vegas/ | /reviews/ | /studio_gallery/ | /walk-in-tattoos-las-vegas/,Use only where the asset directly proves the page intent,REVIEW_OVERUSE
/home_work_of_art_tattoo_piercing/client-portfolio/black-grey-lion-thigh-realism-las-vegas.webp,6,/artists/joshua-cole/ | /las-vegas-tattoo-healing-guide/ | /realism-tattoos-las-vegas/ | /reviews/ | /studio_gallery/ | /walk-in-tattoos-las-vegas/,Use only where the asset directly proves the page intent,REVIEW_OVERUSE
/home_work_of_art_tattoo_piercing/client-portfolio/medusa-snake-hair-forearm-realism-las-vegas.png,6,/how-to-choose-a-tattoo-artist/ | /how_much_do_tattoos_cost_in_las_vegas_authority_guide/ | /studio-vs-strip-shops/ | /tattoo-aftercare-desert-climate/ | /tattoo_pain_chart_placement_sensitivity_guide/ | /vegas_tattoo_shop_vs_cheap_strip_tattoo_what_you_need_to_know/,Use only where the asset directly proves the page intent,REVIEW_OVERUSE
/home_work_of_art_tattoo_piercing/client-portfolio/medusa-snake-hair-forearm-realism-las-vegas.webp,6,/how-to-choose-a-tattoo-artist/ | /how_much_do_tattoos_cost_in_las_vegas_authority_guide/ | /studio-vs-strip-shops/ | /tattoo-aftercare-desert-climate/ | /tattoo_pain_chart_placement_sensitivity_guide/ | /vegas_tattoo_shop_vs_cheap_strip_tattoo_what_you_need_to_know/,Use only where the asset directly proves the page intent,REVIEW_OVERUSE
/home_work_of_art_tattoo_piercing/client-portfolio/money-rose-black-grey-realism-upper-arm-las-vegas.png,6,/how-to-choose-a-tattoo-artist/ | /how_much_do_tattoos_cost_in_las_vegas_authority_guide/ | /studio-vs-strip-shops/ | /tattoo-aftercare-desert-climate/ | /tattoo_pain_chart_placement_sensitivity_guide/ | /vegas_tattoo_shop_vs_cheap_strip_tattoo_what_you_need_to_know/,Use only where the asset directly proves the page intent,REVIEW_OVERUSE
/home_work_of_art_tattoo_piercing/client-portfolio/money-rose-black-grey-realism-upper-arm-las-vegas.webp,6,/how-to-choose-a-tattoo-artist/ | /how_much_do_tattoos_cost_in_las_vegas_authority_guide/ | /studio-vs-strip-shops/ | /tattoo-aftercare-desert-climate/ | /tattoo_pain_chart_placement_sensitivity_guide/ | /vegas_tattoo_shop_vs_cheap_strip_tattoo_what_you_need_to_know/,Use only where the asset directly proves the page intent,REVIEW_OVERUSE
/home_work_of_art_tattoo_piercing/client-portfolio/woman-skull-skeletal-hand-forearm-realism-las-vegas.png,6,/how-to-choose-a-tattoo-artist/ | /how_much_do_tattoos_cost_in_las_vegas_authority_guide/ | /studio-vs-strip-shops/ | /tattoo-aftercare-desert-climate/ | /tattoo_pain_chart_placement_sensitivity_guide/ | /vegas_tattoo_shop_vs_cheap_strip_tattoo_what_you_need_to_know/,Use only where the asset directly proves the page intent,REVIEW_OVERUSE
/home_work_of_art_tattoo_piercing/client-portfolio/woman-skull-skeletal-hand-forearm-realism-las-vegas.webp,6,/how-to-choose-a-tattoo-artist/ | /how_much_do_tattoos_cost_in_las_vegas_authority_guide/ | /studio-vs-strip-shops/ | /tattoo-aftercare-desert-climate/ | /tattoo_pain_chart_placement_sensitivity_guide/ | /vegas_tattoo_shop_vs_cheap_strip_tattoo_what_you_need_to_know/,Use only where the asset directly proves the page intent,REVIEW_OVERUSE
/artists/katelyn-cole/piercing-portfolio/katelyn-earlobe-piercing-02.webp,5,/ear_lobe_piercing_las_vegas_authority_guide/ | /ear_piercing_guide_las_vegas/ | /ear_piercing_las_vegas_authority_guide/ | /knowledge/can-you-swim-after-ear-piercing/ | /upper_lobe_piercing_las_vegas_authority_guide/,Use only where the asset directly proves the page intent,KEEP
/artists/katelyn-cole/piercing-portfolio/katelyn-earlobe-piercing-03.webp,5,/ear_lobe_piercing_las_vegas_authority_guide/ | /ear_piercing_guide_las_vegas/ | /ear_piercing_las_vegas_authority_guide/ | /knowledge/can-you-swim-after-ear-piercing/ | /upper_lobe_piercing_las_vegas_authority_guide/,Use only where the asset directly proves the page intent,KEEP
/healed_tattoo_gallery_las_vegas/fresh-roaring-lion-thigh-black-grey-joshua-cole-las-vegas.png,5,/ | /best_fine_line_tattoos_in_vegas_ultimate_authority_guide/ | /how-to-choose-a-tattoo-artist/ | /tattoo-aftercare-desert-climate/ | /tattoo_pain_chart_placement_sensitivity_guide/,Use only where the asset directly proves the page intent,KEEP
/home_work_of_art_tattoo_piercing/client-portfolio/black-grey-skull-hood-candle-realism-las-vegas.webp,5,/realism-tattoos-las-vegas/ | /tattoo_shop_near_allegiant_stadium_las_vegas/ | /tattoo_shop_near_the_strip_nap_corrected/ | /tattoo_shop_paradise_nevada/ | /tattoo_shop_spring_valley_las_vegas/,Use only where the asset directly proves the page intent,KEEP
/home_work_of_art_tattoo_piercing/client-portfolio/black-grey-statue-bust-cloth-drape-las-vegas.png,5,/healed_portrait_tattoos_las_vegas/ | /leave-a-review/ | /realism-tattoos-las-vegas/ | /reviews/ | /walk-in-tattoos-las-vegas/,Use only where the asset directly proves the page intent,KEEP
/home_work_of_art_tattoo_piercing/client-portfolio/black-grey-statue-bust-cloth-drape-las-vegas.webp,5,/healed_portrait_tattoos_las_vegas/ | /leave-a-review/ | /realism-tattoos-las-vegas/ | /reviews/ | /walk-in-tattoos-las-vegas/,Use only where the asset directly proves the page intent,KEEP
/studio_gallery/body-piercing-work-c611f77c.png,5,/artists/katelyn-cole/ | /navel_piercing_las_vegas_authority_guide/ | /nipple_piercing_las_vegas_authority_guide/ | /studio_gallery/ | /surface_piercing_las_vegas_authority_guide/,Shared branding/studio asset,ALLOW_SHARED
/studio_gallery/body-piercing-work-c611f77c.webp,5,/artists/katelyn-cole/ | /navel_piercing_las_vegas_authority_guide/ | /nipple_piercing_las_vegas_authority_guide/ | /studio_gallery/ | /surface_piercing_las_vegas_authority_guide/,Shared branding/studio asset,ALLOW_SHARED
/studio_gallery/piercing-session-prep-b525678d.png,5,/artists/katelyn-cole/ | /navel_piercing_las_vegas_authority_guide/ | /nipple_piercing_las_vegas_authority_guide/ | /studio_gallery/ | /surface_piercing_las_vegas_authority_guide/,Shared branding/studio asset,ALLOW_SHARED
/studio_gallery/piercing-session-prep-b525678d.webp,5,/artists/katelyn-cole/ | /navel_piercing_las_vegas_authority_guide/ | /nipple_piercing_las_vegas_authority_guide/ | /studio_gallery/ | /surface_piercing_las_vegas_authority_guide/,Shared branding/studio asset,ALLOW_SHARED
/healed_tattoo_gallery_las_vegas/fresh-roaring-lion-thigh-black-grey-joshua-cole-las-vegas.webp,4,/best_fine_line_tattoos_in_vegas_ultimate_authority_guide/ | /how-to-choose-a-tattoo-artist/ | /tattoo-aftercare-desert-climate/ | /tattoo_pain_chart_placement_sensitivity_guide/,Use only where the asset directly proves the page intent,KEEP
/home_work_of_art_tattoo_piercing/client-portfolio/black-grey-medusa-snakehair-realism-las-vegas.png,4,/healed_portrait_tattoos_las_vegas/ | /leave-a-review/ | /realism-tattoos-las-vegas/ | /reviews/,Use only where the asset directly proves the page intent,KEEP
/home_work_of_art_tattoo_piercing/client-portfolio/black-grey-medusa-snakehair-realism-las-vegas.webp,4,/healed_portrait_tattoos_las_vegas/ | /leave-a-review/ | /realism-tattoos-las-vegas/ | /reviews/,Use only where the asset directly proves the page intent,KEEP
/home_work_of_art_tattoo_piercing/client-portfolio/color-realism-wolf-red-forearm-las-vegas.webp,4,/tattoo_shop_near_las_vegas_airport/ | /tattoo_shop_near_mgm_grand_las_vegas/ | /tattoo_shop_near_the_strip_nap_corrected/ | /tattoo_shop_serving_henderson_nevada/,Use only where the asset directly proves the page intent,KEEP
/studio_gallery/matching-bilateral-earlobe-piercings-2455fd61.png,4,/artists/katelyn-cole/ | /ear_lobe_piercing_las_vegas_authority_guide/ | /studio_gallery/ | /upper_lobe_piercing_las_vegas_authority_guide/,Shared branding/studio asset,ALLOW_SHARED
/studio_gallery/matching-bilateral-earlobe-piercings-2455fd61.webp,4,/artists/katelyn-cole/ | /ear_lobe_piercing_las_vegas_authority_guide/ | /studio_gallery/ | /upper_lobe_piercing_las_vegas_authority_guide/,Shared branding/studio asset,ALLOW_SHARED
/studio_gallery/spiked-septum-and-chest-ornament-b09080b0.png,4,/navel_piercing_las_vegas_authority_guide/ | /nipple_piercing_las_vegas_authority_guide/ | /studio_gallery/ | /surface_piercing_las_vegas_authority_guide/,Shared branding/studio asset,ALLOW_SHARED
/studio_gallery/spiked-septum-and-chest-ornament-b09080b0.webp,4,/navel_piercing_las_vegas_authority_guide/ | /nipple_piercing_las_vegas_authority_guide/ | /studio_gallery/ | /surface_piercing_las_vegas_authority_guide/,Shared branding/studio asset,ALLOW_SHARED
/artists/joshua-cole/joshua-cole-portrait-las-vegas.png,3,/ | /artists/ | /artists/joshua-cole/,Use only where the asset directly proves the page intent,KEEP
/artists/katelyn-cole/piercing-portfolio/katelyn-lip-labret-piercing-03.webp,3,/labret_piercing_las_vegas_authority_guide/ | /lip_piercing_las_vegas_authority_guide/ | /vertical_labret_piercing_las_vegas_authority_guide/,Use only where the asset directly proves the page intent,KEEP
/artists/katelyn-cole/piercing-portfolio/katelyn-lip-labret-piercing-04.webp,3,/labret_piercing_las_vegas_authority_guide/ | /lip_piercing_las_vegas_authority_guide/ | /vertical_labret_piercing_las_vegas_authority_guide/,Use only where the asset directly proves the page intent,KEEP
/artists/teralyn/teralyn-fine-line-tattoo-artist-las-vegas.jpg,3,/ | /artists/ | /artists/teralyn/,Use only where the asset directly proves the page intent,KEEP
/cover-up-tattoos-las-vegas/cover-up-tattoo-phoenix-hand-las-vegas-after.webp,3,/artists/joshua-cole/ | /healed_cover_up_tattoos_las_vegas/ | /reviews/,Use only where the asset directly proves the page intent,KEEP
/home_work_of_art_tattoo_piercing/client-portfolio/black-grey-all-seeing-eye-realism-las-vegas.png,3,/appointments/ | /leave-a-review/ | /walk-in-tattoos-las-vegas/,Use only where the asset directly proves the page intent,KEEP
/home_work_of_art_tattoo_piercing/client-portfolio/black-grey-all-seeing-eye-realism-las-vegas.webp,3,/appointments/ | /leave-a-review/ | /walk-in-tattoos-las-vegas/,Use only where the asset directly proves the page intent,KEEP
/home_work_of_art_tattoo_piercing/client-portfolio/steampunk-clock-gears-rose-forearm-healed-las-vegas.png,3,/appointments/ | /healed_black_grey_tattoos_las_vegas/ | /reviews/,Use only where the asset directly proves the page intent,KEEP
/home_work_of_art_tattoo_piercing/client-portfolio/steampunk-clock-gears-rose-forearm-healed-las-vegas.webp,3,/appointments/ | /healed_black_grey_tattoos_las_vegas/ | /reviews/,Use only where the asset directly proves the page intent,KEEP
/studio_gallery/beauty-script-roses-inner-forearm-195a396a.png,3,/fine_line_tattoos_las_vegas_master_authority_guide/ | /healed_fine_line_tattoos_las_vegas/ | /studio_gallery/,Shared branding/studio asset,ALLOW_SHARED
/studio_gallery/beauty-script-roses-inner-forearm-195a396a.webp,3,/fine_line_tattoos_las_vegas_master_authority_guide/ | /healed_fine_line_tattoos_las_vegas/ | /studio_gallery/,Shared branding/studio asset,ALLOW_SHARED
/studio_gallery/client-portrait-with-septum-piercings-3f1329cc.png,3,/artists/katelyn-cole/ | /septum_piercing_las_vegas_authority_guide/ | /studio_gallery/,Shared branding/studio asset,ALLOW_SHARED
/studio_gallery/client-portrait-with-septum-piercings-3f1329cc.webp,3,/artists/katelyn-cole/ | /septum_piercing_las_vegas_authority_guide/ | /studio_gallery/,Shared branding/studio asset,ALLOW_SHARED
/studio_gallery/conch-and-lobe-piercing-smile-f1da8b6f.png,3,/artists/katelyn-cole/ | /ear_lobe_piercing_las_vegas_authority_guide/ | /studio_gallery/,Shared branding/studio asset,ALLOW_SHARED
/studio_gallery/conch-and-lobe-piercing-smile-f1da8b6f.webp,3,/artists/katelyn-cole/ | /ear_lobe_piercing_las_vegas_authority_guide/ | /studio_gallery/,Shared branding/studio asset,ALLOW_SHARED
/studio_gallery/ear-curation-work-eb7d2939.png,3,/artists/katelyn-cole/ | /ear_curation_piercing_las_vegas_authority_guide/ | /studio_gallery/,Shared branding/studio asset,ALLOW_SHARED
/studio_gallery/ear-curation-work-eb7d2939.webp,3,/artists/katelyn-cole/ | /ear_curation_piercing_las_vegas_authority_guide/ | /studio_gallery/,Shared branding/studio asset,ALLOW_SHARED
/studio_gallery/ear-lobe-piercing-session-da19eec5.png,3,/ear_lobe_piercing_las_vegas_authority_guide/ | /studio_gallery/ | /upper_lobe_piercing_las_vegas_authority_guide/,Shared branding/studio asset,ALLOW_SHARED
/studio_gallery/ear-lobe-piercing-session-da19eec5.webp,3,/ear_lobe_piercing_las_vegas_authority_guide/ | /studio_gallery/ | /upper_lobe_piercing_las_vegas_authority_guide/,Shared branding/studio asset,ALLOW_SHARED
/studio_gallery/fine-line-howling-werewolf-ankle-7ea2af20.png,3,/fine_line_tattoos_las_vegas_master_authority_guide/ | /healed_fine_line_tattoos_las_vegas/ | /studio_gallery/,Shared branding/studio asset,ALLOW_SHARED
/studio_gallery/fine-line-howling-werewolf-ankle-7ea2af20.webp,3,/fine_line_tattoos_las_vegas_master_authority_guide/ | /healed_fine_line_tattoos_las_vegas/ | /studio_gallery/,Shared branding/studio asset,ALLOW_SHARED
/studio_gallery/helix-and-starburst-lobe-piercings-f002f0c4.png,3,/artists/katelyn-cole/ | /helix-piercing-las-vegas/ | /studio_gallery/,Shared branding/studio asset,ALLOW_SHARED
/studio_gallery/helix-and-starburst-lobe-piercings-f002f0c4.webp,3,/artists/katelyn-cole/ | /helix-piercing-las-vegas/ | /studio_gallery/,Shared branding/studio asset,ALLOW_SHARED
/studio_gallery/septum-piercing-session-in-studio-07aad378.png,3,/artists/katelyn-cole/ | /septum_piercing_las_vegas_authority_guide/ | /studio_gallery/,Shared branding/studio asset,ALLOW_SHARED
/studio_gallery/septum-piercing-session-in-studio-07aad378.webp,3,/artists/katelyn-cole/ | /septum_piercing_las_vegas_authority_guide/ | /studio_gallery/,Shared branding/studio asset,ALLOW_SHARED
/artists/joshua-cole/joshua-cole-portrait-las-vegas.webp,2,/artists/ | /artists/joshua-cole/,Use only where the asset directly proves the page intent,KEEP
/artists/katelyn-cole/katelyn-cole-professional-piercer-ear-curation-no-duplicates-las-vegas.jpg,2,/ | /artists/katelyn-cole/,Use only where the asset directly proves the page intent,KEEP
/artists/katelyn-cole/katelyn-cole-professional-piercer-ear-curation-no-duplicates-las-vegas.webp,2,/artists/katelyn-cole/ | /piercing-specials-las-vegas/,Use only where the asset directly proves the page intent,KEEP
/artists/katelyn-cole/piercing-portfolio/katelyn-nostril-piercing-05.webp,2,/high_nostril_piercing_las_vegas_authority_guide/ | /nostril_piercing_las_vegas_authority_guide/,Use only where the asset directly proves the page intent,KEEP
/artists/katelyn-cole/piercing-portfolio/katelyn-nostril-piercing-06.webp,2,/high_nostril_piercing_las_vegas_authority_guide/ | /nostril_piercing_las_vegas_authority_guide/,Use only where the asset directly proves the page intent,KEEP
/artists/katelyn-cole/piercing-portfolio/katelyn-nostril-piercing-07.webp,2,/high_nostril_piercing_las_vegas_authority_guide/ | /nostril_piercing_las_vegas_authority_guide/,Use only where the asset directly proves the page intent,KEEP
/artists/katelyn-cole/piercing-portfolio/katelyn-nostril-piercing-08.webp,2,/high_nostril_piercing_las_vegas_authority_guide/ | /nostril_piercing_las_vegas_authority_guide/,Use only where the asset directly proves the page intent,KEEP
/artists/teralyn/teralyn-fine-line-tattoo-artist-las-vegas-400.webp,2,/ | /artists/teralyn/,Use only where the asset directly proves the page intent,KEEP
/home_work_of_art_tattoo_piercing/client-portfolio/black-grey-portrait-script-text-lower-arm-las-vegas.webp,2,/tattoo_shop_near_mgm_grand_las_vegas/ | /tattoo_shop_near_the_sphere_las_vegas/,Use only where the asset directly proves the page intent,KEEP
/leave-a-review/google-review-qr-code-nfc-sign-work-of-art-tattoo.png,2,/leave-a-review/ | /reviews/,Use only where the asset directly proves the page intent,KEEP
/piercing-specials-las-vegas/nipple-piercing-special-45-jewelry-included-las-vegas-480.jpg,2,/artists/katelyn-cole/ | /piercing-specials-las-vegas/,Use only where the asset directly proves the page intent,KEEP
/piercing-specials-las-vegas/nipple-piercing-special-45-jewelry-included-las-vegas-480.webp,2,/artists/katelyn-cole/ | /piercing-specials-las-vegas/,Use only where the asset directly proves the page intent,KEEP
/piercing-specials-las-vegas/nipple-piercing-special-45-jewelry-included-las-vegas.webp,2,/artists/katelyn-cole/ | /piercing-specials-las-vegas/,Use only where the asset directly proves the page intent,KEEP
/studio_gallery/cross-eye-skull-forearm-stack-5bc3d948.png,2,/healed_tattoo_gallery_las_vegas/ | /studio_gallery/,Shared branding/studio asset,ALLOW_SHARED
/studio_gallery/cross-eye-skull-forearm-stack-5bc3d948.webp,2,/healed_tattoo_gallery_las_vegas/ | /studio_gallery/,Shared branding/studio asset,ALLOW_SHARED
/studio_gallery/ear-piercing-in-studio-69c261af.png,2,/artists/katelyn-cole/ | /studio_gallery/,Shared branding/studio asset,ALLOW_SHARED
/studio_gallery/ear-piercing-in-studio-69c261af.webp,2,/artists/katelyn-cole/ | /studio_gallery/,Shared branding/studio asset,ALLOW_SHARED
/studio_gallery/fine-line-ankle-tattoos-trio-ee57f2a6.png,2,/fine_line_tattoos_las_vegas_master_authority_guide/ | /studio_gallery/,Shared branding/studio asset,ALLOW_SHARED
/studio_gallery/fine-line-ankle-tattoos-trio-ee57f2a6.webp,2,/fine_line_tattoos_las_vegas_master_authority_guide/ | /studio_gallery/,Shared branding/studio asset,ALLOW_SHARED
/studio_gallery/industrial-bar-and-decorative-hoop-a704b2d4.png,2,/artists/katelyn-cole/ | /studio_gallery/,Shared branding/studio asset,ALLOW_SHARED
/studio_gallery/industrial-bar-and-decorative-hoop-a704b2d4.webp,2,/artists/katelyn-cole/ | /studio_gallery/,Shared branding/studio asset,ALLOW_SHARED
/studio_gallery/joshua-cole-fine-line-ankle-work-55a4538d.png,2,/artists/joshua-cole/ | /studio_gallery/,Shared branding/studio asset,ALLOW_SHARED
/studio_gallery/joshua-cole-fine-line-ankle-work-55a4538d.webp,2,/artists/joshua-cole/ | /studio_gallery/,Shared branding/studio asset,ALLOW_SHARED
/studio_gallery/joshua-cole-geometric-forearm-stencil-83be4284.png,2,/artists/joshua-cole/ | /studio_gallery/,Shared branding/studio asset,ALLOW_SHARED
/studio_gallery/joshua-cole-geometric-forearm-stencil-83be4284.webp,2,/artists/joshua-cole/ | /studio_gallery/,Shared branding/studio asset,ALLOW_SHARED
/studio_gallery/joshua-cole-head-tattoo-session-f76aeef5.png,2,/artists/joshua-cole/ | /studio_gallery/,Shared branding/studio asset,ALLOW_SHARED
/studio_gallery/joshua-cole-head-tattoo-session-f76aeef5.webp,2,/artists/joshua-cole/ | /studio_gallery/,Shared branding/studio asset,ALLOW_SHARED
/studio_gallery/joshua-cole-tattooing-client-forearm-7ac4181a.png,2,/artists/joshua-cole/ | /studio_gallery/,Shared branding/studio asset,ALLOW_SHARED
/studio_gallery/joshua-cole-tattooing-client-forearm-7ac4181a.webp,2,/artists/joshua-cole/ | /studio_gallery/,Shared branding/studio asset,ALLOW_SHARED
/studio_gallery/joshua-tattooing-lyric-piece-67f63f8a.png,2,/artists/joshua-cole/ | /studio_gallery/,Shared branding/studio asset,ALLOW_SHARED
/studio_gallery/joshua-tattooing-lyric-piece-67f63f8a.webp,2,/artists/joshua-cole/ | /studio_gallery/,Shared branding/studio asset,ALLOW_SHARED
/studio_gallery/piercing-setup-in-studio-6ab88a11.png,2,/artists/katelyn-cole/ | /studio_gallery/,Shared branding/studio asset,ALLOW_SHARED
/studio_gallery/piercing-setup-in-studio-6ab88a11.webp,2,/artists/katelyn-cole/ | /studio_gallery/,Shared branding/studio asset,ALLOW_SHARED
/studio_gallery/studio-session-in-progress-f39790c4.png,2,/artists/joshua-cole/ | /studio_gallery/,Shared branding/studio asset,ALLOW_SHARED
/studio_gallery/studio-session-in-progress-f39790c4.webp,2,/artists/joshua-cole/ | /studio_gallery/,Shared branding/studio asset,ALLOW_SHARED
/studio_gallery/tattoo-session-in-progress-70837687.png,2,/artists/joshua-cole/ | /studio_gallery/,Shared branding/studio asset,ALLOW_SHARED
/studio_gallery/tattoo-session-in-progress-70837687.webp,2,/artists/joshua-cole/ | /studio_gallery/,Shared branding/studio asset,ALLOW_SHARED
/artists/joshua-cole/joshua-cole-portrait-las-vegas-400.webp,1,/,Use only where the asset directly proves the page intent,KEEP
/artists/katelyn-cole/katelyn-cole-master-body-piercer-ear-curation-no-duplicates-las-vegas.jpg,1,/artists/,Use only where the asset directly proves the page intent,KEEP
/artists/katelyn-cole/katelyn-cole-master-body-piercer-ear-curation-no-duplicates-las-vegas.webp,1,/artists/,Use only where the asset directly proves the page intent,KEEP
/artists/katelyn-cole/katelyn-cole-professional-piercer-ear-curation-no-duplicates-las-vegas-400.webp,1,/,Use only where the asset directly proves the page intent,KEEP
/artists/katelyn-cole/piercing-portfolio/katelyn-navel-piercing-02.webp,1,/navel_piercing_las_vegas_authority_guide/,Use only where the asset directly proves the page intent,KEEP
/artists/katelyn-cole/piercing-portfolio/katelyn-septum-piercing-02.webp,1,/septum_piercing_las_vegas_authority_guide/,Use only where the asset directly proves the page intent,KEEP
/artists/katelyn-cole/piercing-portfolio/katelyn-septum-piercing-03.webp,1,/septum_piercing_las_vegas_authority_guide/,Use only where the asset directly proves the page intent,KEEP
/artists/teralyn/teralyn-fine-line-tattoo-artist-las-vegas.webp,1,/artists/,Use only where the asset directly proves the page intent,KEEP
/artists_joshua_cole_assets/joshua-gallery-02300d8759.webp,1,/artists/joshua-cole/,Use only where the asset directly proves the page intent,KEEP
/artists_joshua_cole_assets/joshua-gallery-0397f6014e.webp,1,/artists/joshua-cole/,Use only where the asset directly proves the page intent,KEEP
/artists_joshua_cole_assets/joshua-gallery-070cb7dfa8.webp,1,/artists/joshua-cole/,Use only where the asset directly proves the page intent,KEEP
/artists_joshua_cole_assets/joshua-gallery-0dc02c7d6e.webp,1,/artists/joshua-cole/,Use only where the asset directly proves the page intent,KEEP
/artists_joshua_cole_assets/joshua-gallery-2895301b9b.webp,1,/artists/joshua-cole/,Use only where the asset directly proves the page intent,KEEP
/artists_joshua_cole_assets/joshua-gallery-2b75e1331a.webp,1,/artists/joshua-cole/,Use only where the asset directly proves the page intent,KEEP
/artists_joshua_cole_assets/joshua-gallery-2d823e1b55.webp,1,/artists/joshua-cole/,Use only where the asset directly proves the page intent,KEEP
/artists_joshua_cole_assets/joshua-gallery-31f7221ef2.webp,1,/artists/joshua-cole/,Use only where the asset directly proves the page intent,KEEP
/artists_joshua_cole_assets/joshua-gallery-368252bf21.webp,1,/artists/joshua-cole/,Use only where the asset directly proves the page intent,KEEP
/artists_joshua_cole_assets/joshua-gallery-37355c598c.webp,1,/artists/joshua-cole/,Use only where the asset directly proves the page intent,KEEP
/artists_joshua_cole_assets/joshua-gallery-42f298df36.webp,1,/artists/joshua-cole/,Use only where the asset directly proves the page intent,KEEP
/artists_joshua_cole_assets/joshua-gallery-515aa9c54a.webp,1,/artists/joshua-cole/,Use only where the asset directly proves the page intent,KEEP
/artists_joshua_cole_assets/joshua-gallery-552bef5522.webp,1,/artists/joshua-cole/,Use only where the asset directly proves the page intent,KEEP
/artists_joshua_cole_assets/joshua-gallery-5f2fa20717.webp,1,/artists/joshua-cole/,Use only where the asset directly proves the page intent,KEEP
/artists_joshua_cole_assets/joshua-gallery-61bc84bd92.webp,1,/artists/joshua-cole/,Use only where the asset directly proves the page intent,KEEP
/artists_joshua_cole_assets/joshua-gallery-6490d39d93.webp,1,/artists/joshua-cole/,Use only where the asset directly proves the page intent,KEEP
/artists_joshua_cole_assets/joshua-gallery-6f59448ae0.webp,1,/artists/joshua-cole/,Use only where the asset directly proves the page intent,KEEP
/artists_joshua_cole_assets/joshua-gallery-71486a5a14.webp,1,/artists/joshua-cole/,Use only where the asset directly proves the page intent,KEEP
/artists_joshua_cole_assets/joshua-gallery-7583471087.webp,1,/artists/joshua-cole/,Use only where the asset directly proves the page intent,KEEP
/artists_joshua_cole_assets/joshua-gallery-90b52eb7c0.webp,1,/artists/joshua-cole/,Use only where the asset directly proves the page intent,KEEP
/artists_joshua_cole_assets/joshua-gallery-92378cefb5.webp,1,/artists/joshua-cole/,Use only where the asset directly proves the page intent,KEEP
/artists_joshua_cole_assets/joshua-gallery-9eacd7129b.webp,1,/artists/joshua-cole/,Use only where the asset directly proves the page intent,KEEP
/artists_joshua_cole_assets/joshua-gallery-aca04102e2.webp,1,/artists/joshua-cole/,Use only where the asset directly proves the page intent,KEEP
/artists_joshua_cole_assets/joshua-gallery-b7919f2700.webp,1,/artists/joshua-cole/,Use only where the asset directly proves the page intent,KEEP
/artists_joshua_cole_assets/joshua-gallery-b91384cd56.webp,1,/artists/joshua-cole/,Use only where the asset directly proves the page intent,KEEP
/artists_joshua_cole_assets/joshua-gallery-b9f79f925d.webp,1,/artists/joshua-cole/,Use only where the asset directly proves the page intent,KEEP
/artists_joshua_cole_assets/joshua-gallery-bc19ea8f07.webp,1,/artists/joshua-cole/,Use only where the asset directly proves the page intent,KEEP
/artists_joshua_cole_assets/joshua-gallery-c6fcc65d93.webp,1,/artists/joshua-cole/,Use only where the asset directly proves the page intent,KEEP
/artists_joshua_cole_assets/joshua-gallery-d63190ac46.webp,1,/artists/joshua-cole/,Use only where the asset directly proves the page intent,KEEP
/artists_joshua_cole_assets/joshua-gallery-de012c23c6.webp,1,/artists/joshua-cole/,Use only where the asset directly proves the page intent,KEEP
/artists_joshua_cole_assets/joshua-gallery-de59e9d42e.webp,1,/artists/joshua-cole/,Use only where the asset directly proves the page intent,KEEP
/artists_joshua_cole_assets/joshua-gallery-fbc822e305.webp,1,/artists/joshua-cole/,Use only where the asset directly proves the page intent,KEEP
/artists_joshua_cole_assets/joshua-gallery-fca07f48a6.webp,1,/artists/joshua-cole/,Use only where the asset directly proves the page intent,KEEP
/artists_joshua_cole_assets/joshua-gallery-fe189dd2d6.webp,1,/artists/joshua-cole/,Use only where the asset directly proves the page intent,KEEP
/artists_joshua_cole_assets/joshua-gallery-fe37529b7c.webp,1,/artists/joshua-cole/,Use only where the asset directly proves the page intent,KEEP
/cover-up-tattoos-las-vegas/angel-money-black-grey-tattoo-redesign-las-vegas-800.jpg,1,/cover-up-tattoos-las-vegas/,Use only where the asset directly proves the page intent,KEEP
/cover-up-tattoos-las-vegas/angel-money-black-grey-tattoo-redesign-las-vegas-800.webp,1,/cover-up-tattoos-las-vegas/,Use only where the asset directly proves the page intent,KEEP
/cover-up-tattoos-las-vegas/angel-money-black-grey-tattoo-redesign-las-vegas.jpg,1,/cover-up-tattoos-las-vegas/,Use only where the asset directly proves the page intent,KEEP
/cover-up-tattoos-las-vegas/black-grey-skull-crown-rose-rework-las-vegas-800.jpg,1,/cover-up-tattoos-las-vegas/,Use only where the asset directly proves the page intent,KEEP
/cover-up-tattoos-las-vegas/black-grey-skull-crown-rose-rework-las-vegas-800.webp,1,/cover-up-tattoos-las-vegas/,Use only where the asset directly proves the page intent,KEEP
/cover-up-tattoos-las-vegas/black-grey-skull-crown-rose-rework-las-vegas.jpg,1,/cover-up-tattoos-las-vegas/,Use only where the asset directly proves the page intent,KEEP
/cover-up-tattoos-las-vegas/blue-butterfly-color-tattoo-rework-las-vegas-800.jpg,1,/cover-up-tattoos-las-vegas/,Use only where the asset directly proves the page intent,KEEP
/cover-up-tattoos-las-vegas/blue-butterfly-color-tattoo-rework-las-vegas-800.webp,1,/cover-up-tattoos-las-vegas/,Use only where the asset directly proves the page intent,KEEP
/cover-up-tattoos-las-vegas/blue-butterfly-color-tattoo-rework-las-vegas.jpg,1,/cover-up-tattoos-las-vegas/,Use only where the asset directly proves the page intent,KEEP
/cover-up-tattoos-las-vegas/color-dragon-tattoo-redesign-las-vegas-800.jpg,1,/cover-up-tattoos-las-vegas/,Use only where the asset directly proves the page intent,KEEP
/cover-up-tattoos-las-vegas/color-dragon-tattoo-redesign-las-vegas-800.webp,1,/cover-up-tattoos-las-vegas/,Use only where the asset directly proves the page intent,KEEP
/cover-up-tattoos-las-vegas/color-dragon-tattoo-redesign-las-vegas.jpg,1,/cover-up-tattoos-las-vegas/,Use only where the asset directly proves the page intent,KEEP
/cover-up-tattoos-las-vegas/cover-up-tattoo-phoenix-hand-las-vegas-after.png,1,/healed_cover_up_tattoos_las_vegas/,Use only where the asset directly proves the page intent,KEEP
/cover-up-tattoos-las-vegas/dark-pigment-black-grey-wing-eye-rework-las-vegas-800.jpg,1,/cover-up-tattoos-las-vegas/,Use only where the asset directly proves the page intent,KEEP
/cover-up-tattoos-las-vegas/dark-pigment-black-grey-wing-eye-rework-las-vegas-800.webp,1,/cover-up-tattoos-las-vegas/,Use only where the asset directly proves the page intent,KEEP
/cover-up-tattoos-las-vegas/dark-pigment-black-grey-wing-eye-rework-las-vegas.jpg,1,/cover-up-tattoos-las-vegas/,Use only where the asset directly proves the page intent,KEEP
/cover-up-tattoos-las-vegas/floral-tattoo-cover-up-before-after-las-vegas-800.jpg,1,/cover-up-tattoos-las-vegas/,Use only where the asset directly proves the page intent,KEEP
/cover-up-tattoos-las-vegas/floral-tattoo-cover-up-before-after-las-vegas-800.webp,1,/cover-up-tattoos-las-vegas/,Use only where the asset directly proves the page intent,KEEP
/cover-up-tattoos-las-vegas/floral-tattoo-cover-up-before-after-las-vegas.jpg,1,/cover-up-tattoos-las-vegas/,Use only where the asset directly proves the page intent,KEEP
/cover-up-tattoos-las-vegas/healed-black-grey-chain-heart-tattoo.png,1,/healed_cover_up_tattoos_las_vegas/,Use only where the asset directly proves the page intent,KEEP
/cover-up-tattoos-las-vegas/healed-black-grey-chain-heart-tattoo.webp,1,/healed_cover_up_tattoos_las_vegas/,Use only where the asset directly proves the page intent,KEEP
/cover-up-tattoos-las-vegas/healed-realism-seraphim-eye-wings-tattoo.png,1,/healed_cover_up_tattoos_las_vegas/,Use only where the asset directly proves the page intent,KEEP
/cover-up-tattoos-las-vegas/healed-realism-seraphim-eye-wings-tattoo.webp,1,/healed_cover_up_tattoos_las_vegas/,Use only where the asset directly proves the page intent,KEEP
/cover-up-tattoos-las-vegas/large-scale-arm-rework-praying-hands-rose-las-vegas-800.jpg,1,/cover-up-tattoos-las-vegas/,Use only where the asset directly proves the page intent,KEEP
/cover-up-tattoos-las-vegas/large-scale-arm-rework-praying-hands-rose-las-vegas-800.webp,1,/cover-up-tattoos-las-vegas/,Use only where the asset directly proves the page intent,KEEP
/cover-up-tattoos-las-vegas/large-scale-arm-rework-praying-hands-rose-las-vegas.jpg,1,/cover-up-tattoos-las-vegas/,Use only where the asset directly proves the page intent,KEEP
/cover-up-tattoos-las-vegas/large-scale-arm-rework-viking-portrait-alt-view-las-vegas-800.jpg,1,/cover-up-tattoos-las-vegas/,Use only where the asset directly proves the page intent,KEEP
/cover-up-tattoos-las-vegas/large-scale-arm-rework-viking-portrait-alt-view-las-vegas-800.webp,1,/cover-up-tattoos-las-vegas/,Use only where the asset directly proves the page intent,KEEP
/cover-up-tattoos-las-vegas/large-scale-arm-rework-viking-portrait-alt-view-las-vegas.jpg,1,/cover-up-tattoos-las-vegas/,Use only where the asset directly proves the page intent,KEEP
/cover-up-tattoos-las-vegas/neck-butterfly-corrective-tattoo-work-las-vegas-800.jpg,1,/cover-up-tattoos-las-vegas/,Use only where the asset directly proves the page intent,KEEP
/cover-up-tattoos-las-vegas/neck-butterfly-corrective-tattoo-work-las-vegas-800.webp,1,/cover-up-tattoos-las-vegas/,Use only where the asset directly proves the page intent,KEEP
/cover-up-tattoos-las-vegas/neck-butterfly-corrective-tattoo-work-las-vegas.jpg,1,/cover-up-tattoos-las-vegas/,Use only where the asset directly proves the page intent,KEEP
/flash_art_deals_under_100/flash-animal-geometric-sheet.png,1,/flash_art_deals_under_100/,Use only where the asset directly proves the page intent,KEEP
/flash_art_deals_under_100/flash-animal-geometric-sheet.webp,1,/flash_art_deals_under_100/,Use only where the asset directly proves the page intent,KEEP
/flash_art_deals_under_100/flash-botanical-celestial-sheet.png,1,/flash_art_deals_under_100/,Use only where the asset directly proves the page intent,KEEP
/flash_art_deals_under_100/flash-botanical-celestial-sheet.webp,1,/flash_art_deals_under_100/,Use only where the asset directly proves the page intent,KEEP
/flash_art_deals_under_100/flash-color-potion-sheet.png,1,/flash_art_deals_under_100/,Use only where the asset directly proves the page intent,KEEP
/flash_art_deals_under_100/flash-color-potion-sheet.webp,1,/flash_art_deals_under_100/,Use only where the asset directly proves the page intent,KEEP
/flash_art_deals_under_100/flash-dagger-skull-rose-sheet.png,1,/flash_art_deals_under_100/,Use only where the asset directly proves the page intent,KEEP
/flash_art_deals_under_100/flash-dagger-skull-rose-sheet.webp,1,/flash_art_deals_under_100/,Use only where the asset directly proves the page intent,KEEP
/flash_art_deals_under_100/flash-feather-charms-sheet.png,1,/flash_art_deals_under_100/,Use only where the asset directly proves the page intent,KEEP
/flash_art_deals_under_100/flash-feather-charms-sheet.webp,1,/flash_art_deals_under_100/,Use only where the asset directly proves the page intent,KEEP
/flash_art_deals_under_100/flash-fine-line-symbolic-sheet.png,1,/flash_art_deals_under_100/,Use only where the asset directly proves the page intent,KEEP
/flash_art_deals_under_100/flash-fine-line-symbolic-sheet.webp,1,/flash_art_deals_under_100/,Use only where the asset directly proves the page intent,KEEP
/flash_art_deals_under_100/flash-floral-classic-4-sheet.png,1,/flash_art_deals_under_100/,Use only where the asset directly proves the page intent,KEEP
/flash_art_deals_under_100/flash-floral-classic-4-sheet.webp,1,/flash_art_deals_under_100/,Use only where the asset directly proves the page intent,KEEP
/flash_art_deals_under_100/flash-floral-duo-sheet.png,1,/flash_art_deals_under_100/,Use only where the asset directly proves the page intent,KEEP
/flash_art_deals_under_100/flash-floral-duo-sheet.webp,1,/flash_art_deals_under_100/,Use only where the asset directly proves the page intent,KEEP
/flash_art_deals_under_100/flash-gothic-nature-sheet.png,1,/flash_art_deals_under_100/,Use only where the asset directly proves the page intent,KEEP
/flash_art_deals_under_100/flash-gothic-nature-sheet.webp,1,/flash_art_deals_under_100/,Use only where the asset directly proves the page intent,KEEP
/flash_art_deals_under_100/flash-insect-crystal-sheet.png,1,/flash_art_deals_under_100/,Use only where the asset directly proves the page intent,KEEP
/flash_art_deals_under_100/flash-insect-crystal-sheet.webp,1,/flash_art_deals_under_100/,Use only where the asset directly proves the page intent,KEEP
/flash_art_deals_under_100/flash-mantis-mystical-sheet.png,1,/flash_art_deals_under_100/,Use only where the asset directly proves the page intent,KEEP
/flash_art_deals_under_100/flash-mantis-mystical-sheet.webp,1,/flash_art_deals_under_100/,Use only where the asset directly proves the page intent,KEEP
/flash_art_deals_under_100/flash-mystical-nature-4-sheet.png,1,/flash_art_deals_under_100/,Use only where the asset directly proves the page intent,KEEP
/flash_art_deals_under_100/flash-mystical-nature-4-sheet.webp,1,/flash_art_deals_under_100/,Use only where the asset directly proves the page intent,KEEP
/flash_art_deals_under_100/flash-potion-bottles-sheet.png,1,/flash_art_deals_under_100/,Use only where the asset directly proves the page intent,KEEP
/flash_art_deals_under_100/flash-potion-bottles-sheet.webp,1,/flash_art_deals_under_100/,Use only where the asset directly proves the page intent,KEEP
/flash_art_deals_under_100/flash-skull-insect-sheet.png,1,/flash_art_deals_under_100/,Use only where the asset directly proves the page intent,KEEP
/flash_art_deals_under_100/flash-skull-insect-sheet.webp,1,/flash_art_deals_under_100/,Use only where the asset directly proves the page intent,KEEP
/flash_art_deals_under_100/flash-traditional-blackwork-sheet.png,1,/flash_art_deals_under_100/,Use only where the asset directly proves the page intent,KEEP
/flash_art_deals_under_100/flash-traditional-blackwork-sheet.webp,1,/flash_art_deals_under_100/,Use only where the asset directly proves the page intent,KEEP
/flash_art_deals_under_100/flash-wine-lovers-sheet.png,1,/flash_art_deals_under_100/,Use only where the asset directly proves the page intent,KEEP
/flash_art_deals_under_100/flash-wine-lovers-sheet.webp,1,/flash_art_deals_under_100/,Use only where the asset directly proves the page intent,KEEP
/healed_tattoo_gallery_las_vegas/eagle-memorial-calf-healed-tattoo-las-vegas-400.webp,1,/,Use only where the asset directly proves the page intent,KEEP
/healed_tattoo_gallery_las_vegas/eagle-memorial-calf-healed-tattoo-las-vegas.png,1,/,Use only where the asset directly proves the page intent,KEEP
/healed_tattoo_gallery_las_vegas/fresh-eagle-memorial-calf-tattoo-las-vegas-400.webp,1,/,Use only where the asset directly proves the page intent,KEEP
/healed_tattoo_gallery_las_vegas/fresh-eagle-memorial-calf-tattoo-las-vegas.png,1,/,Use only where the asset directly proves the page intent,KEEP
/healed_tattoo_gallery_las_vegas/fresh-roaring-lion-thigh-black-grey-joshua-cole-las-vegas-400.webp,1,/,Use only where the asset directly proves the page intent,KEEP
/healed_tattoo_gallery_las_vegas/healed-1-year-cross-eye-skull-brown-skin-joshua-cole-las-vegas.png,1,/healed_tattoo_gallery_las_vegas/,Use only where the asset directly proves the page intent,KEEP
/healed_tattoo_gallery_las_vegas/healed-1-year-cross-eye-skull-brown-skin-joshua-cole-las-vegas.webp,1,/healed_tattoo_gallery_las_vegas/,Use only where the asset directly proves the page intent,KEEP
/healed_tattoo_gallery_las_vegas/healed-1-year-cross-eye-skull-forearm-portrait-joshua-cole-las-vegas.png,1,/healed_tattoo_gallery_las_vegas/,Use only where the asset directly proves the page intent,KEEP
/healed_tattoo_gallery_las_vegas/healed-1-year-cross-eye-skull-forearm-portrait-joshua-cole-las-vegas.webp,1,/healed_tattoo_gallery_las_vegas/,Use only where the asset directly proves the page intent,KEEP
/healed_tattoo_gallery_las_vegas/healed-1-year-cross-eye-skull-full-length-joshua-cole-las-vegas.png,1,/healed_tattoo_gallery_las_vegas/,Use only where the asset directly proves the page intent,KEEP
/healed_tattoo_gallery_las_vegas/healed-1-year-cross-eye-skull-full-length-joshua-cole-las-vegas.webp,1,/healed_tattoo_gallery_las_vegas/,Use only where the asset directly proves the page intent,KEEP
/healed_tattoo_gallery_las_vegas/healed-1-year-cross-eye-skull-inner-arm-full-joshua-cole-las-vegas.png,1,/healed_tattoo_gallery_las_vegas/,Use only where the asset directly proves the page intent,KEEP
/healed_tattoo_gallery_las_vegas/healed-1-year-cross-eye-skull-inner-arm-full-joshua-cole-las-vegas.webp,1,/healed_tattoo_gallery_las_vegas/,Use only where the asset directly proves the page intent,KEEP
/healed_tattoo_gallery_las_vegas/healed-1-year-cross-eye-skull-inner-forearm-joshua-cole-las-vegas.png,1,/healed_tattoo_gallery_las_vegas/,Use only where the asset directly proves the page intent,KEEP
/healed_tattoo_gallery_las_vegas/healed-1-year-cross-eye-skull-inner-forearm-joshua-cole-las-vegas.webp,1,/healed_tattoo_gallery_las_vegas/,Use only where the asset directly proves the page intent,KEEP
/healed_tattoo_gallery_las_vegas/healed-1-year-realistic-eye-skull-forearm-joshua-cole-las-vegas.png,1,/healed_tattoo_gallery_las_vegas/,Use only where the asset directly proves the page intent,KEEP
/healed_tattoo_gallery_las_vegas/healed-1-year-realistic-eye-skull-forearm-joshua-cole-las-vegas.webp,1,/healed_tattoo_gallery_las_vegas/,Use only where the asset directly proves the page intent,KEEP
/healed_tattoo_gallery_las_vegas/healed-1-year-skull-eye-forearm-closeup-joshua-cole-las-vegas.png,1,/healed_tattoo_gallery_las_vegas/,Use only where the asset directly proves the page intent,KEEP
/healed_tattoo_gallery_las_vegas/healed-1-year-skull-eye-forearm-closeup-joshua-cole-las-vegas.webp,1,/healed_tattoo_gallery_las_vegas/,Use only where the asset directly proves the page intent,KEEP
/healed_tattoo_gallery_las_vegas/healed-1-year-skull-teeth-forearm-closeup-joshua-cole-las-vegas.png,1,/healed_tattoo_gallery_las_vegas/,Use only where the asset directly proves the page intent,KEEP
/healed_tattoo_gallery_las_vegas/healed-1-year-skull-teeth-forearm-closeup-joshua-cole-las-vegas.webp,1,/healed_tattoo_gallery_las_vegas/,Use only where the asset directly proves the page intent,KEEP
/healed_tattoo_gallery_las_vegas/healed-3-month-roaring-lion-thigh-joshua-cole-las-vegas-400.webp,1,/,Use only where the asset directly proves the page intent,KEEP
/healed_tattoo_gallery_las_vegas/healed-davy-jones-pirates-calf-portrait-joshua-cole-las-vegas.png,1,/healed_portrait_tattoos_las_vegas/,Use only where the asset directly proves the page intent,KEEP
/healed_tattoo_gallery_las_vegas/healed-davy-jones-pirates-calf-portrait-joshua-cole-las-vegas.webp,1,/healed_portrait_tattoos_las_vegas/,Use only where the asset directly proves the page intent,KEEP
/home_work_of_art_tattoo_piercing/client-portfolio/all-seeing-eye-triangle-forearm-realism-las-vegas-400.webp,1,/,Use only where the asset directly proves the page intent,KEEP
/home_work_of_art_tattoo_piercing/client-portfolio/all-seeing-eye-triangle-forearm-realism-las-vegas.png,1,/,Use only where the asset directly proves the page intent,KEEP
/home_work_of_art_tattoo_piercing/client-portfolio/black-grey-eagle-shoulder-realism-las-vegas.png,1,/realism-tattoos-las-vegas/,Use only where the asset directly proves the page intent,KEEP
/home_work_of_art_tattoo_piercing/client-portfolio/black-grey-eagle-shoulder-realism-las-vegas.webp,1,/realism-tattoos-las-vegas/,Use only where the asset directly proves the page intent,KEEP
/home_work_of_art_tattoo_piercing/client-portfolio/black-grey-skeleton-reaper-hand-realism-las-vegas.png,1,/realism-tattoos-las-vegas/,Use only where the asset directly proves the page intent,KEEP
/home_work_of_art_tattoo_piercing/client-portfolio/black-grey-skeleton-reaper-hand-realism-las-vegas.webp,1,/realism-tattoos-las-vegas/,Use only where the asset directly proves the page intent,KEEP
/home_work_of_art_tattoo_piercing/client-portfolio/black-grey-skull-hood-candle-realism-las-vegas.png,1,/realism-tattoos-las-vegas/,Use only where the asset directly proves the page intent,KEEP
/home_work_of_art_tattoo_piercing/client-portfolio/black-grey-warrior-profile-shoulder-realism-las-vegas-400.webp,1,/,Use only where the asset directly proves the page intent,KEEP
/home_work_of_art_tattoo_piercing/client-portfolio/black-grey-warrior-profile-shoulder-realism-las-vegas.png,1,/,Use only where the asset directly proves the page intent,KEEP
/home_work_of_art_tattoo_piercing/client-portfolio/color-parrot-cover-up-forearm-las-vegas.png,1,/healed_cover_up_tattoos_las_vegas/,Use only where the asset directly proves the page intent,KEEP
/home_work_of_art_tattoo_piercing/client-portfolio/color-parrot-cover-up-forearm-las-vegas.webp,1,/healed_cover_up_tattoos_las_vegas/,Use only where the asset directly proves the page intent,KEEP
/home_work_of_art_tattoo_piercing/client-portfolio/eagle-memorial-color-leg-tattoo-las-vegas-400.webp,1,/,Use only where the asset directly proves the page intent,KEEP
/home_work_of_art_tattoo_piercing/client-portfolio/eagle-memorial-color-leg-tattoo-las-vegas.png,1,/,Use only where the asset directly proves the page intent,KEEP
/home_work_of_art_tattoo_piercing/client-portfolio/egyptian-face-neck-realism-tattoo-las-vegas-400.webp,1,/,Use only where the asset directly proves the page intent,KEEP
/home_work_of_art_tattoo_piercing/client-portfolio/egyptian-face-neck-realism-tattoo-las-vegas.png,1,/,Use only where the asset directly proves the page intent,KEEP
/home_work_of_art_tattoo_piercing/client-portfolio/falling-angel-black-grey-realism-las-vegas-400.webp,1,/,Use only where the asset directly proves the page intent,KEEP
/home_work_of_art_tattoo_piercing/client-portfolio/falling-angel-black-grey-realism-las-vegas.png,1,/,Use only where the asset directly proves the page intent,KEEP
/home_work_of_art_tattoo_piercing/client-portfolio/fly-high-eagle-memorial-color-las-vegas-400.webp,1,/,Use only where the asset directly proves the page intent,KEEP
/home_work_of_art_tattoo_piercing/client-portfolio/fly-high-eagle-memorial-color-las-vegas.png,1,/,Use only where the asset directly proves the page intent,KEEP
/home_work_of_art_tattoo_piercing/client-portfolio/geometric-portrait-realism-sleeve-client-las-vegas.png,1,/healed_sleeve_tattoos_las_vegas/,Use only where the asset directly proves the page intent,KEEP
/home_work_of_art_tattoo_piercing/client-portfolio/geometric-portrait-realism-sleeve-client-las-vegas.webp,1,/healed_sleeve_tattoos_las_vegas/,Use only where the asset directly proves the page intent,KEEP
/home_work_of_art_tattoo_piercing/client-portfolio/norse-odin-viking-ship-sleeve-realism-las-vegas-400.webp,1,/,Use only where the asset directly proves the page intent,KEEP
/home_work_of_art_tattoo_piercing/client-portfolio/norse-odin-viking-ship-sleeve-realism-las-vegas.png,1,/,Use only where the asset directly proves the page intent,KEEP
/home_work_of_art_tattoo_piercing/client-portfolio/original-pennywise-drawing-las-vegas-400.webp,1,/,Use only where the asset directly proves the page intent,KEEP
/home_work_of_art_tattoo_piercing/client-portfolio/original-pennywise-drawing-las-vegas.png,1,/,Use only where the asset directly proves the page intent,KEEP
/home_work_of_art_tattoo_piercing/client-portfolio/original-portrait-drawing-graphite-las-vegas-400.webp,1,/,Use only where the asset directly proves the page intent,KEEP
/home_work_of_art_tattoo_piercing/client-portfolio/original-portrait-drawing-graphite-las-vegas.png,1,/,Use only where the asset directly proves the page intent,KEEP
/home_work_of_art_tattoo_piercing/client-portfolio/original-singer-portrait-drawing-las-vegas-400.webp,1,/,Use only where the asset directly proves the page intent,KEEP
/home_work_of_art_tattoo_piercing/client-portfolio/original-singer-portrait-drawing-las-vegas.png,1,/,Use only where the asset directly proves the page intent,KEEP
/home_work_of_art_tattoo_piercing/client-portfolio/portrait-legs-black-grey-realism-las-vegas-400.webp,1,/,Use only where the asset directly proves the page intent,KEEP
/home_work_of_art_tattoo_piercing/client-portfolio/portrait-legs-black-grey-realism-las-vegas.png,1,/,Use only where the asset directly proves the page intent,KEEP
/home_work_of_art_tattoo_piercing/client-portfolio/red-rose-memorial-name-tattoo-las-vegas-400.webp,1,/,Use only where the asset directly proves the page intent,KEEP
/home_work_of_art_tattoo_piercing/client-portfolio/red-rose-memorial-name-tattoo-las-vegas.png,1,/,Use only where the asset directly proves the page intent,KEEP
/home_work_of_art_tattoo_piercing/client-portfolio/veiled-woman-statue-black-grey-realism-las-vegas-400.webp,1,/,Use only where the asset directly proves the page intent,KEEP
/home_work_of_art_tattoo_piercing/client-portfolio/veiled-woman-statue-black-grey-realism-las-vegas.png,1,/,Use only where the asset directly proves the page intent,KEEP
/home_work_of_art_tattoo_piercing/hero-premium/hero-lion-thigh-realism-las-vegas.png,1,/realism-tattoos-las-vegas/,Use only where the asset directly proves the page intent,KEEP
/home_work_of_art_tattoo_piercing/hero-premium/hero-lion-thigh-realism-las-vegas.webp,1,/realism-tattoos-las-vegas/,Use only where the asset directly proves the page intent,KEEP
/home_work_of_art_tattoo_piercing/work-of-art-studio-banner-las-vegas.png,1,/,Shared branding/studio asset,ALLOW_SHARED
/home_work_of_art_tattoo_piercing/work-of-art-studio-banner-las-vegas.webp,1,/,Shared branding/studio asset,ALLOW_SHARED
/image_5_22_26_at_9.11_pm_1.png/professional-tattoo-artist-work-of-art-las-vegas-studio.png,1,/walk-in-tattoos-las-vegas/,Shared branding/studio asset,ALLOW_SHARED
/image_5_22_26_at_9.11_pm_1.png/professional-tattoo-artist-work-of-art-las-vegas-studio.webp,1,/walk-in-tattoos-las-vegas/,Shared branding/studio asset,ALLOW_SHARED
/img_3005.jpeg/tattoo-portfolio-las-vegas-3005.png,1,/realism-tattoos-las-vegas/,Use only where the asset directly proves the page intent,KEEP
/img_3005.jpeg/tattoo-portfolio-las-vegas-3005.webp,1,/realism-tattoos-las-vegas/,Use only where the asset directly proves the page intent,KEEP
/merchandise/colored-pencil-bridges-framed.jpg,1,/merchandise/,Use only where the asset directly proves the page intent,KEEP
/merchandise/colored-pencil-bridges-framed.webp,1,/merchandise/,Use only where the asset directly proves the page intent,KEEP
/merchandise/graphite-8x11-inquire.jpg,1,/merchandise/,Use only where the asset directly proves the page intent,KEEP
/merchandise/graphite-8x11-inquire.webp,1,/merchandise/,Use only where the asset directly proves the page intent,KEEP
/merchandise/graphite-archival-5x7-framed.jpg,1,/merchandise/,Use only where the asset directly proves the page intent,KEEP
/merchandise/graphite-archival-5x7-framed.webp,1,/merchandise/,Use only where the asset directly proves the page intent,KEEP
/merchandise/graphite-colored-pencil-hand-framed.jpg,1,/merchandise/,Use only where the asset directly proves the page intent,KEEP
/merchandise/graphite-colored-pencil-hand-framed.webp,1,/merchandise/,Use only where the asset directly proves the page intent,KEEP
/merchandise/graphite-drive-by-framed.jpg,1,/merchandise/,Use only where the asset directly proves the page intent,KEEP
/merchandise/graphite-drive-by-framed.webp,1,/merchandise/,Use only where the asset directly proves the page intent,KEEP
/merchandise/mixed-media-bristol-paper.png,1,/merchandise/,Use only where the asset directly proves the page intent,KEEP
/merchandise/mixed-media-bristol-paper.webp,1,/merchandise/,Use only where the asset directly proves the page intent,KEEP
/merchandise/prismacolor-bristol-211002a1.webp,1,/merchandise/,Use only where the asset directly proves the page intent,KEEP
/merchandise/prismacolor-bristol-6e3d8efa.webp,1,/merchandise/,Use only where the asset directly proves the page intent,KEEP
/merchandise/prismacolor-bristol-a7f622a6.webp,1,/merchandise/,Use only where the asset directly proves the page intent,KEEP
/merchandise/prismacolor-bristol-be3f887f.webp,1,/merchandise/,Use only where the asset directly proves the page intent,KEEP
/merchandise/watercolor-canvas-board-1.png,1,/merchandise/,Use only where the asset directly proves the page intent,KEEP
/merchandise/watercolor-canvas-board-1.webp,1,/merchandise/,Use only where the asset directly proves the page intent,KEEP
/merchandise/watercolor-canvas-board-2.png,1,/merchandise/,Use only where the asset directly proves the page intent,KEEP
/merchandise/watercolor-canvas-board-2.webp,1,/merchandise/,Use only where the asset directly proves the page intent,KEEP
/offsite_bookings/arrow-inner-forearm-tattoo-session-aa92f551.png,1,/offsite_bookings/,Use only where the asset directly proves the page intent,KEEP
/offsite_bookings/arrow-inner-forearm-tattoo-session-aa92f551.webp,1,/offsite_bookings/,Use only where the asset directly proves the page intent,KEEP
/offsite_bookings/arrow-tattoo-at-pink-table-780dc356.png,1,/offsite_bookings/,Use only where the asset directly proves the page intent,KEEP
/offsite_bookings/arrow-tattoo-at-pink-table-780dc356.webp,1,/offsite_bookings/,Use only where the asset directly proves the page intent,KEEP
/offsite_bookings/artist-prepares-offsite-supplies-38689c86.png,1,/offsite_bookings/,Use only where the asset directly proves the page intent,KEEP
/offsite_bookings/artist-prepares-offsite-supplies-38689c86.webp,1,/offsite_bookings/,Use only where the asset directly proves the page intent,KEEP
/offsite_bookings/artist-steadies-back-tattoo-skin-c61315df.png,1,/offsite_bookings/,Use only where the asset directly proves the page intent,KEEP
/offsite_bookings/artist-steadies-back-tattoo-skin-c61315df.webp,1,/offsite_bookings/,Use only where the asset directly proves the page intent,KEEP
/offsite_bookings/artist-tattoos-rose-under-banner-f7412ef2.png,1,/offsite_bookings/,Shared branding/studio asset,ALLOW_SHARED
/offsite_bookings/artist-tattoos-rose-under-banner-f7412ef2.webp,1,/offsite_bookings/,Shared branding/studio asset,ALLOW_SHARED
/offsite_bookings/artist-wipes-phoenix-back-tattoo-79958590.png,1,/offsite_bookings/,Use only where the asset directly proves the page intent,KEEP
/offsite_bookings/artist-wipes-phoenix-back-tattoo-79958590.webp,1,/offsite_bookings/,Use only where the asset directly proves the page intent,KEEP
/offsite_bookings/back-piece-over-faded-portrait-8074a709.png,1,/offsite_bookings/,Use only where the asset directly proves the page intent,KEEP
/offsite_bookings/back-piece-over-faded-portrait-8074a709.webp,1,/offsite_bookings/,Use only where the asset directly proves the page intent,KEEP
/offsite_bookings/bitcoin-logo-tattoo-68ecdecb.png,1,/offsite_bookings/,Shared branding/studio asset,ALLOW_SHARED
/offsite_bookings/bitcoin-logo-tattoo-68ecdecb.webp,1,/offsite_bookings/,Shared branding/studio asset,ALLOW_SHARED
/offsite_bookings/cleaning-fresh-back-tattoo-offsite-f3971885.png,1,/offsite_bookings/,Use only where the asset directly proves the page intent,KEEP
/offsite_bookings/cleaning-fresh-back-tattoo-offsite-f3971885.webp,1,/offsite_bookings/,Use only where the asset directly proves the page intent,KEEP
/offsite_bookings/client-films-arm-tattoo-on-pink-table-7b9c7784.png,1,/offsite_bookings/,Use only where the asset directly proves the page intent,KEEP
/offsite_bookings/client-films-arm-tattoo-on-pink-table-7b9c7784.webp,1,/offsite_bookings/,Use only where the asset directly proves the page intent,KEEP
/offsite_bookings/client-mirror-selfie-showing-tattoos-b2bed9b8.png,1,/offsite_bookings/,Use only where the asset directly proves the page intent,KEEP
/offsite_bookings/client-mirror-selfie-showing-tattoos-b2bed9b8.webp,1,/offsite_bookings/,Use only where the asset directly proves the page intent,KEEP
/offsite_bookings/client-poses-on-tattoo-chair-4bf878ad.png,1,/offsite_bookings/,Use only where the asset directly proves the page intent,KEEP
/offsite_bookings/client-poses-on-tattoo-chair-4bf878ad.webp,1,/offsite_bookings/,Use only where the asset directly proves the page intent,KEEP
/offsite_bookings/client-session-in-progress-b619edc6.png,1,/offsite_bookings/,Use only where the asset directly proves the page intent,KEEP
/offsite_bookings/client-session-in-progress-b619edc6.webp,1,/offsite_bookings/,Use only where the asset directly proves the page intent,KEEP
/offsite_bookings/close-up-temple-and-ear-tattoo-session-712ac10d.png,1,/offsite_bookings/,Use only where the asset directly proves the page intent,KEEP
/offsite_bookings/close-up-temple-and-ear-tattoo-session-712ac10d.webp,1,/offsite_bookings/,Use only where the asset directly proves the page intent,KEEP
/offsite_bookings/consultation-at-pink-offsite-table-aaf52d4f.png,1,/offsite_bookings/,Use only where the asset directly proves the page intent,KEEP
/offsite_bookings/consultation-at-pink-offsite-table-aaf52d4f.webp,1,/offsite_bookings/,Use only where the asset directly proves the page intent,KEEP
/offsite_bookings/crowd-gathers-at-vegas-venue-bc20f686.png,1,/offsite_bookings/,Use only where the asset directly proves the page intent,KEEP
/offsite_bookings/crowd-gathers-at-vegas-venue-bc20f686.webp,1,/offsite_bookings/,Use only where the asset directly proves the page intent,KEEP
/offsite_bookings/delicate-placement-work-8ede3196.png,1,/offsite_bookings/,Use only where the asset directly proves the page intent,KEEP
/offsite_bookings/delicate-placement-work-8ede3196.webp,1,/offsite_bookings/,Use only where the asset directly proves the page intent,KEEP
/offsite_bookings/design-consult-on-ipad-1a9b08fd.png,1,/offsite_bookings/,Use only where the asset directly proves the page intent,KEEP
/offsite_bookings/design-consult-on-ipad-1a9b08fd.webp,1,/offsite_bookings/,Use only where the asset directly proves the page intent,KEEP
/offsite_bookings/digital-tattoo-design-consult-on-tablet-ce39dee6.png,1,/offsite_bookings/,Use only where the asset directly proves the page intent,KEEP
/offsite_bookings/digital-tattoo-design-consult-on-tablet-ce39dee6.webp,1,/offsite_bookings/,Use only where the asset directly proves the page intent,KEEP
/offsite_bookings/ear-cartilage-tattoo-offsite-46be4419.png,1,/offsite_bookings/,Use only where the asset directly proves the page intent,KEEP
/offsite_bookings/ear-cartilage-tattoo-offsite-46be4419.webp,1,/offsite_bookings/,Use only where the asset directly proves the page intent,KEEP
/offsite_bookings/ear-tattoo-session-2026b305.png,1,/offsite_bookings/,Use only where the asset directly proves the page intent,KEEP
/offsite_bookings/ear-tattoo-session-2026b305.webp,1,/offsite_bookings/,Use only where the asset directly proves the page intent,KEEP
/offsite_bookings/event-tattoo-portfolio-443a4644.png,1,/offsite_bookings/,Use only where the asset directly proves the page intent,KEEP
/offsite_bookings/event-tattoo-portfolio-443a4644.webp,1,/offsite_bookings/,Use only where the asset directly proves the page intent,KEEP
/offsite_bookings/excited-client-on-pink-tattoo-table-9c77a1ea.png,1,/offsite_bookings/,Use only where the asset directly proves the page intent,KEEP
/offsite_bookings/excited-client-on-pink-tattoo-table-9c77a1ea.webp,1,/offsite_bookings/,Use only where the asset directly proves the page intent,KEEP
/offsite_bookings/finished-arrow-forearm-tattoo-shown-c1e8a694.png,1,/offsite_bookings/,Use only where the asset directly proves the page intent,KEEP
/offsite_bookings/finished-arrow-forearm-tattoo-shown-c1e8a694.webp,1,/offsite_bookings/,Use only where the asset directly proves the page intent,KEEP
/offsite_bookings/finished-back-tattoo-reveal-offsite-28a927f5.png,1,/offsite_bookings/,Use only where the asset directly proves the page intent,KEEP
/offsite_bookings/finished-back-tattoo-reveal-offsite-28a927f5.webp,1,/offsite_bookings/,Use only where the asset directly proves the page intent,KEEP
/offsite_bookings/finished-power-button-neck-tattoo-12d3dea2.png,1,/offsite_bookings/,Use only where the asset directly proves the page intent,KEEP
/offsite_bookings/finished-power-button-neck-tattoo-12d3dea2.webp,1,/offsite_bookings/,Use only where the asset directly proves the page intent,KEEP
/offsite_bookings/forearm-session-under-studio-banner-05f97cd3.png,1,/offsite_bookings/,Shared branding/studio asset,ALLOW_SHARED
/offsite_bookings/forearm-session-under-studio-banner-05f97cd3.webp,1,/offsite_bookings/,Shared branding/studio asset,ALLOW_SHARED
/offsite_bookings/forearm-tattoo-by-boxing-mural-082676be.png,1,/offsite_bookings/,Use only where the asset directly proves the page intent,KEEP
/offsite_bookings/forearm-tattoo-by-boxing-mural-082676be.webp,1,/offsite_bookings/,Use only where the asset directly proves the page intent,KEEP
/offsite_bookings/forearm-tattoo-while-client-holds-beer-f2783418.png,1,/offsite_bookings/,Use only where the asset directly proves the page intent,KEEP
/offsite_bookings/forearm-tattoo-while-client-holds-beer-f2783418.webp,1,/offsite_bookings/,Use only where the asset directly proves the page intent,KEEP
/offsite_bookings/forearm-tattoo-with-onlookers-b37b1e86.png,1,/offsite_bookings/,Use only where the asset directly proves the page intent,KEEP
/offsite_bookings/forearm-tattoo-with-onlookers-b37b1e86.webp,1,/offsite_bookings/,Use only where the asset directly proves the page intent,KEEP
/offsite_bookings/forearm-work-beside-lion-statue-00bc3c55.png,1,/offsite_bookings/,Use only where the asset directly proves the page intent,KEEP
/offsite_bookings/forearm-work-beside-lion-statue-00bc3c55.webp,1,/offsite_bookings/,Use only where the asset directly proves the page intent,KEEP
/offsite_bookings/fresh-back-piece-reveal-at-event-ebffbf9a.png,1,/offsite_bookings/,Use only where the asset directly proves the page intent,KEEP
/offsite_bookings/fresh-back-piece-reveal-at-event-ebffbf9a.webp,1,/offsite_bookings/,Use only where the asset directly proves the page intent,KEEP
/offsite_bookings/fresh-bitcoin-logo-shoulder-tattoo-12a987bd.png,1,/offsite_bookings/,Shared branding/studio asset,ALLOW_SHARED
/offsite_bookings/fresh-bitcoin-logo-shoulder-tattoo-12a987bd.webp,1,/offsite_bookings/,Shared branding/studio asset,ALLOW_SHARED
/offsite_bookings/hand-tattoo-at-pink-station-67e16651.png,1,/offsite_bookings/,Use only where the asset directly proves the page intent,KEEP
/offsite_bookings/hand-tattoo-at-pink-station-67e16651.webp,1,/offsite_bookings/,Use only where the asset directly proves the page intent,KEEP
/offsite_bookings/hand-tattoo-near-lion-statue-ec284eb3.png,1,/offsite_bookings/,Use only where the asset directly proves the page intent,KEEP
/offsite_bookings/hand-tattoo-near-lion-statue-ec284eb3.webp,1,/offsite_bookings/,Use only where the asset directly proves the page intent,KEEP
/offsite_bookings/hand-tattoo-on-client-with-mullet-dd5cfa25.png,1,/offsite_bookings/,Use only where the asset directly proves the page intent,KEEP
/offsite_bookings/hand-tattoo-on-client-with-mullet-dd5cfa25.webp,1,/offsite_bookings/,Use only where the asset directly proves the page intent,KEEP
/offsite_bookings/hand-tattoo-on-pink-table-9da92236.png,1,/offsite_bookings/,Use only where the asset directly proves the page intent,KEEP
/offsite_bookings/hand-tattoo-on-pink-table-9da92236.webp,1,/offsite_bookings/,Use only where the asset directly proves the page intent,KEEP
/offsite_bookings/hand-tattoo-session-fefa7046.png,1,/offsite_bookings/,Use only where the asset directly proves the page intent,KEEP
/offsite_bookings/hand-tattoo-session-fefa7046.webp,1,/offsite_bookings/,Use only where the asset directly proves the page intent,KEEP
/offsite_bookings/hand-tattoo-under-vegas-banner-f5df31b6.png,1,/offsite_bookings/,Shared branding/studio asset,ALLOW_SHARED
/offsite_bookings/hand-tattoo-under-vegas-banner-f5df31b6.webp,1,/offsite_bookings/,Shared branding/studio asset,ALLOW_SHARED
/offsite_bookings/joshua-at-offsite-setup-892cce83.png,1,/offsite_bookings/,Use only where the asset directly proves the page intent,KEEP
/offsite_bookings/joshua-at-offsite-setup-892cce83.webp,1,/offsite_bookings/,Use only where the asset directly proves the page intent,KEEP
/offsite_bookings/joshua-cole-holds-wrap-and-tattoo-machine-562d7e48.png,1,/offsite_bookings/,Use only where the asset directly proves the page intent,KEEP
/offsite_bookings/joshua-cole-holds-wrap-and-tattoo-machine-562d7e48.webp,1,/offsite_bookings/,Use only where the asset directly proves the page intent,KEEP
/offsite_bookings/joshua-cole-opens-ink-before-neck-tattoo-59d997f0.png,1,/offsite_bookings/,Use only where the asset directly proves the page intent,KEEP
/offsite_bookings/joshua-cole-opens-ink-before-neck-tattoo-59d997f0.webp,1,/offsite_bookings/,Use only where the asset directly proves the page intent,KEEP
/offsite_bookings/joshua-cole-poses-with-barrier-film-roll-9fcf823d.png,1,/offsite_bookings/,Use only where the asset directly proves the page intent,KEEP
/offsite_bookings/joshua-cole-poses-with-barrier-film-roll-9fcf823d.webp,1,/offsite_bookings/,Use only where the asset directly proves the page intent,KEEP
/offsite_bookings/joshua-cole-smiles-before-ear-tattoo-110dd123.png,1,/offsite_bookings/,Use only where the asset directly proves the page intent,KEEP
/offsite_bookings/joshua-cole-smiles-before-ear-tattoo-110dd123.webp,1,/offsite_bookings/,Use only where the asset directly proves the page intent,KEEP
/offsite_bookings/joshua-cole-smiles-during-neck-tattoo-4f30c0bb.png,1,/offsite_bookings/,Use only where the asset directly proves the page intent,KEEP
/offsite_bookings/joshua-cole-smiles-during-neck-tattoo-4f30c0bb.webp,1,/offsite_bookings/,Use only where the asset directly proves the page intent,KEEP
/offsite_bookings/joshua-inks-ornate-back-piece-533f90bc.png,1,/offsite_bookings/,Use only where the asset directly proves the page intent,KEEP
/offsite_bookings/joshua-inks-ornate-back-piece-533f90bc.webp,1,/offsite_bookings/,Use only where the asset directly proves the page intent,KEEP
/offsite_bookings/joshua-wipes-fresh-back-tattoo-ebeb19d1.png,1,/offsite_bookings/,Use only where the asset directly proves the page intent,KEEP
/offsite_bookings/joshua-wipes-fresh-back-tattoo-ebeb19d1.webp,1,/offsite_bookings/,Use only where the asset directly proves the page intent,KEEP
/offsite_bookings/joyful-client-mid-party-tattoo-session-25eddbb8.png,1,/offsite_bookings/,Use only where the asset directly proves the page intent,KEEP
/offsite_bookings/joyful-client-mid-party-tattoo-session-25eddbb8.webp,1,/offsite_bookings/,Use only where the asset directly proves the page intent,KEEP
/offsite_bookings/lion-statue-at-event-venue-7692f658.png,1,/offsite_bookings/,Use only where the asset directly proves the page intent,KEEP
/offsite_bookings/lion-statue-at-event-venue-7692f658.webp,1,/offsite_bookings/,Use only where the asset directly proves the page intent,KEEP
/offsite_bookings/live-session-documentation-e857e59a.png,1,/offsite_bookings/,Use only where the asset directly proves the page intent,KEEP
/offsite_bookings/live-session-documentation-e857e59a.webp,1,/offsite_bookings/,Use only where the asset directly proves the page intent,KEEP
/offsite_bookings/mobile-studio-banner-setup-0d9b5525.png,1,/offsite_bookings/,Shared branding/studio asset,ALLOW_SHARED
/offsite_bookings/mobile-studio-banner-setup-0d9b5525.webp,1,/offsite_bookings/,Shared branding/studio asset,ALLOW_SHARED
/offsite_bookings/neck-placement-consult-on-pink-table-a8cbba51.png,1,/offsite_bookings/,Use only where the asset directly proves the page intent,KEEP
/offsite_bookings/neck-placement-consult-on-pink-table-a8cbba51.webp,1,/offsite_bookings/,Use only where the asset directly proves the page intent,KEEP
/offsite_bookings/neck-tattoo-on-pink-portable-table-91135235.png,1,/offsite_bookings/,Use only where the asset directly proves the page intent,KEEP
/offsite_bookings/neck-tattoo-on-pink-portable-table-91135235.webp,1,/offsite_bookings/,Use only where the asset directly proves the page intent,KEEP
/offsite_bookings/offsite-client-work-11a563eb.png,1,/offsite_bookings/,Use only where the asset directly proves the page intent,KEEP
/offsite_bookings/offsite-client-work-11a563eb.webp,1,/offsite_bookings/,Use only where the asset directly proves the page intent,KEEP
/offsite_bookings/offsite-workspace-283378ea.png,1,/offsite_bookings/,Use only where the asset directly proves the page intent,KEEP
/offsite_bookings/offsite-workspace-283378ea.webp,1,/offsite_bookings/,Use only where the asset directly proves the page intent,KEEP
/offsite_bookings/overhead-view-of-neck-tattoo-work-4466a651.png,1,/offsite_bookings/,Use only where the asset directly proves the page intent,KEEP
/offsite_bookings/overhead-view-of-neck-tattoo-work-4466a651.webp,1,/offsite_bookings/,Use only where the asset directly proves the page intent,KEEP
/offsite_bookings/party-tattoo-session-6ffebc20.png,1,/offsite_bookings/,Use only where the asset directly proves the page intent,KEEP
/offsite_bookings/party-tattoo-session-6ffebc20.webp,1,/offsite_bookings/,Use only where the asset directly proves the page intent,KEEP
/offsite_bookings/portable-tattoo-station-prep-300eed85.png,1,/offsite_bookings/,Use only where the asset directly proves the page intent,KEEP
/offsite_bookings/portable-tattoo-station-prep-300eed85.webp,1,/offsite_bookings/,Use only where the asset directly proves the page intent,KEEP
/offsite_bookings/power-button-neck-tattoo-session-40ff2f83.png,1,/offsite_bookings/,Use only where the asset directly proves the page intent,KEEP
/offsite_bookings/power-button-neck-tattoo-session-40ff2f83.webp,1,/offsite_bookings/,Use only where the asset directly proves the page intent,KEEP
/offsite_bookings/pre-session-consult-12ae711e.png,1,/offsite_bookings/,Use only where the asset directly proves the page intent,KEEP
/offsite_bookings/pre-session-consult-12ae711e.webp,1,/offsite_bookings/,Use only where the asset directly proves the page intent,KEEP
/offsite_bookings/private-event-tattoo-e016e3aa.png,1,/offsite_bookings/,Use only where the asset directly proves the page intent,KEEP
/offsite_bookings/private-event-tattoo-e016e3aa.webp,1,/offsite_bookings/,Use only where the asset directly proves the page intent,KEEP
/offsite_bookings/rose-forearm-tattoo-at-offsite-fbda035f.png,1,/offsite_bookings/,Use only where the asset directly proves the page intent,KEEP
/offsite_bookings/rose-forearm-tattoo-at-offsite-fbda035f.webp,1,/offsite_bookings/,Use only where the asset directly proves the page intent,KEEP
/offsite_bookings/script-tattoo-behind-ear-offsite-5ce7739d.png,1,/offsite_bookings/,Use only where the asset directly proves the page intent,KEEP
/offsite_bookings/script-tattoo-behind-ear-offsite-5ce7739d.webp,1,/offsite_bookings/,Use only where the asset directly proves the page intent,KEEP
/offsite_bookings/small-hand-tattoo-beside-arrow-8e384ac0.png,1,/offsite_bookings/,Use only where the asset directly proves the page intent,KEEP
/offsite_bookings/small-hand-tattoo-beside-arrow-8e384ac0.webp,1,/offsite_bookings/,Use only where the asset directly proves the page intent,KEEP
/offsite_bookings/smiley-finger-covers-client-s-mouth-33facf49.png,1,/offsite_bookings/,Use only where the asset directly proves the page intent,KEEP
/offsite_bookings/smiley-finger-covers-client-s-mouth-33facf49.webp,1,/offsite_bookings/,Use only where the asset directly proves the page intent,KEEP
/offsite_bookings/smiley-flash-stencils-5e1ae4da.png,1,/offsite_bookings/,Use only where the asset directly proves the page intent,KEEP
/offsite_bookings/smiley-flash-stencils-5e1ae4da.webp,1,/offsite_bookings/,Use only where the asset directly proves the page intent,KEEP
/offsite_bookings/smiley-hand-tattoo-gag-photo-c49cffbf.png,1,/offsite_bookings/,Use only where the asset directly proves the page intent,KEEP
/offsite_bookings/smiley-hand-tattoo-gag-photo-c49cffbf.webp,1,/offsite_bookings/,Use only where the asset directly proves the page intent,KEEP
/offsite_bookings/spider-stomach-tattoo-mirror-selfie-db0e4c0a.png,1,/offsite_bookings/,Use only where the asset directly proves the page intent,KEEP
/offsite_bookings/spider-stomach-tattoo-mirror-selfie-db0e4c0a.webp,1,/offsite_bookings/,Use only where the asset directly proves the page intent,KEEP
/offsite_bookings/stencil-placement-9efab4af.png,1,/offsite_bookings/,Use only where the asset directly proves the page intent,KEEP
/offsite_bookings/stencil-placement-9efab4af.webp,1,/offsite_bookings/,Use only where the asset directly proves the page intent,KEEP
/offsite_bookings/upper-back-tattoo-in-progress-c0f701c1.png,1,/offsite_bookings/,Use only where the asset directly proves the page intent,KEEP
/offsite_bookings/upper-back-tattoo-in-progress-c0f701c1.webp,1,/offsite_bookings/,Use only where the asset directly proves the page intent,KEEP
/offsite_bookings/upper-back-tattoo-on-client-a68626ac.png,1,/offsite_bookings/,Use only where the asset directly proves the page intent,KEEP
/offsite_bookings/upper-back-tattoo-on-client-a68626ac.webp,1,/offsite_bookings/,Use only where the asset directly proves the page intent,KEEP
/offsite_bookings/vip-party-overview-ce767869.png,1,/offsite_bookings/,Use only where the asset directly proves the page intent,KEEP
/offsite_bookings/vip-party-overview-ce767869.webp,1,/offsite_bookings/,Use only where the asset directly proves the page intent,KEEP
/offsite_bookings/wiping-fresh-back-tattoo-clean-0f9ee73e.png,1,/offsite_bookings/,Use only where the asset directly proves the page intent,KEEP
/offsite_bookings/wiping-fresh-back-tattoo-clean-0f9ee73e.webp,1,/offsite_bookings/,Use only where the asset directly proves the page intent,KEEP
/studio_gallery/all-seeing-eye-luck-forearm-90bce5f7.png,1,/studio_gallery/,Shared branding/studio asset,ALLOW_SHARED
/studio_gallery/all-seeing-eye-luck-forearm-90bce5f7.webp,1,/studio_gallery/,Shared branding/studio asset,ALLOW_SHARED
/studio_gallery/all-seeing-eye-triangle-bb2920b5.png,1,/studio_gallery/,Shared branding/studio asset,ALLOW_SHARED
/studio_gallery/all-seeing-eye-triangle-bb2920b5.webp,1,/studio_gallery/,Shared branding/studio asset,ALLOW_SHARED
/studio_gallery/all-seeing-eye-triangle-tattoo-e010665e.png,1,/studio_gallery/,Shared branding/studio asset,ALLOW_SHARED
/studio_gallery/all-seeing-eye-triangle-tattoo-e010665e.webp,1,/studio_gallery/,Shared branding/studio asset,ALLOW_SHARED
/studio_gallery/archangel-wings-shoulder-blade-tattoo-31ae60e1.png,1,/studio_gallery/,Shared branding/studio asset,ALLOW_SHARED
/studio_gallery/archangel-wings-shoulder-blade-tattoo-31ae60e1.webp,1,/studio_gallery/,Shared branding/studio asset,ALLOW_SHARED
/studio_gallery/armored-archangel-wings-sword-back-bf61b780.png,1,/studio_gallery/,Shared branding/studio asset,ALLOW_SHARED
/studio_gallery/armored-archangel-wings-sword-back-bf61b780.webp,1,/studio_gallery/,Shared branding/studio asset,ALLOW_SHARED
/studio_gallery/artist-preparing-gloves-in-studio-0e0344c2.png,1,/studio_gallery/,Shared branding/studio asset,ALLOW_SHARED
/studio_gallery/artist-preparing-gloves-in-studio-0e0344c2.webp,1,/studio_gallery/,Shared branding/studio asset,ALLOW_SHARED
/studio_gallery/black-and-grey-rapper-calf-portraits-fe20f013.png,1,/studio_gallery/,Shared branding/studio asset,ALLOW_SHARED
/studio_gallery/black-and-grey-rapper-calf-portraits-fe20f013.webp,1,/studio_gallery/,Shared branding/studio asset,ALLOW_SHARED
/studio_gallery/black-and-grey-rose-tattoo-design-a1784097.png,1,/studio_gallery/,Shared branding/studio asset,ALLOW_SHARED
/studio_gallery/black-and-grey-rose-tattoo-design-a1784097.webp,1,/studio_gallery/,Shared branding/studio asset,ALLOW_SHARED
/studio_gallery/black-grey-bondage-portrait-tattoo-2c77c6c3.png,1,/studio_gallery/,Shared branding/studio asset,ALLOW_SHARED
/studio_gallery/black-grey-bondage-portrait-tattoo-2c77c6c3.webp,1,/studio_gallery/,Shared branding/studio asset,ALLOW_SHARED
/studio_gallery/black-grey-temple-rose-tattoo-e483138e.png,1,/studio_gallery/,Shared branding/studio asset,ALLOW_SHARED
/studio_gallery/black-grey-temple-rose-tattoo-e483138e.webp,1,/studio_gallery/,Shared branding/studio asset,ALLOW_SHARED
/studio_gallery/color-realism-gold-grillz-portrait-609ec82d.png,1,/studio_gallery/,Shared branding/studio asset,ALLOW_SHARED
/studio_gallery/color-realism-gold-grillz-portrait-609ec82d.webp,1,/studio_gallery/,Shared branding/studio asset,ALLOW_SHARED
/studio_gallery/color-superman-temple-with-smoke-34a5278a.png,1,/studio_gallery/,Shared branding/studio asset,ALLOW_SHARED
/studio_gallery/color-superman-temple-with-smoke-34a5278a.webp,1,/studio_gallery/,Shared branding/studio asset,ALLOW_SHARED
/studio_gallery/cross-eye-skull-brown-skin-6ad610b8.png,1,/studio_gallery/,Shared branding/studio asset,ALLOW_SHARED
/studio_gallery/cross-eye-skull-brown-skin-6ad610b8.webp,1,/studio_gallery/,Shared branding/studio asset,ALLOW_SHARED
/studio_gallery/cross-eye-skull-darker-skin-ed94e39a.png,1,/studio_gallery/,Shared branding/studio asset,ALLOW_SHARED
/studio_gallery/cross-eye-skull-darker-skin-ed94e39a.webp,1,/studio_gallery/,Shared branding/studio asset,ALLOW_SHARED
/studio_gallery/cross-eye-skull-forearm-piece-76a60a87.png,1,/studio_gallery/,Shared branding/studio asset,ALLOW_SHARED
/studio_gallery/cross-eye-skull-forearm-piece-76a60a87.webp,1,/studio_gallery/,Shared branding/studio asset,ALLOW_SHARED
/studio_gallery/demon-piece-in-progress-c0d80f61.png,1,/studio_gallery/,Shared branding/studio asset,ALLOW_SHARED
/studio_gallery/demon-piece-in-progress-c0d80f61.webp,1,/studio_gallery/,Shared branding/studio asset,ALLOW_SHARED
/studio_gallery/demon-tattoo-white-highlights-c19414bd.png,1,/studio_gallery/,Shared branding/studio asset,ALLOW_SHARED
/studio_gallery/demon-tattoo-white-highlights-c19414bd.webp,1,/studio_gallery/,Shared branding/studio asset,ALLOW_SHARED
/studio_gallery/dove-in-flight-5a41df51.png,1,/studio_gallery/,Shared branding/studio asset,ALLOW_SHARED
/studio_gallery/dove-in-flight-5a41df51.webp,1,/studio_gallery/,Shared branding/studio asset,ALLOW_SHARED
/studio_gallery/egyptian-goddess-neck-portrait-tattoo-3d49b9f9.png,1,/studio_gallery/,Shared branding/studio asset,ALLOW_SHARED
/studio_gallery/egyptian-goddess-neck-portrait-tattoo-3d49b9f9.webp,1,/studio_gallery/,Shared branding/studio asset,ALLOW_SHARED
/studio_gallery/falling-winged-angel-realism-tattoo-ef852dbb.png,1,/studio_gallery/,Shared branding/studio asset,ALLOW_SHARED
/studio_gallery/falling-winged-angel-realism-tattoo-ef852dbb.webp,1,/studio_gallery/,Shared branding/studio asset,ALLOW_SHARED
/studio_gallery/fantasy-portrait-with-lightning-b9702cf5.png,1,/studio_gallery/,Shared branding/studio asset,ALLOW_SHARED
/studio_gallery/fantasy-portrait-with-lightning-b9702cf5.webp,1,/studio_gallery/,Shared branding/studio asset,ALLOW_SHARED
/studio_gallery/framed-dreadlocked-singer-portrait-art-3d695f6f.png,1,/studio_gallery/,Shared branding/studio asset,ALLOW_SHARED
/studio_gallery/framed-dreadlocked-singer-portrait-art-3d695f6f.webp,1,/studio_gallery/,Shared branding/studio asset,ALLOW_SHARED
/studio_gallery/fuck-luck-all-seeing-bicep-1416bc55.png,1,/studio_gallery/,Shared branding/studio asset,ALLOW_SHARED
/studio_gallery/fuck-luck-all-seeing-bicep-1416bc55.webp,1,/studio_gallery/,Shared branding/studio asset,ALLOW_SHARED
/studio_gallery/gothic-portrait-with-skull-c6b7e1de.png,1,/studio_gallery/,Shared branding/studio asset,ALLOW_SHARED
/studio_gallery/gothic-portrait-with-skull-c6b7e1de.webp,1,/studio_gallery/,Shared branding/studio asset,ALLOW_SHARED
/studio_gallery/gothic-skull-portrait-40306e95.png,1,/studio_gallery/,Shared branding/studio asset,ALLOW_SHARED
/studio_gallery/gothic-skull-portrait-40306e95.webp,1,/studio_gallery/,Shared branding/studio asset,ALLOW_SHARED
/studio_gallery/grim-reaper-with-lantern-07f7a393.png,1,/studio_gallery/,Shared branding/studio asset,ALLOW_SHARED
/studio_gallery/grim-reaper-with-lantern-07f7a393.webp,1,/studio_gallery/,Shared branding/studio asset,ALLOW_SHARED
/studio_gallery/grim-reaper-with-violin-7e01a1b0.png,1,/studio_gallery/,Shared branding/studio asset,ALLOW_SHARED
/studio_gallery/grim-reaper-with-violin-7e01a1b0.webp,1,/studio_gallery/,Shared branding/studio asset,ALLOW_SHARED
/studio_gallery/guest-viewing-studio-portrait-gallery-12a42385.png,1,/studio_gallery/,Shared branding/studio asset,ALLOW_SHARED
/studio_gallery/guest-viewing-studio-portrait-gallery-12a42385.webp,1,/studio_gallery/,Shared branding/studio asset,ALLOW_SHARED
/studio_gallery/horror-rabbit-concept-5c84d45c.png,1,/studio_gallery/,Shared branding/studio asset,ALLOW_SHARED
/studio_gallery/horror-rabbit-concept-5c84d45c.webp,1,/studio_gallery/,Shared branding/studio asset,ALLOW_SHARED
/studio_gallery/hourglass-luck-gun-arm-sleeve-422c6a76.png,1,/studio_gallery/,Shared branding/studio asset,ALLOW_SHARED
/studio_gallery/hourglass-luck-gun-arm-sleeve-422c6a76.webp,1,/studio_gallery/,Shared branding/studio asset,ALLOW_SHARED
/studio_gallery/icarus-falling-angel-a1111068.png,1,/studio_gallery/,Shared branding/studio asset,ALLOW_SHARED
/studio_gallery/icarus-falling-angel-a1111068.webp,1,/studio_gallery/,Shared branding/studio asset,ALLOW_SHARED
/studio_gallery/illustrative-character-concept-fc0d74fd.png,1,/studio_gallery/,Shared branding/studio asset,ALLOW_SHARED
/studio_gallery/illustrative-character-concept-fc0d74fd.webp,1,/studio_gallery/,Shared branding/studio asset,ALLOW_SHARED
/studio_gallery/industrial-bar-and-gold-hoop-a704b2d4.png,1,/industrial_piercing_las_vegas_authority_guide/,Shared branding/studio asset,ALLOW_SHARED
/studio_gallery/industrial-bar-and-gold-hoop-a704b2d4.webp,1,/industrial_piercing_las_vegas_authority_guide/,Shared branding/studio asset,ALLOW_SHARED
/studio_gallery/lipstick-kiss-mark-session-0e676d8c.png,1,/studio_gallery/,Shared branding/studio asset,ALLOW_SHARED
/studio_gallery/lipstick-kiss-mark-session-0e676d8c.webp,1,/studio_gallery/,Shared branding/studio asset,ALLOW_SHARED
/studio_gallery/medusa-portrait-fresh-4107ab02.png,1,/studio_gallery/,Shared branding/studio asset,ALLOW_SHARED
/studio_gallery/medusa-portrait-fresh-4107ab02.webp,1,/studio_gallery/,Shared branding/studio asset,ALLOW_SHARED
/studio_gallery/memorial-eagle-script-13afb944.png,1,/studio_gallery/,Shared branding/studio asset,ALLOW_SHARED
/studio_gallery/memorial-eagle-script-13afb944.webp,1,/studio_gallery/,Shared branding/studio asset,ALLOW_SHARED
/studio_gallery/mushroom-ghost-blossom-foot-tattoos-13b96e0d.png,1,/studio_gallery/,Shared branding/studio asset,ALLOW_SHARED
/studio_gallery/mushroom-ghost-blossom-foot-tattoos-13b96e0d.webp,1,/studio_gallery/,Shared branding/studio asset,ALLOW_SHARED
/studio_gallery/norse-full-sleeve-narrative-1bc3cc09.png,1,/studio_gallery/,Shared branding/studio asset,ALLOW_SHARED
/studio_gallery/norse-full-sleeve-narrative-1bc3cc09.webp,1,/studio_gallery/,Shared branding/studio asset,ALLOW_SHARED
/studio_gallery/norse-odin-half-sleeve-618e0bc3.png,1,/studio_gallery/,Shared branding/studio asset,ALLOW_SHARED
/studio_gallery/norse-odin-half-sleeve-618e0bc3.webp,1,/studio_gallery/,Shared branding/studio asset,ALLOW_SHARED
/studio_gallery/norse-odin-viking-ship-sleeve-29096302.png,1,/studio_gallery/,Shared branding/studio asset,ALLOW_SHARED
/studio_gallery/norse-odin-viking-ship-sleeve-29096302.webp,1,/studio_gallery/,Shared branding/studio asset,ALLOW_SHARED
/studio_gallery/odin-mechanical-eye-lightning-tattoo-4052a62b.png,1,/studio_gallery/,Shared branding/studio asset,ALLOW_SHARED
/studio_gallery/odin-mechanical-eye-lightning-tattoo-4052a62b.webp,1,/studio_gallery/,Shared branding/studio asset,ALLOW_SHARED
/studio_gallery/ornate-cross-realistic-eye-forearm-1473ab08.png,1,/studio_gallery/,Shared branding/studio asset,ALLOW_SHARED
/studio_gallery/ornate-cross-realistic-eye-forearm-1473ab08.webp,1,/studio_gallery/,Shared branding/studio asset,ALLOW_SHARED
/studio_gallery/pennywise-clown-horror-illustration-2ea11860.png,1,/studio_gallery/,Shared branding/studio asset,ALLOW_SHARED
/studio_gallery/pennywise-clown-horror-illustration-2ea11860.webp,1,/studio_gallery/,Shared branding/studio asset,ALLOW_SHARED
/studio_gallery/psychedelic-chameleon-painting-25bd710f.png,1,/studio_gallery/,Shared branding/studio asset,ALLOW_SHARED
/studio_gallery/psychedelic-chameleon-painting-25bd710f.webp,1,/studio_gallery/,Shared branding/studio asset,ALLOW_SHARED
/studio_gallery/realistic-eye-skull-forearm-d4475940.png,1,/studio_gallery/,Shared branding/studio asset,ALLOW_SHARED
/studio_gallery/realistic-eye-skull-forearm-d4475940.webp,1,/studio_gallery/,Shared branding/studio asset,ALLOW_SHARED
/studio_gallery/realistic-lipstick-kiss-mark-5baed596.png,1,/studio_gallery/,Shared branding/studio asset,ALLOW_SHARED
/studio_gallery/realistic-lipstick-kiss-mark-5baed596.webp,1,/studio_gallery/,Shared branding/studio asset,ALLOW_SHARED
/studio_gallery/reaper-chess-battlefield-261cc990.png,1,/studio_gallery/,Shared branding/studio asset,ALLOW_SHARED
/studio_gallery/reaper-chess-battlefield-261cc990.webp,1,/studio_gallery/,Shared branding/studio asset,ALLOW_SHARED
/studio_gallery/red-rose-alexis-name-tattoo-8ee69c62.png,1,/studio_gallery/,Shared branding/studio asset,ALLOW_SHARED
/studio_gallery/red-rose-alexis-name-tattoo-8ee69c62.webp,1,/studio_gallery/,Shared branding/studio asset,ALLOW_SHARED
/studio_gallery/roaring-lion-thigh-portrait-220154a4.png,1,/studio_gallery/,Shared branding/studio asset,ALLOW_SHARED
/studio_gallery/roaring-lion-thigh-portrait-220154a4.webp,1,/studio_gallery/,Shared branding/studio asset,ALLOW_SHARED
/studio_gallery/roaring-lion-with-crown-of-thorns-b66555e2.png,1,/studio_gallery/,Shared branding/studio asset,ALLOW_SHARED
/studio_gallery/roaring-lion-with-crown-of-thorns-b66555e2.webp,1,/studio_gallery/,Shared branding/studio asset,ALLOW_SHARED
/studio_gallery/shaded-skull-forearm-close-up-aeefd89f.png,1,/studio_gallery/,Shared branding/studio asset,ALLOW_SHARED
/studio_gallery/shaded-skull-forearm-close-up-aeefd89f.webp,1,/studio_gallery/,Shared branding/studio asset,ALLOW_SHARED
/studio_gallery/skull-and-eye-forearm-realism-c7f1842e.png,1,/studio_gallery/,Shared branding/studio asset,ALLOW_SHARED
/studio_gallery/skull-and-eye-forearm-realism-c7f1842e.webp,1,/studio_gallery/,Shared branding/studio asset,ALLOW_SHARED
/studio_gallery/skull-with-lens-flare-86c8eb99.png,1,/studio_gallery/,Shared branding/studio asset,ALLOW_SHARED
/studio_gallery/skull-with-lens-flare-86c8eb99.webp,1,/studio_gallery/,Shared branding/studio asset,ALLOW_SHARED
/studio_gallery/small-temple-and-cheek-tattoos-bab7c7fa.png,1,/studio_gallery/,Shared branding/studio asset,ALLOW_SHARED
/studio_gallery/small-temple-and-cheek-tattoos-bab7c7fa.webp,1,/studio_gallery/,Shared branding/studio asset,ALLOW_SHARED
/studio_gallery/smoky-eye-and-skull-forearm-98200338.png,1,/studio_gallery/,Shared branding/studio asset,ALLOW_SHARED
/studio_gallery/smoky-eye-and-skull-forearm-98200338.webp,1,/studio_gallery/,Shared branding/studio asset,ALLOW_SHARED
/studio_gallery/storefront-window-and-class-signup-d21a69ff.png,1,/studio_gallery/,Shared branding/studio asset,ALLOW_SHARED
/studio_gallery/storefront-window-and-class-signup-d21a69ff.webp,1,/studio_gallery/,Shared branding/studio asset,ALLOW_SHARED
/studio_gallery/studio-group-celebration-with-clients-41f7cfa2.png,1,/studio_gallery/,Shared branding/studio asset,ALLOW_SHARED
/studio_gallery/studio-group-celebration-with-clients-41f7cfa2.webp,1,/studio_gallery/,Shared branding/studio asset,ALLOW_SHARED
/studio_gallery/studio-interior-3a77750e.png,1,/studio_gallery/,Shared branding/studio asset,ALLOW_SHARED
/studio_gallery/studio-interior-3a77750e.webp,1,/studio_gallery/,Shared branding/studio asset,ALLOW_SHARED
/studio_gallery/studio-storefront-dc47f9f3.png,1,/studio_gallery/,Shared branding/studio asset,ALLOW_SHARED
/studio_gallery/studio-storefront-dc47f9f3.webp,1,/studio_gallery/,Shared branding/studio asset,ALLOW_SHARED
/studio_gallery/studio-tattoo-style-grid-collage-6416e41f.png,1,/studio_gallery/,Shared branding/studio asset,ALLOW_SHARED
/studio_gallery/studio-tattoo-style-grid-collage-6416e41f.webp,1,/studio_gallery/,Shared branding/studio asset,ALLOW_SHARED
/studio_gallery/superman-shield-left-temple-tattoo-bd7eb0d3.png,1,/studio_gallery/,Shared branding/studio asset,ALLOW_SHARED
/studio_gallery/superman-shield-left-temple-tattoo-bd7eb0d3.webp,1,/studio_gallery/,Shared branding/studio asset,ALLOW_SHARED
/studio_gallery/the-crow-portrait-tattoo-7ae96710.png,1,/studio_gallery/,Shared branding/studio asset,ALLOW_SHARED
/studio_gallery/the-crow-portrait-tattoo-7ae96710.webp,1,/studio_gallery/,Shared branding/studio asset,ALLOW_SHARED
/studio_gallery/the-crow-stained-glass-frame-20765b48.png,1,/studio_gallery/,Shared branding/studio asset,ALLOW_SHARED
/studio_gallery/the-crow-stained-glass-frame-20765b48.webp,1,/studio_gallery/,Shared branding/studio asset,ALLOW_SHARED
/studio_gallery/three-eyed-demon-forearm-fd5b8cd8.png,1,/studio_gallery/,Shared branding/studio asset,ALLOW_SHARED
/studio_gallery/three-eyed-demon-forearm-fd5b8cd8.webp,1,/studio_gallery/,Shared branding/studio asset,ALLOW_SHARED
/studio_gallery/valkyrie-winged-helmet-upper-arm-f4ddbbb2.png,1,/studio_gallery/,Shared branding/studio asset,ALLOW_SHARED
/studio_gallery/valkyrie-winged-helmet-upper-arm-f4ddbbb2.webp,1,/studio_gallery/,Shared branding/studio asset,ALLOW_SHARED
/studio_gallery/veiled-crowned-woman-realism-tattoo-20d31cad.png,1,/studio_gallery/,Shared branding/studio asset,ALLOW_SHARED
/studio_gallery/veiled-crowned-woman-realism-tattoo-20d31cad.webp,1,/studio_gallery/,Shared branding/studio asset,ALLOW_SHARED
/studio_gallery/veiled-crowned-woman-shoulder-tattoo-51d91c9f.png,1,/studio_gallery/,Shared branding/studio asset,ALLOW_SHARED
/studio_gallery/veiled-crowned-woman-shoulder-tattoo-51d91c9f.webp,1,/studio_gallery/,Shared branding/studio asset,ALLOW_SHARED
/studio_gallery/work-of-art-studio-1659a367.png,1,/studio_gallery/,Shared branding/studio asset,ALLOW_SHARED
/studio_gallery/work-of-art-studio-1659a367.webp,1,/studio_gallery/,Shared branding/studio asset,ALLOW_SHARED
https://lh3.googleusercontent.com/aida/ADBb0ugFeV_igEPv3RwBYcQrletrl4AXJXXhjneP9C2-y3QfboUOIc22Rw4QxWCsHl2mUbWo8vN6HZxJKFzKw21zW2Pr2NWQaqosEchw4voevnt8YV_Y2XMydKC2_WT0jCa5SsG0WNNXOFFi8187JMC3cQVmUEg4fJv5WTSP8HuNTGb0HwrPe950-IdwQsXtSqLDsr_q2yibIzgFsKbt6LozbHJDApjerEk5oeZ8S5je-okqTjMrgYiU9t55X65VB5SPTzi5o9KKw27Gktk,1,/best_tattoo_styles_for_sleeves_large_scale_project_hub/,Use only where the asset directly proves the page intent,KEEP
https://lh3.googleusercontent.com/aida/ADBb0ugq9v1B_dEr5YKUfY145-Wsp5ve508Den2MURZC0t__Y1PAE4Ut_Z6FpqVSbdUI0vTHGTLZSXdjjRVJMJNTnxKAx55k9_GuUsVjF9S2i-ysJo2RSwGE9fBUscQKnhtqWNIk7X9gOvPtaSNNwjVrFsdQaSdWMdtzdPUcHFb2nkAivqSonNtEFdxjWaMQe5ZV8RQJ4eeiiuImFkPCaTOkDwlE8joigrkZWvpQm73q5qtzCG-rYoBxF0jZqoifFywKtkqkj0RAYZhxSPs,1,/best_tattoo_styles_for_sleeves_large_scale_project_hub/,Use only where the asset directly proves the page intent,KEEP
https://lh3.googleusercontent.com/aida/ADBb0ugrhgVcelIaHpQekyEUFboW2G5LdW0_tIe7gggup4v_7nFU-64-sqFixhrT957tPpZDdHJ4OJm5TMw8mHIUykpyHipzh-fa5maVS4_y6jLY1tHoKDdNsbB3MufdGowpxNfg6FBlyLjNtldNCCaw4TpZc3u26vKFeMPawY8OE3DiKKRDn--mIFCbPlun5OzBkBRayU6B9fkb3dOShgeYCflkn3Rqac4QyZSmzOF0Ku7Y1Qkr6UN3IPGaoUd9p9DUhscHm9PKhkDeTHY,1,/best_tattoo_styles_for_sleeves_large_scale_project_hub/,Use only where the asset directly proves the page intent,KEEP
https://lh3.googleusercontent.com/aida/ADBb0ugzhUamW0a61RKYIoDLfKxVe7P7iO24iINB7jsdRajTIC7DFQ_MHn0ArkhBtKgP6VNa_4K1bH2H87UkulCD9HU9loD8I6QhHtt_Br884DSfZX3AXXAA-gNwAtzYBpiuQ00O26G9X7dcL1Ryc2XefKEeRKTub_K8DI-0jMUrA0mdsoT-uUjq3StHpFXNpjdawws-miM_CKF-CjpIv0IqGoQZyM2ZjFQ9UJs_pRMLL6AOHqR9znj3_DH0q72HXa4aeFrvqBJO78ML28Y,1,/fine_line_tattoos_las_vegas_master_authority_guide/,Use only where the asset directly proves the page intent,KEEP
https://lh3.googleusercontent.com/aida/ADBb0uij5pOKtUtXQr25aB5puRbqIi-Ji_RoXhr6ZE2-cdRjBJS3iEVTuYANMyjgbUU11QN7N1sbKe4wFSLHu7XaMRuT7_yHoHKFgoucDvgF6iG4KvB2BW4x1nKBLe6PBL9dJ6Oq4eHLGfXGYIa06j9h3BFLC2dDAVln9-nyhKwNIH2dpBgi3B9MmD9P_78WB0W1wgilXMKHE_OnpK8pQFK_9T4srinB20SnpQQVdAIOd4xaoix9cPQkwFd7bg4_EaJpGiiNQkLRak6jXQ,1,/fine_line_tattoos_las_vegas_master_authority_guide/,Use only where the asset directly proves the page intent,KEEP
https://lh3.googleusercontent.com/aida/ADBb0uipmb723pZnzPYAGxJCj2HD0RvjdHhvyrJ6ttHFu6WlTGbdZvXK8JwhgRrnyDzAzHCWzKypcWbVQQViLWV7Ikpqhl62Tf6g-vMYmpHgOk5PpfRdK5E-imuTdyE50ScBZxcuCDyF8c0WfDi37lMde89GAOcfw7N7Dj1NFavs5SvdXIcA9PSODN4nHtWYzGlLRfgsWP38cBwR-1lEpGz9p-tZzxhaNeHplv7fbSDF5y7t20nGrsEwoJQ61RhL,1,/fine_line_tattoos_las_vegas_master_authority_guide/,Use only where the asset directly proves the page intent,KEEP
https://lh3.googleusercontent.com/aida/ADBb0uivVfi-9vUECb40O34KC1Cm30RgvlxcA_gDFIAl9x1oflD94uFNdT2k55HQmire5TZbh4IToO_AzWJEa8hIjGNwsCZ-sfQKWoMxVabKYhsgUgV0OxQE2rhGRcKj-05_bE458jxfkGAYyIjMq2TNS9fDGPctQ2H2Pg8Pr7UAyaHcOXxHTOkNpj7RsjmPpxso8cr5zx4e4Y2wB8cm02f6ACkD67GQcHIdlN_NAdKqSB3Kp9Phf3cHXF7CeCo73n7bwLEmU8VJEEMM-wg,1,/best_tattoo_styles_for_sleeves_large_scale_project_hub/,Use only where the asset directly proves the page intent,KEEP
https://lh3.googleusercontent.com/aida/ADBb0uj-QQTZr3IzVIm-g4DsDxsGaP61BGPnRsXpbBt0YV9a0AMNoFGartg_f3JlTiWLijNdgm8g6kUnieLTwnLR0N3p17tpIL_I0qIblrYOZl2Af6BcTL1xspMVs4iAY3zA-8sROdIYWBsGYLPXmXuVVm3JBf_hWk9BLDqy4HpMmLCJiCVxNbGbGnXUDJHAWgb-tEHSaKFE5yDp51PUiEu1f8d3pNTBzSWTHjxpoR9G1XIe5-zDov2mL_8Z9YYB8Av0iSCRIr3mr8GJ6RI,1,/best_tattoo_styles_for_sleeves_large_scale_project_hub/,Use only where the asset directly proves the page intent,KEEP
https://lh3.googleusercontent.com/aida/ADBb0ujMTvnfEfWOIFDuAICDRWygraF4ulr_1lFvp0NIBUFL2Bu2tPWPv3fkKkNdtlLPNgs2KQ0XPM6LIbFIweUkQTOqSP1dC7vCn4SdCf0T7zEaJX0C6F4LuUuRhbVF3R2LSL8h8vhJWZF0ArNknPVAM6wJu7G223n0BPGoj96cktDZEoBnD0CDeSJlLUVNFqddY0bVbJqKF-Wonpw_QLBU6xhMqk-hrdvtMgwwX5KMNkJJ2Pc0gYP6GpflCHEqwN9AoY04mbCg7weJlFk,1,/best_tattoo_styles_for_sleeves_large_scale_project_hub/,Use only where the asset directly proves the page intent,KEEP
https://lh3.googleusercontent.com/aida/ADBb0ujNjggWniTlsskj0HB9t-slY_FfT8rtfADGSueaEABNq3styZddr-qm0oy0gsgVZJSkDfFiZ-iFyT7CZZbyiPDZg_-2O6LjRWDnlF-aMmZywokhI2rfpMj55tjdTWuSGB02zxZ8QOYcs8d3TAll5ODxnoM93o7QdLD7Jl6jcrQDB4le0Vr88H8Mz6WMCP9U3OXWaquhXx9RsZAbA-5QpyNDSDO0rD3qcZLuvicnBuZAEtaWfHT8kqxIXLY,1,/best_tattoo_styles_for_sleeves_large_scale_project_hub/,Use only where the asset directly proves the page intent,KEEP
https://www.workofarttattoo.com/healed_tattoo_gallery_las_vegas/healed-1-year-cross-eye-skull-outer-forearm-joshua-cole-las-vegas.png,1,/real_client_tattoo_timeline_las_vegas/,Use only where the asset directly proves the page intent,KEEP
https://www.workofarttattoo.com/healed_tattoo_gallery_las_vegas/healed-1-year-cross-eye-skull-outer-forearm-joshua-cole-las-vegas.webp,1,/real_client_tattoo_timeline_las_vegas/,Use only where the asset directly proves the page intent,KEEP
https://www.workofarttattoo.com/studio_gallery/cross-eye-skull-forearm-stack-5bc3d948.png,1,/real_client_tattoo_timeline_las_vegas/,Shared branding/studio asset,ALLOW_SHARED
https://www.workofarttattoo.com/studio_gallery/cross-eye-skull-forearm-stack-5bc3d948.webp,1,/real_client_tattoo_timeline_las_vegas/,Shared branding/studio asset,ALLOW_SHARED
