url,source_file,category,title,h1,canonical,robots,word_count,image_count,unique_search_intent_score_0_5,unique_search_intent_note,unique_firsthand_information_score_0_5,original_studio_imagery_score_0_5,original_artist_commentary_score_0_5,unique_factual_information_score_0_5,inbound_internal_links,overlap_score_0_5,overlap_level,highest_overlap_url,commercial_usefulness_score_0_5,local_usefulness_score_0_5,deserves_to_exist_without_google_score_0_5,classification,recommended_target_url,notes
https://workofarttattoo.com/aging_skin_skin_science_las_vegas_authority_guide/,aging_skin_skin_science_las_vegas_authority_guide/code.html,skin-science,Aging Skin & Long-Term Tattoo Clarity | Work of Art,Aging Skin & Long-Term Tattoo Clarity,https://workofarttattoo.com/aging_skin_skin_science_las_vegas_authority_guide/,"index, follow, max-snippet:-1, max-image-preview:large",1194,6,3,understand skin/tattoo science before booking,5,5,5,4,4,1.0,low,https://workofarttattoo.com/collagen_skin_science_las_vegas_authority_guide/,3,4,4,MERGE,https://workofarttattoo.com/skin_science_tattoo_dermatology_authority_guide/,science subpage is informational but thin as standalone; consolidate unless clinically differentiated
https://workofarttattoo.com/anti_eyebrow_piercing_las_vegas_authority_guide/,anti_eyebrow_piercing_las_vegas_authority_guide/code.html,piercing-placement,Anti-Eyebrow Piercing — Katelyn Cole | Work of Art Las Vegas | Work of Art,The Complete Anti-Eyebrow Piercing Guide,https://workofarttattoo.com/anti_eyebrow_piercing_las_vegas_authority_guide/,"index, follow, max-snippet:-1, max-image-preview:large",1868,6,2,"research piercing placement, healing, jewelry, and book",5,5,5,5,9,3.6,medium,https://workofarttattoo.com/anti_tragus_piercing_las_vegas_authority_guide/,4,4,4,IMPROVE,https://workofarttattoo.com/piercing_types_las_vegas_authority_hub/,"placement page can stay only with anatomy-specific advice, jewelry examples, photos, and Katelyn/Katie commentary"
https://workofarttattoo.com/anti_tragus_piercing_las_vegas_authority_guide/,anti_tragus_piercing_las_vegas_authority_guide/code.html,piercing-placement,Anti-Tragus Piercing — Katelyn Cole | Work of Art Las Vegas | Work of Art,The Complete Anti-Tragus Piercing Guide,https://workofarttattoo.com/anti_tragus_piercing_las_vegas_authority_guide/,"index, follow, max-snippet:-1, max-image-preview:large",1943,6,2,"research piercing placement, healing, jewelry, and book",5,5,5,5,3,3.6,medium,https://workofarttattoo.com/anti_eyebrow_piercing_las_vegas_authority_guide/,4,4,4,IMPROVE,https://workofarttattoo.com/piercing_types_las_vegas_authority_hub/,"placement page can stay only with anatomy-specific advice, jewelry examples, photos, and Katelyn/Katie commentary"
https://workofarttattoo.com/appointments/,appointments/code.html,utility-commercial,Book an Appointment | Work of Art Tattoo & Piercing Las Vegas,Book your appointment,https://workofarttattoo.com/appointments/,"index, follow, max-snippet:-1, max-image-preview:large",857,4,5,"complete booking, contact, review, media, or reference task",5,5,5,4,1693,1.1,low,https://workofarttattoo.com/bridge_piercing_las_vegas_authority_guide/,5,4,5,KEEP,,operational/commercial utility
https://workofarttattoo.com/appointments/woa-booking-forms.html,appointments/woa-booking-forms.html,utility-commercial,,,,none,164,0,5,"complete booking, contact, review, media, or reference task",0,0,2,2,0,0.4,low,https://workofarttattoo.com/terms-of-service/,4,0,5,KEEP,,operational/commercial utility
https://workofarttattoo.com/artists/,artists/code.html,artist,Artists | Work of Art Tattoo & Piercing Las Vegas,Artists at Work of Art,https://workofarttattoo.com/artists/,"index, follow, max-snippet:-1, max-image-preview:large",124,3,5,evaluate artist portfolio and book,5,4,4,1,61,1.4,low,https://workofarttattoo.com/artists_raw/joshua.raw.html,4,2,5,KEEP,,artist/roster page has unique commercial value
https://workofarttattoo.com/artists/joshua-cole/,artists/joshua-cole/code.html,artist,Joshua Cole | Realism Tattoo Artist Las Vegas | Work of Art,Joshua Cole — Realism Tattoo Artist Las Vegas,https://workofarttattoo.com/artists/joshua-cole/,"index, follow, max-snippet:-1, max-image-preview:large",2178,46,3,evaluate artist portfolio and book,5,5,5,5,498,4.5,high,https://workofarttattoo.com/artists_build/joshua-cole.html,5,4,5,KEEP,,artist/roster page has unique commercial value
https://workofarttattoo.com/artists/katelyn-cole/,artists/katelyn-cole/code.html,artist,Female Piercer Las Vegas | Katelyn Cole | Work of Art,Katelyn Cole — Female Piercer in Las Vegas,https://workofarttattoo.com/artists/katelyn-cole/,"index, follow, max-snippet:-1, max-image-preview:large",1864,22,3,evaluate artist portfolio and book,5,5,5,5,687,4.5,high,https://workofarttattoo.com/artists_build/katelyn-cole.html,5,4,5,KEEP,,artist/roster page has unique commercial value
https://workofarttattoo.com/artists/teralyn/,artists/teralyn/code.html,artist,Teralyn | Fine Line Tattoo Artist Las Vegas | Work of Art,Teralyn,https://workofarttattoo.com/artists/teralyn/,"index, follow, max-snippet:-1, max-image-preview:large",204,1,3,evaluate artist portfolio and book,4,4,3,2,442,4.5,high,https://workofarttattoo.com/artists_build/teralyn.html,5,2,5,KEEP,,artist/roster page has unique commercial value
https://workofarttattoo.com/artists_build/joshua-cole.html,artists_build/joshua-cole.html,legacy-artist-build,Joshua Cole | Realism Tattoo Artist Las Vegas | Work of Art,Joshua Cole — Realism Tattoo Artist Las Vegas,https://workofarttattoo.com/artists/joshua-cole/,"index, follow, max-snippet:-1, max-image-preview:large",2178,46,1,legacy duplicate artist page,5,5,5,5,0,4.5,high,https://workofarttattoo.com/artists/joshua-cole/,3,4,4,301,https://workofarttattoo.com/artists/joshua-cole/,legacy build/raw artist duplicate; public only as build artifact; canonical differs from public URL; map redirect after confirming target
https://workofarttattoo.com/artists_build/katelyn-cole.html,artists_build/katelyn-cole.html,legacy-artist-build,Female Piercer Las Vegas | Katelyn Cole | Work of Art,Katelyn Cole — Female Piercer in Las Vegas,https://workofarttattoo.com/artists/katelyn-cole/,"index, follow, max-snippet:-1, max-image-preview:large",1864,22,1,legacy duplicate artist page,5,5,5,5,0,4.5,high,https://workofarttattoo.com/artists/katelyn-cole/,3,4,4,301,https://workofarttattoo.com/artists/katelyn-cole/,legacy build/raw artist duplicate; public only as build artifact; canonical differs from public URL; map redirect after confirming target
https://workofarttattoo.com/artists_build/teralyn.html,artists_build/teralyn.html,legacy-artist-build,Teralyn | Fine Line Tattoo Artist Las Vegas | Work of Art,Teralyn,https://workofarttattoo.com/artists/teralyn/,"index, follow, max-snippet:-1, max-image-preview:large",204,1,1,legacy duplicate artist page,2,4,3,2,0,4.5,high,https://workofarttattoo.com/artists/teralyn/,3,2,3,301,https://workofarttattoo.com/artists/teralyn/,legacy build/raw artist duplicate; public only as build artifact; canonical differs from public URL; map redirect after confirming target; thin page
https://workofarttattoo.com/artists_raw/joshua.raw.html,artists_raw/joshua.raw.html,legacy-artist-build,Joshua Cole - Best Black & Grey Realism Tattoo Artist in Las Vegas | Work of Art Tattoo,Joshua Cole - Best Black & Grey Realism Tattoo Artist in Las Vegas,,none,1206,36,3,legacy duplicate artist page,1,2,5,4,0,1.9,low-medium,https://workofarttattoo.com/artists_build/joshua-cole.html,2,2,3,301,https://workofarttattoo.com/artists/,legacy build/raw artist duplicate; public only as build artifact
https://workofarttattoo.com/artists_raw/katelyn.raw.html,artists_raw/katelyn.raw.html,legacy-artist-build,Katelyn Cole - Best Body Piercer & Fine Line Artist in Las Vegas | Work of Art Tattoo,Katelyn Cole - Best Body Piercer & Fine Line Artist in Las Vegas,,none,1123,9,3,legacy duplicate artist page,4,2,4,4,0,1.4,low,https://workofarttattoo.com/artists_build/katelyn-cole.html,3,2,3,301,https://workofarttattoo.com/artists/,legacy build/raw artist duplicate; public only as build artifact
https://workofarttattoo.com/best_fine_line_tattoos_in_vegas_ultimate_authority_guide/,best_fine_line_tattoos_in_vegas_ultimate_authority_guide/code.html,tattoo-style-pricing,Fine Line Tattoos in Vegas — Joshua Cole | Work of Art Las Vegas | Work of Art,Fine Line Tattoos in Vegas,https://workofarttattoo.com/best_fine_line_tattoos_in_vegas_ultimate_authority_guide/,"index, follow, max-snippet:-1, max-image-preview:large",881,8,3,research tattoo style/pricing and choose artist,5,5,5,4,3,1.3,low,https://workofarttattoo.com/fine_line_tattoos_las_vegas_master_authority_guide/,4,4,4,MERGE,https://workofarttattoo.com/artists/joshua-cole/,generated authority-style page overlaps artist/service pages; consolidate proof and commentary
https://workofarttattoo.com/best_piercing_shop_las_vegas_updated_jewelry_standards/,best_piercing_shop_las_vegas_updated_jewelry_standards/code.html,piercing-placement,Tattoo and Piercing Shop Near the Strip Las Vegas | Work of Art,Ear Piercing & Body Piercing — Las Vegas,https://workofarttattoo.com/best_piercing_shop_las_vegas_updated_jewelry_standards/,"index, follow, max-snippet:-1, max-image-preview:large",1340,8,3,"research piercing placement, healing, jewelry, and book",5,5,5,4,454,2.6,medium,https://workofarttattoo.com/body_piercing_guide_las_vegas/,5,4,4,IMPROVE,https://workofarttattoo.com/piercing_types_las_vegas_authority_hub/,"placement page can stay only with anatomy-specific advice, jewelry examples, photos, and Katelyn/Katie commentary"
https://workofarttattoo.com/best_tattoo_styles_for_sleeves_large_scale_project_hub/,best_tattoo_styles_for_sleeves_large_scale_project_hub/code.html,tattoo-style-pricing,Sleeve Tattoo Styles & Planning | Joshua Cole Las Vegas | Work of Art,Best Tattoo Styles For Sleeves: what to know before you plan,https://workofarttattoo.com/best_tattoo_styles_for_sleeves_large_scale_project_hub/,"index, follow, max-snippet:-1, max-image-preview:large",1168,7,3,research tattoo style/pricing and choose artist,4,2,5,3,470,1.0,low,https://workofarttattoo.com/artists_raw/joshua.raw.html,5,4,4,IMPROVE,,needs stronger original portfolio examples/commentary
https://workofarttattoo.com/body_piercing_guide_las_vegas/,body_piercing_guide_las_vegas/code.html,piercing-placement,Body Piercing Las Vegas | Consults Near the Strip | Work of Art,Body Piercing Guide — Las Vegas,https://workofarttattoo.com/body_piercing_guide_las_vegas/,"index, follow, max-snippet:-1, max-image-preview:large",809,6,3,"research piercing placement, healing, jewelry, and book",5,5,5,4,438,2.6,medium,https://workofarttattoo.com/best_piercing_shop_las_vegas_updated_jewelry_standards/,5,4,4,IMPROVE,,hub or major category page
https://workofarttattoo.com/bridge_piercing_las_vegas_authority_guide/,bridge_piercing_las_vegas_authority_guide/code.html,piercing-placement,Bridge Piercing — Katelyn Cole | Work of Art Las Vegas | Work of Art,The Complete Bridge Piercing Guide,https://workofarttattoo.com/bridge_piercing_las_vegas_authority_guide/,"index, follow, max-snippet:-1, max-image-preview:large",1788,6,1,"research piercing placement, healing, jewelry, and book",5,5,5,5,7,3.8,high,https://workofarttattoo.com/conch_piercing_las_vegas_authority_guide/,4,4,4,IMPROVE,https://workofarttattoo.com/piercing_types_las_vegas_authority_hub/,"placement page can stay only with anatomy-specific advice, jewelry examples, photos, and Katelyn/Katie commentary"
https://workofarttattoo.com/cartilage_piercing_las_vegas_authority_guide/,cartilage_piercing_las_vegas_authority_guide/code.html,piercing-placement,"Cartilage (Overview) Piercing Las Vegas — Healing, Pain & Aftercare | Work of Art","Cartilage (Overview) Piercing Las Vegas — Healing, Pain & Aftercare",https://workofarttattoo.com/cartilage_piercing_las_vegas_authority_guide/,"index, follow, max-snippet:-1, max-image-preview:large",1205,6,3,"research piercing placement, healing, jewelry, and book",5,5,5,4,2,2.5,medium,https://workofarttattoo.com/ear_piercing_las_vegas_authority_guide/,4,4,4,IMPROVE,https://workofarttattoo.com/piercing_types_las_vegas_authority_hub/,"placement page can stay only with anatomy-specific advice, jewelry examples, photos, and Katelyn/Katie commentary"
https://workofarttattoo.com/,code.html,core-home,Tattoo and Piercing Shop Near the Strip | Work of Art Las Vegas,You're welcome here — questions included.,https://workofarttattoo.com/,"index, follow, max-snippet:-1, max-image-preview:large",1990,25,3,choose/book tattoo or piercing studio near Strip,5,5,5,5,2999,5,high,https://workofarttattoo.com/home_work_of_art_tattoo_piercing/,5,4,5,KEEP,,core studio entry point
https://workofarttattoo.com/collagen_skin_science_las_vegas_authority_guide/,collagen_skin_science_las_vegas_authority_guide/code.html,skin-science,Collagen — Structure That Holds Your Tattoo Together | Work of Art,Collagen — Structure That Holds Your Tattoo Together,https://workofarttattoo.com/collagen_skin_science_las_vegas_authority_guide/,"index, follow, max-snippet:-1, max-image-preview:large",1169,6,3,understand skin/tattoo science before booking,5,5,5,4,7,1.0,low,https://workofarttattoo.com/aging_skin_skin_science_las_vegas_authority_guide/,3,4,4,MERGE,https://workofarttattoo.com/skin_science_tattoo_dermatology_authority_guide/,science subpage is informational but thin as standalone; consolidate unless clinically differentiated
https://workofarttattoo.com/conch_piercing_las_vegas_authority_guide/,conch_piercing_las_vegas_authority_guide/code.html,piercing-placement,Conch Piercing — Katelyn Cole | Work of Art Las Vegas | Work of Art,The Complete Conch Piercing Guide,https://workofarttattoo.com/conch_piercing_las_vegas_authority_guide/,"index, follow, max-snippet:-1, max-image-preview:large",1941,6,1,"research piercing placement, healing, jewelry, and book",5,5,5,5,20,3.8,high,https://workofarttattoo.com/bridge_piercing_las_vegas_authority_guide/,5,4,4,IMPROVE,https://workofarttattoo.com/piercing_types_las_vegas_authority_hub/,"placement page can stay only with anatomy-specific advice, jewelry examples, photos, and Katelyn/Katie commentary"
https://workofarttattoo.com/cover-up-tattoos-las-vegas/,cover-up-tattoos-las-vegas/code.html,tattoo-style-pricing,Cover Up Tattoo Artist Las Vegas | Joshua Cole | Work of Art,Cover Up Tattoos Las Vegas,https://workofarttattoo.com/cover-up-tattoos-las-vegas/,"index, follow, max-snippet:-1, max-image-preview:large",1988,11,1,research tattoo style/pricing and choose artist,5,5,5,5,440,4.5,high,https://workofarttattoo.com/cover_up_tattoos_las_vegas_master_authority_guide/,5,4,4,KEEP,,commercial tattoo style/pricing intent
https://workofarttattoo.com/cover_up_tattoos_las_vegas_master_authority_guide/,cover_up_tattoos_las_vegas_master_authority_guide/code.html,tattoo-style-pricing,Tattoo Cover-Ups — Joshua Cole | Work of Art Las Vegas | Work of Art,Cover Up Tattoos Las Vegas,https://workofarttattoo.com/cover-up-tattoos-las-vegas/,"index, follow, max-snippet:-1, max-image-preview:large",1868,11,1,research tattoo style/pricing and choose artist,5,5,5,5,36,4.5,high,https://workofarttattoo.com/cover-up-tattoos-las-vegas/,5,4,4,301,https://workofarttattoo.com/cover-up-tattoos-las-vegas/,generated authority-style page overlaps artist/service pages; consolidate proof and commentary; canonical differs from public URL; map redirect after confirming target
https://workofarttattoo.com/daith_piercing_las_vegas_authority_guide/,daith_piercing_las_vegas_authority_guide/code.html,piercing-placement,Daith Piercing — Katelyn Cole | Work of Art Las Vegas | Work of Art,The Complete Daith Piercing Guide,https://workofarttattoo.com/daith_piercing_las_vegas_authority_guide/,"index, follow, max-snippet:-1, max-image-preview:large",1961,6,1,"research piercing placement, healing, jewelry, and book",5,5,5,5,14,3.8,high,https://workofarttattoo.com/bridge_piercing_las_vegas_authority_guide/,5,4,4,IMPROVE,https://workofarttattoo.com/piercing_types_las_vegas_authority_hub/,"placement page can stay only with anatomy-specific advice, jewelry examples, photos, and Katelyn/Katie commentary"
https://workofarttattoo.com/dermis_skin_science_las_vegas_authority_guide/,dermis_skin_science_las_vegas_authority_guide/code.html,skin-science,The Dermis — Where Tattoo Ink Lives | Work of Art,The Dermis — Where Tattoo Ink Lives,https://workofarttattoo.com/dermis_skin_science_las_vegas_authority_guide/,"index, follow, max-snippet:-1, max-image-preview:large",1211,6,3,understand skin/tattoo science before booking,5,5,5,4,7,0.7,low,https://workofarttattoo.com/macrophages_skin_science_las_vegas_authority_guide/,3,4,4,MERGE,https://workofarttattoo.com/skin_science_tattoo_dermatology_authority_guide/,science subpage is informational but thin as standalone; consolidate unless clinically differentiated
https://workofarttattoo.com/diabetes_skin_science_las_vegas_authority_guide/,diabetes_skin_science_las_vegas_authority_guide/code.html,skin-science,Diabetes — Skin Healing & Tattoo Considerations | Work of Art,Diabetes — Skin Healing & Tattoo Considerations,https://workofarttattoo.com/diabetes_skin_science_las_vegas_authority_guide/,"index, follow, max-snippet:-1, max-image-preview:large",1193,6,3,understand skin/tattoo science before booking,5,5,5,4,1,1.0,low,https://workofarttattoo.com/eczema_skin_science_las_vegas_authority_guide/,3,4,4,MERGE,https://workofarttattoo.com/skin_science_tattoo_dermatology_authority_guide/,science subpage is informational but thin as standalone; consolidate unless clinically differentiated
https://workofarttattoo.com/ear_curation_piercing_las_vegas_authority_guide/,ear_curation_piercing_las_vegas_authority_guide/code.html,piercing-placement,Ear Curation Piercing — Katelyn Cole | Work of Art Las Vegas | Work of Art,The Complete Ear Curation Piercing Guide,https://workofarttattoo.com/ear_curation_piercing_las_vegas_authority_guide/,"index, follow, max-snippet:-1, max-image-preview:large",1769,6,2,"research piercing placement, healing, jewelry, and book",5,5,5,5,30,2.9,medium,https://workofarttattoo.com/industrial_piercing_las_vegas_authority_guide/,5,4,4,IMPROVE,https://workofarttattoo.com/piercing_types_las_vegas_authority_hub/,"placement page can stay only with anatomy-specific advice, jewelry examples, photos, and Katelyn/Katie commentary"
https://workofarttattoo.com/ear_lobe_piercing_las_vegas_authority_guide/,ear_lobe_piercing_las_vegas_authority_guide/code.html,piercing-placement,Lobe Piercing — Katelyn Cole | Work of Art Las Vegas | Work of Art,The Complete Lobe Piercing Guide,https://workofarttattoo.com/ear_lobe_piercing_las_vegas_authority_guide/,"index, follow, max-snippet:-1, max-image-preview:large",2008,6,2,"research piercing placement, healing, jewelry, and book",5,5,5,5,8,3.3,medium,https://workofarttattoo.com/bridge_piercing_las_vegas_authority_guide/,4,4,4,IMPROVE,https://workofarttattoo.com/piercing_types_las_vegas_authority_hub/,"placement page can stay only with anatomy-specific advice, jewelry examples, photos, and Katelyn/Katie commentary"
https://workofarttattoo.com/ear_piercing_guide_las_vegas/,ear_piercing_guide_las_vegas/code.html,piercing-placement,Ear Piercing Las Vegas | Female Piercer Near the Strip | Work of Art,Ear Piercing Guide — Las Vegas,https://workofarttattoo.com/ear_piercing_guide_las_vegas/,"index, follow, max-snippet:-1, max-image-preview:large",991,6,3,"research piercing placement, healing, jewelry, and book",5,5,5,4,468,2.1,low-medium,https://workofarttattoo.com/piercing-guide-las-vegas/,5,4,4,IMPROVE,,hub or major category page
https://workofarttattoo.com/ear_piercing_las_vegas_authority_guide/,ear_piercing_las_vegas_authority_guide/code.html,piercing-placement,"Ear Piercing Las Vegas — Healing, Pain & Aftercare | Work of Art","Ear Piercing Las Vegas — Healing, Pain & Aftercare",https://workofarttattoo.com/ear_piercing_las_vegas_authority_guide/,"index, follow, max-snippet:-1, max-image-preview:large",1148,6,1,"research piercing placement, healing, jewelry, and book",5,5,5,4,0,3.9,high,https://workofarttattoo.com/lip_piercing_las_vegas_authority_guide/,4,4,4,IMPROVE,https://workofarttattoo.com/piercing_types_las_vegas_authority_hub/,"placement page can stay only with anatomy-specific advice, jewelry examples, photos, and Katelyn/Katie commentary"
https://workofarttattoo.com/eczema_skin_science_las_vegas_authority_guide/,eczema_skin_science_las_vegas_authority_guide/code.html,skin-science,Eczema (Atopic Dermatitis) & Tattoos | Work of Art,Eczema (Atopic Dermatitis) & Tattoos,https://workofarttattoo.com/eczema_skin_science_las_vegas_authority_guide/,"index, follow, max-snippet:-1, max-image-preview:large",1174,6,3,understand skin/tattoo science before booking,5,5,5,4,3,1.2,low,https://workofarttattoo.com/psoriasis_skin_science_las_vegas_authority_guide/,3,4,4,MERGE,https://workofarttattoo.com/skin_science_tattoo_dermatology_authority_guide/,science subpage is informational but thin as standalone; consolidate unless clinically differentiated
https://workofarttattoo.com/epidermis_skin_science_las_vegas_authority_guide/,epidermis_skin_science_las_vegas_authority_guide/code.html,skin-science,The Epidermis — Your Skin's Outer Shield | Work of Art,The Epidermis — Your Skin's Outer Shield,https://workofarttattoo.com/epidermis_skin_science_las_vegas_authority_guide/,"index, follow, max-snippet:-1, max-image-preview:large",1303,6,3,understand skin/tattoo science before booking,5,5,5,4,5,0.9,low,https://workofarttattoo.com/why_tattoos_stay_forever_skin_science_las_vegas_authority_guide/,3,4,4,MERGE,https://workofarttattoo.com/skin_science_tattoo_dermatology_authority_guide/,science subpage is informational but thin as standalone; consolidate unless clinically differentiated
https://workofarttattoo.com/eyebrow_piercing_las_vegas_authority_guide/,eyebrow_piercing_las_vegas_authority_guide/code.html,piercing-placement,Eyebrow Piercing — Katelyn Cole | Work of Art Las Vegas | Work of Art,The Complete Eyebrow Piercing Guide,https://workofarttattoo.com/eyebrow_piercing_las_vegas_authority_guide/,"index, follow, max-snippet:-1, max-image-preview:large",1817,6,1,"research piercing placement, healing, jewelry, and book",5,5,5,5,7,3.8,high,https://workofarttattoo.com/bridge_piercing_las_vegas_authority_guide/,4,4,4,IMPROVE,https://workofarttattoo.com/piercing_types_las_vegas_authority_hub/,"placement page can stay only with anatomy-specific advice, jewelry examples, photos, and Katelyn/Katie commentary"
https://workofarttattoo.com/facial_piercing_guide_las_vegas/,facial_piercing_guide_las_vegas/code.html,piercing-placement,Facial Piercing Las Vegas | Walk-Ins Near the Strip | Work of Art,Facial Piercing Guide — Las Vegas,https://workofarttattoo.com/facial_piercing_guide_las_vegas/,"index, follow, max-snippet:-1, max-image-preview:large",867,6,3,"research piercing placement, healing, jewelry, and book",5,5,5,4,445,2.5,medium,https://workofarttattoo.com/body_piercing_guide_las_vegas/,5,4,4,IMPROVE,,hub or major category page
https://workofarttattoo.com/fine_line_tattoos_las_vegas_master_authority_guide/,fine_line_tattoos_las_vegas_master_authority_guide/code.html,tattoo-style-pricing,Fine Line Tattoos — Joshua Cole | Work of Art Las Vegas | Work of Art,"Fine line tattoos: needle depth, ink, and healing",https://workofarttattoo.com/fine_line_tattoos_las_vegas_master_authority_guide/,"index, follow, max-snippet:-1, max-image-preview:large",1843,9,3,research tattoo style/pricing and choose artist,5,5,5,5,37,1.5,low-medium,https://workofarttattoo.com/tattoo-aftercare-desert-climate/,5,4,4,MERGE,https://workofarttattoo.com/artists/joshua-cole/,generated authority-style page overlaps artist/service pages; consolidate proof and commentary
https://workofarttattoo.com/flash_art_deals_under_100/,flash_art_deals_under_100/code.html,tattoo-style-pricing,Flash Tattoo Deals Under $100 | Palm-Size | Work of Art Las Vegas,Flash art deals under $100,https://workofarttattoo.com/flash_art_deals_under_100/,"index, follow, max-snippet:-1, max-image-preview:large",1288,18,3,research tattoo style/pricing and choose artist,2,5,3,3,4,0.9,low,https://workofarttattoo.com/artists/teralyn/,4,4,4,IMPROVE,,commercial tattoo style/pricing intent
https://workofarttattoo.com/flat_piercing_las_vegas_authority_guide/,flat_piercing_las_vegas_authority_guide/code.html,piercing-placement,Flat Piercing — Katelyn Cole | Work of Art Las Vegas | Work of Art,The Complete Flat Piercing Guide,https://workofarttattoo.com/flat_piercing_las_vegas_authority_guide/,"index, follow, max-snippet:-1, max-image-preview:large",1938,6,1,"research piercing placement, healing, jewelry, and book",5,5,5,5,13,3.8,high,https://workofarttattoo.com/bridge_piercing_las_vegas_authority_guide/,5,4,4,IMPROVE,https://workofarttattoo.com/piercing_types_las_vegas_authority_hub/,"placement page can stay only with anatomy-specific advice, jewelry examples, photos, and Katelyn/Katie commentary"
https://workofarttattoo.com/forward_helix_piercing_las_vegas_authority_guide/,forward_helix_piercing_las_vegas_authority_guide/code.html,piercing-placement,Forward Helix Piercing — Katelyn Cole | Work of Art Las Vegas | Work of Art,The Complete Forward Helix Piercing Guide,https://workofarttattoo.com/forward_helix_piercing_las_vegas_authority_guide/,"index, follow, max-snippet:-1, max-image-preview:large",1963,6,2,"research piercing placement, healing, jewelry, and book",5,5,5,5,5,3.1,medium,https://workofarttattoo.com/helix_piercing_las_vegas_authority_guide/,4,4,4,IMPROVE,https://workofarttattoo.com/piercing_types_las_vegas_authority_hub/,"placement page can stay only with anatomy-specific advice, jewelry examples, photos, and Katelyn/Katie commentary"
https://workofarttattoo.com/frog_eyes_tongue_piercing_las_vegas_authority_guide/,frog_eyes_tongue_piercing_las_vegas_authority_guide/code.html,piercing-placement,Frog Eyes (Venom / Surface Tongue) Piercing — Katelyn Cole | Work of Art Las Vegas | Work of Art,The Complete Frog Eyes (Venom / Surface Tongue) Piercing Guide,https://workofarttattoo.com/frog_eyes_tongue_piercing_las_vegas_authority_guide/,"index, follow, max-snippet:-1, max-image-preview:large",1355,6,3,"research piercing placement, healing, jewelry, and book",5,5,5,4,4,2.0,low-medium,https://workofarttattoo.com/tongue_piercing_las_vegas_authority_guide/,4,4,4,IMPROVE,https://workofarttattoo.com/piercing_types_las_vegas_authority_hub/,"placement page can stay only with anatomy-specific advice, jewelry examples, photos, and Katelyn/Katie commentary"
https://workofarttattoo.com/genital_piercing_las_vegas_authority_guide/,genital_piercing_las_vegas_authority_guide/code.html,piercing-placement,Genital Piercing — Katelyn Cole | Work of Art Las Vegas | Work of Art,The Complete Genital Piercing Guide,https://workofarttattoo.com/genital_piercing_las_vegas_authority_guide/,"index, follow, max-snippet:-1, max-image-preview:large",1328,6,1,"research piercing placement, healing, jewelry, and book",5,5,5,4,2,3.8,high,https://workofarttattoo.com/bridge_piercing_las_vegas_authority_guide/,4,4,4,IMPROVE,https://workofarttattoo.com/piercing_types_las_vegas_authority_hub/,"placement page can stay only with anatomy-specific advice, jewelry examples, photos, and Katelyn/Katie commentary"
https://workofarttattoo.com/geo_hub_ai_source_of_truth_work_of_art/,geo_hub_ai_source_of_truth_work_of_art/code.html,utility-commercial,GEO Hub & AI Source of Truth - Work of Art Tattoo & Piercing,Digital Knowledge Base & Studio Source Profile,https://workofarttattoo.com/geo_hub_ai_source_of_truth_work_of_art/,"index, follow, max-snippet:-1, max-image-preview:large",1116,4,5,"complete booking, contact, review, media, or reference task",5,5,5,4,451,0.6,low,https://workofarttattoo.com/knowledge/,5,4,5,KEEP,,operational/commercial utility
https://workofarttattoo.com/healed_black_grey_tattoos_las_vegas/,healed_black_grey_tattoos_las_vegas/code.html,healed-gallery,Healed Black & Grey Tattoos | Work of Art,Healed Black & Grey Tattoos in Las Vegas,https://workofarttattoo.com/healed_black_grey_tattoos_las_vegas/,"index, follow, max-snippet:-1, max-image-preview:large",841,4,3,inspect healed tattoo proof by style,5,5,5,4,24,0.9,low,https://workofarttattoo.com/joshua_oil_painting_black_grey_tattoo_aging_las_vegas/,4,4,4,IMPROVE,https://workofarttattoo.com/healed_tattoo_gallery_las_vegas/,subcollection needs enough distinct healed examples; otherwise merge to healed gallery
https://workofarttattoo.com/healed_color_tattoos_las_vegas/,healed_color_tattoos_las_vegas/code.html,healed-gallery,Healed Color Tattoos | Work of Art,Healed Color Tattoos,https://workofarttattoo.com/healed_color_tattoos_las_vegas/,"index, follow, max-snippet:-1, max-image-preview:large",652,4,3,inspect healed tattoo proof by style,5,5,3,3,19,1.1,low,https://workofarttattoo.com/las-vegas-tattoo-healing-guide/,4,4,4,IMPROVE,https://workofarttattoo.com/healed_tattoo_gallery_las_vegas/,subcollection needs enough distinct healed examples; otherwise merge to healed gallery
https://workofarttattoo.com/healed_cover_up_tattoos_las_vegas/,healed_cover_up_tattoos_las_vegas/code.html,healed-gallery,Healed Cover-Up Tattoos | Work of Art,Healed Cover-Up Tattoos,https://workofarttattoo.com/healed_cover_up_tattoos_las_vegas/,"index, follow, max-snippet:-1, max-image-preview:large",849,6,3,inspect healed tattoo proof by style,5,5,5,4,22,0.8,low,https://workofarttattoo.com/cover-up-tattoos-las-vegas/,4,4,4,IMPROVE,https://workofarttattoo.com/healed_tattoo_gallery_las_vegas/,subcollection needs enough distinct healed examples; otherwise merge to healed gallery
https://workofarttattoo.com/healed_fine_line_tattoos_las_vegas/,healed_fine_line_tattoos_las_vegas/code.html,healed-gallery,Healed Fine Line Tattoos | Work of Art,Healed Fine Line Tattoos,https://workofarttattoo.com/healed_fine_line_tattoos_las_vegas/,"index, follow, max-snippet:-1, max-image-preview:large",672,4,3,inspect healed tattoo proof by style,5,5,3,2,20,1.2,low,https://workofarttattoo.com/best_fine_line_tattoos_in_vegas_ultimate_authority_guide/,4,4,4,IMPROVE,https://workofarttattoo.com/healed_tattoo_gallery_las_vegas/,subcollection needs enough distinct healed examples; otherwise merge to healed gallery
https://workofarttattoo.com/healed_portrait_tattoos_las_vegas/,healed_portrait_tattoos_las_vegas/code.html,healed-gallery,Healed Portrait Tattoos | Work of Art,Healed Portrait Tattoos,https://workofarttattoo.com/healed_portrait_tattoos_las_vegas/,"index, follow, max-snippet:-1, max-image-preview:large",817,5,3,inspect healed tattoo proof by style,2,5,3,4,23,0.9,low,https://workofarttattoo.com/healed_black_grey_tattoos_las_vegas/,4,4,4,IMPROVE,https://workofarttattoo.com/healed_tattoo_gallery_las_vegas/,subcollection needs enough distinct healed examples; otherwise merge to healed gallery
https://workofarttattoo.com/healed_sleeve_tattoos_las_vegas/,healed_sleeve_tattoos_las_vegas/code.html,healed-gallery,Healed Sleeve Tattoos | Work of Art,Healed Sleeve Tattoos,https://workofarttattoo.com/healed_sleeve_tattoos_las_vegas/,"index, follow, max-snippet:-1, max-image-preview:large",627,3,3,inspect healed tattoo proof by style,5,4,5,3,6,0.9,low,https://workofarttattoo.com/best_tattoo_styles_for_sleeves_large_scale_project_hub/,3,4,4,IMPROVE,https://workofarttattoo.com/healed_tattoo_gallery_las_vegas/,subcollection needs enough distinct healed examples; otherwise merge to healed gallery
https://workofarttattoo.com/healed_tattoo_gallery_las_vegas/,healed_tattoo_gallery_las_vegas/code.html,healed-gallery,Healed Tattoo Gallery | Work of Art,Healed tattoo gallery — Las Vegas studio results,https://workofarttattoo.com/healed_tattoo_gallery_las_vegas/,"index, follow, max-snippet:-1, max-image-preview:large",1004,12,3,inspect healed tattoo proof by style,5,5,5,4,1095,1.8,low-medium,https://workofarttattoo.com/healing_database_tattoo_timeline_encyclopedia_las_vegas/,4,4,4,KEEP,,main healed proof gallery
https://workofarttattoo.com/healing_database_black_grey_day_1_las_vegas/,healing_database_black_grey_day_1_las_vegas/code.html,healing-database,Black & Grey Tattoo Healing — Day 1 | Work of Art,Black & Grey Tattoo Healing — Day 1,https://workofarttattoo.com/healing_database_black_grey_day_1_las_vegas/,"index, follow, max-snippet:-1, max-image-preview:large",1040,6,0,lookup tattoo healing stage by style/time,5,5,5,4,2,4.3,high,https://workofarttattoo.com/healing_database_black_grey_day_2_las_vegas/,3,4,4,MERGE,https://workofarttattoo.com/las-vegas-tattoo-healing-guide/,style/time long-tail page should not remain indexable without unique studio documentation
https://workofarttattoo.com/healing_database_black_grey_day_2_las_vegas/,healing_database_black_grey_day_2_las_vegas/code.html,healing-database,Black & Grey Tattoo Healing — Day 2 | Work of Art,Black & Grey Tattoo Healing — Day 2,https://workofarttattoo.com/healing_database_black_grey_day_2_las_vegas/,"index, follow, max-snippet:-1, max-image-preview:large",903,1,0,lookup tattoo healing stage by style/time,2,4,5,2,3,5,high,https://workofarttattoo.com/healing_database_black_grey_day_3_las_vegas/,3,4,4,MERGE,https://workofarttattoo.com/las-vegas-tattoo-healing-guide/,style/time long-tail page should not remain indexable without unique studio documentation
https://workofarttattoo.com/healing_database_black_grey_day_3_las_vegas/,healing_database_black_grey_day_3_las_vegas/code.html,healing-database,Black & Grey Tattoo Healing — Day 3 | Work of Art,Black & Grey Tattoo Healing — Day 3,https://workofarttattoo.com/healing_database_black_grey_day_3_las_vegas/,"index, follow, max-snippet:-1, max-image-preview:large",887,1,0,lookup tattoo healing stage by style/time,2,4,5,2,3,5,high,https://workofarttattoo.com/healing_database_black_grey_day_2_las_vegas/,3,4,4,MERGE,https://workofarttattoo.com/las-vegas-tattoo-healing-guide/,style/time long-tail page should not remain indexable without unique studio documentation
https://workofarttattoo.com/healing_database_black_grey_day_4_las_vegas/,healing_database_black_grey_day_4_las_vegas/code.html,healing-database,Black & Grey Tattoo Healing — Day 4 | Work of Art,Black & Grey Tattoo Healing — Day 4,https://workofarttattoo.com/healing_database_black_grey_day_4_las_vegas/,"index, follow, max-snippet:-1, max-image-preview:large",860,1,0,lookup tattoo healing stage by style/time,2,4,5,2,3,5,high,https://workofarttattoo.com/healing_database_black_grey_day_2_las_vegas/,3,4,4,MERGE,https://workofarttattoo.com/las-vegas-tattoo-healing-guide/,style/time long-tail page should not remain indexable without unique studio documentation
https://workofarttattoo.com/healing_database_black_grey_month_1_las_vegas/,healing_database_black_grey_month_1_las_vegas/code.html,healing-database,Black & Grey Tattoo Healing — Month 1 | Work of Art,Black & Grey Tattoo Healing — Month 1,https://workofarttattoo.com/healing_database_black_grey_month_1_las_vegas/,"index, follow, max-snippet:-1, max-image-preview:large",877,1,0,lookup tattoo healing stage by style/time,2,4,5,2,3,5,high,https://workofarttattoo.com/healing_database_black_grey_month_3_las_vegas/,3,4,4,MERGE,https://workofarttattoo.com/las-vegas-tattoo-healing-guide/,style/time long-tail page should not remain indexable without unique studio documentation
https://workofarttattoo.com/healing_database_black_grey_month_3_las_vegas/,healing_database_black_grey_month_3_las_vegas/code.html,healing-database,Black & Grey Tattoo Healing — Month 3 | Work of Art,Black & Grey Tattoo Healing — Month 3,https://workofarttattoo.com/healing_database_black_grey_month_3_las_vegas/,"index, follow, max-snippet:-1, max-image-preview:large",860,2,0,lookup tattoo healing stage by style/time,5,4,5,4,3,5,high,https://workofarttattoo.com/healing_database_black_grey_month_1_las_vegas/,3,4,4,MERGE,https://workofarttattoo.com/las-vegas-tattoo-healing-guide/,style/time long-tail page should not remain indexable without unique studio documentation
https://workofarttattoo.com/healing_database_black_grey_month_6_las_vegas/,healing_database_black_grey_month_6_las_vegas/code.html,healing-database,Black & Grey Tattoo Healing — Month 6 | Work of Art,Black & Grey Tattoo Healing — Month 6,https://workofarttattoo.com/healing_database_black_grey_month_6_las_vegas/,"index, follow, max-snippet:-1, max-image-preview:large",824,1,0,lookup tattoo healing stage by style/time,2,4,5,2,3,4.6,high,https://workofarttattoo.com/healing_database_black_grey_month_1_las_vegas/,3,4,4,MERGE,https://workofarttattoo.com/las-vegas-tattoo-healing-guide/,style/time long-tail page should not remain indexable without unique studio documentation
https://workofarttattoo.com/healing_database_black_grey_tattoos_las_vegas/,healing_database_black_grey_tattoos_las_vegas/code.html,healing-database,Black & Grey Tattoo Healing Timeline — Las Vegas | Work of Art,Black & Grey Tattoo Healing — All Stages,https://workofarttattoo.com/healing_database_black_grey_tattoos_las_vegas/,"index, follow, max-snippet:-1, max-image-preview:large",695,1,1,lookup tattoo healing stage by style/time,2,4,5,2,12,4.2,high,https://workofarttattoo.com/healing_database_color_tattoos_las_vegas/,4,4,4,MERGE,https://workofarttattoo.com/las-vegas-tattoo-healing-guide/,style healing overview overlaps with master healing hub; keep subordinate only with enough real evidence
https://workofarttattoo.com/healing_database_black_grey_week_1_las_vegas/,healing_database_black_grey_week_1_las_vegas/code.html,healing-database,Black & Grey Tattoo Healing — Week 1 | Work of Art,Black & Grey Tattoo Healing — Week 1,https://workofarttattoo.com/healing_database_black_grey_week_1_las_vegas/,"index, follow, max-snippet:-1, max-image-preview:large",853,1,0,lookup tattoo healing stage by style/time,2,4,5,2,3,5,high,https://workofarttattoo.com/healing_database_black_grey_week_2_las_vegas/,3,4,4,MERGE,https://workofarttattoo.com/las-vegas-tattoo-healing-guide/,style/time long-tail page should not remain indexable without unique studio documentation
https://workofarttattoo.com/healing_database_black_grey_week_2_las_vegas/,healing_database_black_grey_week_2_las_vegas/code.html,healing-database,Black & Grey Tattoo Healing — Week 2 | Work of Art,Black & Grey Tattoo Healing — Week 2,https://workofarttattoo.com/healing_database_black_grey_week_2_las_vegas/,"index, follow, max-snippet:-1, max-image-preview:large",854,1,0,lookup tattoo healing stage by style/time,2,4,5,2,3,5,high,https://workofarttattoo.com/healing_database_black_grey_week_1_las_vegas/,3,4,4,MERGE,https://workofarttattoo.com/las-vegas-tattoo-healing-guide/,style/time long-tail page should not remain indexable without unique studio documentation
https://workofarttattoo.com/healing_database_black_grey_week_3_las_vegas/,healing_database_black_grey_week_3_las_vegas/code.html,healing-database,Black & Grey Tattoo Healing — Week 3 | Work of Art,Black & Grey Tattoo Healing — Week 3,https://workofarttattoo.com/healing_database_black_grey_week_3_las_vegas/,"index, follow, max-snippet:-1, max-image-preview:large",823,1,0,lookup tattoo healing stage by style/time,2,4,5,2,3,5,high,https://workofarttattoo.com/healing_database_black_grey_week_1_las_vegas/,3,4,4,MERGE,https://workofarttattoo.com/las-vegas-tattoo-healing-guide/,style/time long-tail page should not remain indexable without unique studio documentation
https://workofarttattoo.com/healing_database_black_grey_year_1_las_vegas/,healing_database_black_grey_year_1_las_vegas/code.html,healing-database,Black & Grey Tattoo Healing — Year 1 | Work of Art,Black & Grey Tattoo Healing — Year 1,https://workofarttattoo.com/healing_database_black_grey_year_1_las_vegas/,"index, follow, max-snippet:-1, max-image-preview:large",874,2,0,lookup tattoo healing stage by style/time,5,4,5,4,2,3.9,high,https://workofarttattoo.com/healing_database_color_year_1_las_vegas/,3,4,4,MERGE,https://workofarttattoo.com/las-vegas-tattoo-healing-guide/,style/time long-tail page should not remain indexable without unique studio documentation
https://workofarttattoo.com/healing_database_color_day_1_las_vegas/,healing_database_color_day_1_las_vegas/code.html,healing-database,Color Tattoo Healing — Day 1 | Work of Art,Color Tattoo Healing — Day 1,https://workofarttattoo.com/healing_database_color_day_1_las_vegas/,"index, follow, max-snippet:-1, max-image-preview:large",979,2,0,lookup tattoo healing stage by style/time,2,4,5,2,2,4.3,high,https://workofarttattoo.com/healing_database_portraits_day_1_las_vegas/,3,4,4,MERGE,https://workofarttattoo.com/las-vegas-tattoo-healing-guide/,style/time long-tail page should not remain indexable without unique studio documentation
https://workofarttattoo.com/healing_database_color_day_2_las_vegas/,healing_database_color_day_2_las_vegas/code.html,healing-database,Color Tattoo Healing — Day 2 | Work of Art,Color Tattoo Healing — Day 2,https://workofarttattoo.com/healing_database_color_day_2_las_vegas/,"index, follow, max-snippet:-1, max-image-preview:large",893,1,0,lookup tattoo healing stage by style/time,2,4,5,2,3,5,high,https://workofarttattoo.com/healing_database_color_day_3_las_vegas/,3,4,4,MERGE,https://workofarttattoo.com/las-vegas-tattoo-healing-guide/,style/time long-tail page should not remain indexable without unique studio documentation
https://workofarttattoo.com/healing_database_color_day_3_las_vegas/,healing_database_color_day_3_las_vegas/code.html,healing-database,Color Tattoo Healing — Day 3 | Work of Art,Color Tattoo Healing — Day 3,https://workofarttattoo.com/healing_database_color_day_3_las_vegas/,"index, follow, max-snippet:-1, max-image-preview:large",891,1,0,lookup tattoo healing stage by style/time,2,4,5,2,3,5,high,https://workofarttattoo.com/healing_database_color_day_2_las_vegas/,3,4,4,MERGE,https://workofarttattoo.com/las-vegas-tattoo-healing-guide/,style/time long-tail page should not remain indexable without unique studio documentation
https://workofarttattoo.com/healing_database_color_day_4_las_vegas/,healing_database_color_day_4_las_vegas/code.html,healing-database,Color Tattoo Healing — Day 4 | Work of Art,Color Tattoo Healing — Day 4,https://workofarttattoo.com/healing_database_color_day_4_las_vegas/,"index, follow, max-snippet:-1, max-image-preview:large",853,1,0,lookup tattoo healing stage by style/time,2,4,5,2,3,5,high,https://workofarttattoo.com/healing_database_color_day_2_las_vegas/,3,4,4,MERGE,https://workofarttattoo.com/las-vegas-tattoo-healing-guide/,style/time long-tail page should not remain indexable without unique studio documentation
https://workofarttattoo.com/healing_database_color_month_1_las_vegas/,healing_database_color_month_1_las_vegas/code.html,healing-database,Color Tattoo Healing — Month 1 | Work of Art,Color Tattoo Healing — Month 1,https://workofarttattoo.com/healing_database_color_month_1_las_vegas/,"index, follow, max-snippet:-1, max-image-preview:large",878,1,0,lookup tattoo healing stage by style/time,2,4,5,2,3,5,high,https://workofarttattoo.com/healing_database_color_month_3_las_vegas/,3,4,4,MERGE,https://workofarttattoo.com/las-vegas-tattoo-healing-guide/,style/time long-tail page should not remain indexable without unique studio documentation
https://workofarttattoo.com/healing_database_color_month_3_las_vegas/,healing_database_color_month_3_las_vegas/code.html,healing-database,Color Tattoo Healing — Month 3 | Work of Art,Color Tattoo Healing — Month 3,https://workofarttattoo.com/healing_database_color_month_3_las_vegas/,"index, follow, max-snippet:-1, max-image-preview:large",839,2,0,lookup tattoo healing stage by style/time,5,4,5,4,3,5,high,https://workofarttattoo.com/healing_database_color_month_1_las_vegas/,3,4,4,MERGE,https://workofarttattoo.com/las-vegas-tattoo-healing-guide/,style/time long-tail page should not remain indexable without unique studio documentation
https://workofarttattoo.com/healing_database_color_month_6_las_vegas/,healing_database_color_month_6_las_vegas/code.html,healing-database,Color Tattoo Healing — Month 6 | Work of Art,Color Tattoo Healing — Month 6,https://workofarttattoo.com/healing_database_color_month_6_las_vegas/,"index, follow, max-snippet:-1, max-image-preview:large",816,1,0,lookup tattoo healing stage by style/time,2,4,5,2,3,4.6,high,https://workofarttattoo.com/healing_database_color_month_1_las_vegas/,3,4,4,MERGE,https://workofarttattoo.com/las-vegas-tattoo-healing-guide/,style/time long-tail page should not remain indexable without unique studio documentation
https://workofarttattoo.com/healing_database_color_tattoos_las_vegas/,healing_database_color_tattoos_las_vegas/code.html,healing-database,Color Tattoo Healing Timeline — Las Vegas | Work of Art,Color Tattoo Healing — All Stages,https://workofarttattoo.com/healing_database_color_tattoos_las_vegas/,"index, follow, max-snippet:-1, max-image-preview:large",682,1,1,lookup tattoo healing stage by style/time,2,4,5,2,12,4.5,high,https://workofarttattoo.com/healing_database_portraits_tattoos_las_vegas/,4,4,4,MERGE,https://workofarttattoo.com/las-vegas-tattoo-healing-guide/,style healing overview overlaps with master healing hub; keep subordinate only with enough real evidence
https://workofarttattoo.com/healing_database_color_week_1_las_vegas/,healing_database_color_week_1_las_vegas/code.html,healing-database,Color Tattoo Healing — Week 1 | Work of Art,Color Tattoo Healing — Week 1,https://workofarttattoo.com/healing_database_color_week_1_las_vegas/,"index, follow, max-snippet:-1, max-image-preview:large",850,1,0,lookup tattoo healing stage by style/time,2,4,5,2,3,5,high,https://workofarttattoo.com/healing_database_color_week_2_las_vegas/,3,4,4,MERGE,https://workofarttattoo.com/las-vegas-tattoo-healing-guide/,style/time long-tail page should not remain indexable without unique studio documentation
https://workofarttattoo.com/healing_database_color_week_2_las_vegas/,healing_database_color_week_2_las_vegas/code.html,healing-database,Color Tattoo Healing — Week 2 | Work of Art,Color Tattoo Healing — Week 2,https://workofarttattoo.com/healing_database_color_week_2_las_vegas/,"index, follow, max-snippet:-1, max-image-preview:large",830,1,0,lookup tattoo healing stage by style/time,2,4,5,2,3,5,high,https://workofarttattoo.com/healing_database_color_week_1_las_vegas/,3,4,4,MERGE,https://workofarttattoo.com/las-vegas-tattoo-healing-guide/,style/time long-tail page should not remain indexable without unique studio documentation
https://workofarttattoo.com/healing_database_color_week_3_las_vegas/,healing_database_color_week_3_las_vegas/code.html,healing-database,Color Tattoo Healing — Week 3 | Work of Art,Color Tattoo Healing — Week 3,https://workofarttattoo.com/healing_database_color_week_3_las_vegas/,"index, follow, max-snippet:-1, max-image-preview:large",819,1,0,lookup tattoo healing stage by style/time,2,4,5,2,3,5,high,https://workofarttattoo.com/healing_database_color_week_1_las_vegas/,3,4,4,MERGE,https://workofarttattoo.com/las-vegas-tattoo-healing-guide/,style/time long-tail page should not remain indexable without unique studio documentation
https://workofarttattoo.com/healing_database_color_year_1_las_vegas/,healing_database_color_year_1_las_vegas/code.html,healing-database,Color Tattoo Healing — Year 1 | Work of Art,Color Tattoo Healing — Year 1,https://workofarttattoo.com/healing_database_color_year_1_las_vegas/,"index, follow, max-snippet:-1, max-image-preview:large",864,1,0,lookup tattoo healing stage by style/time,5,4,5,4,2,4.2,high,https://workofarttattoo.com/healing_database_portraits_year_1_las_vegas/,3,4,4,MERGE,https://workofarttattoo.com/las-vegas-tattoo-healing-guide/,style/time long-tail page should not remain indexable without unique studio documentation
https://workofarttattoo.com/healing_database_cover_ups_day_1_las_vegas/,healing_database_cover_ups_day_1_las_vegas/code.html,healing-database,Cover-Ups Tattoo Healing — Day 1 | Work of Art,Cover-Ups Tattoo Healing — Day 1,https://workofarttattoo.com/healing_database_cover_ups_day_1_las_vegas/,"index, follow, max-snippet:-1, max-image-preview:large",1000,1,0,lookup tattoo healing stage by style/time,2,4,5,2,2,4.3,high,https://workofarttattoo.com/healing_database_cover_ups_day_2_las_vegas/,3,4,4,MERGE,https://workofarttattoo.com/las-vegas-tattoo-healing-guide/,style/time long-tail page should not remain indexable without unique studio documentation
https://workofarttattoo.com/healing_database_cover_ups_day_2_las_vegas/,healing_database_cover_ups_day_2_las_vegas/code.html,healing-database,Cover-Ups Tattoo Healing — Day 2 | Work of Art,Cover-Ups Tattoo Healing — Day 2,https://workofarttattoo.com/healing_database_cover_ups_day_2_las_vegas/,"index, follow, max-snippet:-1, max-image-preview:large",903,1,0,lookup tattoo healing stage by style/time,2,4,5,2,3,5,high,https://workofarttattoo.com/healing_database_cover_ups_day_3_las_vegas/,3,4,4,MERGE,https://workofarttattoo.com/las-vegas-tattoo-healing-guide/,style/time long-tail page should not remain indexable without unique studio documentation
https://workofarttattoo.com/healing_database_cover_ups_day_3_las_vegas/,healing_database_cover_ups_day_3_las_vegas/code.html,healing-database,Cover-Ups Tattoo Healing — Day 3 | Work of Art,Cover-Ups Tattoo Healing — Day 3,https://workofarttattoo.com/healing_database_cover_ups_day_3_las_vegas/,"index, follow, max-snippet:-1, max-image-preview:large",884,1,0,lookup tattoo healing stage by style/time,2,4,5,2,3,5,high,https://workofarttattoo.com/healing_database_cover_ups_day_2_las_vegas/,3,4,4,MERGE,https://workofarttattoo.com/las-vegas-tattoo-healing-guide/,style/time long-tail page should not remain indexable without unique studio documentation
https://workofarttattoo.com/healing_database_cover_ups_day_4_las_vegas/,healing_database_cover_ups_day_4_las_vegas/code.html,healing-database,Cover-Ups Tattoo Healing — Day 4 | Work of Art,Cover-Ups Tattoo Healing — Day 4,https://workofarttattoo.com/healing_database_cover_ups_day_4_las_vegas/,"index, follow, max-snippet:-1, max-image-preview:large",849,1,0,lookup tattoo healing stage by style/time,2,4,5,2,3,5,high,https://workofarttattoo.com/healing_database_cover_ups_day_2_las_vegas/,3,4,4,MERGE,https://workofarttattoo.com/las-vegas-tattoo-healing-guide/,style/time long-tail page should not remain indexable without unique studio documentation
https://workofarttattoo.com/healing_database_cover_ups_month_1_las_vegas/,healing_database_cover_ups_month_1_las_vegas/code.html,healing-database,Cover-Ups Tattoo Healing — Month 1 | Work of Art,Cover-Ups Tattoo Healing — Month 1,https://workofarttattoo.com/healing_database_cover_ups_month_1_las_vegas/,"index, follow, max-snippet:-1, max-image-preview:large",876,1,0,lookup tattoo healing stage by style/time,2,4,5,2,3,5,high,https://workofarttattoo.com/healing_database_cover_ups_month_3_las_vegas/,3,4,4,MERGE,https://workofarttattoo.com/las-vegas-tattoo-healing-guide/,style/time long-tail page should not remain indexable without unique studio documentation
https://workofarttattoo.com/healing_database_cover_ups_month_3_las_vegas/,healing_database_cover_ups_month_3_las_vegas/code.html,healing-database,Cover-Ups Tattoo Healing — Month 3 | Work of Art,Cover-Ups Tattoo Healing — Month 3,https://workofarttattoo.com/healing_database_cover_ups_month_3_las_vegas/,"index, follow, max-snippet:-1, max-image-preview:large",843,2,0,lookup tattoo healing stage by style/time,5,4,5,4,3,5,high,https://workofarttattoo.com/healing_database_cover_ups_month_1_las_vegas/,3,4,4,MERGE,https://workofarttattoo.com/las-vegas-tattoo-healing-guide/,style/time long-tail page should not remain indexable without unique studio documentation
https://workofarttattoo.com/healing_database_cover_ups_month_6_las_vegas/,healing_database_cover_ups_month_6_las_vegas/code.html,healing-database,Cover-Ups Tattoo Healing — Month 6 | Work of Art,Cover-Ups Tattoo Healing — Month 6,https://workofarttattoo.com/healing_database_cover_ups_month_6_las_vegas/,"index, follow, max-snippet:-1, max-image-preview:large",823,2,0,lookup tattoo healing stage by style/time,2,4,5,2,3,4.6,high,https://workofarttattoo.com/healing_database_cover_ups_month_1_las_vegas/,3,4,4,MERGE,https://workofarttattoo.com/las-vegas-tattoo-healing-guide/,style/time long-tail page should not remain indexable without unique studio documentation
https://workofarttattoo.com/healing_database_cover_ups_tattoos_las_vegas/,healing_database_cover_ups_tattoos_las_vegas/code.html,healing-database,Cover-Ups Tattoo Healing Timeline — Las Vegas | Work of Art,Cover-Ups Tattoo Healing — All Stages,https://workofarttattoo.com/healing_database_cover_ups_tattoos_las_vegas/,"index, follow, max-snippet:-1, max-image-preview:large",689,1,1,lookup tattoo healing stage by style/time,2,4,5,2,12,4.2,high,https://workofarttattoo.com/healing_database_color_tattoos_las_vegas/,4,4,4,MERGE,https://workofarttattoo.com/las-vegas-tattoo-healing-guide/,style healing overview overlaps with master healing hub; keep subordinate only with enough real evidence
https://workofarttattoo.com/healing_database_cover_ups_week_1_las_vegas/,healing_database_cover_ups_week_1_las_vegas/code.html,healing-database,Cover-Ups Tattoo Healing — Week 1 | Work of Art,Cover-Ups Tattoo Healing — Week 1,https://workofarttattoo.com/healing_database_cover_ups_week_1_las_vegas/,"index, follow, max-snippet:-1, max-image-preview:large",853,1,0,lookup tattoo healing stage by style/time,2,4,5,2,3,5,high,https://workofarttattoo.com/healing_database_cover_ups_week_2_las_vegas/,3,4,4,MERGE,https://workofarttattoo.com/las-vegas-tattoo-healing-guide/,style/time long-tail page should not remain indexable without unique studio documentation
https://workofarttattoo.com/healing_database_cover_ups_week_2_las_vegas/,healing_database_cover_ups_week_2_las_vegas/code.html,healing-database,Cover-Ups Tattoo Healing — Week 2 | Work of Art,Cover-Ups Tattoo Healing — Week 2,https://workofarttattoo.com/healing_database_cover_ups_week_2_las_vegas/,"index, follow, max-snippet:-1, max-image-preview:large",850,1,0,lookup tattoo healing stage by style/time,2,4,5,2,3,5,high,https://workofarttattoo.com/healing_database_cover_ups_week_1_las_vegas/,3,4,4,MERGE,https://workofarttattoo.com/las-vegas-tattoo-healing-guide/,style/time long-tail page should not remain indexable without unique studio documentation
https://workofarttattoo.com/healing_database_cover_ups_week_3_las_vegas/,healing_database_cover_ups_week_3_las_vegas/code.html,healing-database,Cover-Ups Tattoo Healing — Week 3 | Work of Art,Cover-Ups Tattoo Healing — Week 3,https://workofarttattoo.com/healing_database_cover_ups_week_3_las_vegas/,"index, follow, max-snippet:-1, max-image-preview:large",839,1,0,lookup tattoo healing stage by style/time,2,4,5,2,3,5,high,https://workofarttattoo.com/healing_database_cover_ups_week_1_las_vegas/,3,4,4,MERGE,https://workofarttattoo.com/las-vegas-tattoo-healing-guide/,style/time long-tail page should not remain indexable without unique studio documentation
https://workofarttattoo.com/healing_database_cover_ups_year_1_las_vegas/,healing_database_cover_ups_year_1_las_vegas/code.html,healing-database,Cover-Ups Tattoo Healing — Year 1 | Work of Art,Cover-Ups Tattoo Healing — Year 1,https://workofarttattoo.com/healing_database_cover_ups_year_1_las_vegas/,"index, follow, max-snippet:-1, max-image-preview:large",859,1,0,lookup tattoo healing stage by style/time,5,4,5,4,2,3.9,high,https://workofarttattoo.com/healing_database_color_year_1_las_vegas/,3,4,4,MERGE,https://workofarttattoo.com/las-vegas-tattoo-healing-guide/,style/time long-tail page should not remain indexable without unique studio documentation
https://workofarttattoo.com/healing_database_fine_line_day_1_las_vegas/,healing_database_fine_line_day_1_las_vegas/code.html,healing-database,Fine Line Tattoo Healing — Day 1 | Work of Art,Fine Line Tattoo Healing — Day 1,https://workofarttattoo.com/healing_database_fine_line_day_1_las_vegas/,"index, follow, max-snippet:-1, max-image-preview:large",989,1,0,lookup tattoo healing stage by style/time,2,4,5,2,2,4.3,high,https://workofarttattoo.com/healing_database_fine_line_day_2_las_vegas/,3,4,4,MERGE,https://workofarttattoo.com/las-vegas-tattoo-healing-guide/,style/time long-tail page should not remain indexable without unique studio documentation
https://workofarttattoo.com/healing_database_fine_line_day_2_las_vegas/,healing_database_fine_line_day_2_las_vegas/code.html,healing-database,Fine Line Tattoo Healing — Day 2 | Work of Art,Fine Line Tattoo Healing — Day 2,https://workofarttattoo.com/healing_database_fine_line_day_2_las_vegas/,"index, follow, max-snippet:-1, max-image-preview:large",912,1,0,lookup tattoo healing stage by style/time,2,4,5,2,3,5,high,https://workofarttattoo.com/healing_database_fine_line_day_3_las_vegas/,3,4,4,MERGE,https://workofarttattoo.com/las-vegas-tattoo-healing-guide/,style/time long-tail page should not remain indexable without unique studio documentation
https://workofarttattoo.com/healing_database_fine_line_day_3_las_vegas/,healing_database_fine_line_day_3_las_vegas/code.html,healing-database,Fine Line Tattoo Healing — Day 3 | Work of Art,Fine Line Tattoo Healing — Day 3,https://workofarttattoo.com/healing_database_fine_line_day_3_las_vegas/,"index, follow, max-snippet:-1, max-image-preview:large",897,1,0,lookup tattoo healing stage by style/time,2,4,5,2,3,5,high,https://workofarttattoo.com/healing_database_fine_line_day_2_las_vegas/,3,4,4,MERGE,https://workofarttattoo.com/las-vegas-tattoo-healing-guide/,style/time long-tail page should not remain indexable without unique studio documentation
https://workofarttattoo.com/healing_database_fine_line_day_4_las_vegas/,healing_database_fine_line_day_4_las_vegas/code.html,healing-database,Fine Line Tattoo Healing — Day 4 | Work of Art,Fine Line Tattoo Healing — Day 4,https://workofarttattoo.com/healing_database_fine_line_day_4_las_vegas/,"index, follow, max-snippet:-1, max-image-preview:large",849,1,0,lookup tattoo healing stage by style/time,2,4,5,2,3,5,high,https://workofarttattoo.com/healing_database_fine_line_day_2_las_vegas/,3,4,4,MERGE,https://workofarttattoo.com/las-vegas-tattoo-healing-guide/,style/time long-tail page should not remain indexable without unique studio documentation
https://workofarttattoo.com/healing_database_fine_line_month_1_las_vegas/,healing_database_fine_line_month_1_las_vegas/code.html,healing-database,Fine Line Tattoo Healing — Month 1 | Work of Art,Fine Line Tattoo Healing — Month 1,https://workofarttattoo.com/healing_database_fine_line_month_1_las_vegas/,"index, follow, max-snippet:-1, max-image-preview:large",875,1,0,lookup tattoo healing stage by style/time,2,4,5,2,3,5,high,https://workofarttattoo.com/healing_database_fine_line_month_3_las_vegas/,3,4,4,MERGE,https://workofarttattoo.com/las-vegas-tattoo-healing-guide/,style/time long-tail page should not remain indexable without unique studio documentation
https://workofarttattoo.com/healing_database_fine_line_month_3_las_vegas/,healing_database_fine_line_month_3_las_vegas/code.html,healing-database,Fine Line Tattoo Healing — Month 3 | Work of Art,Fine Line Tattoo Healing — Month 3,https://workofarttattoo.com/healing_database_fine_line_month_3_las_vegas/,"index, follow, max-snippet:-1, max-image-preview:large",848,3,0,lookup tattoo healing stage by style/time,5,4,5,4,3,5,high,https://workofarttattoo.com/healing_database_fine_line_month_1_las_vegas/,3,4,4,MERGE,https://workofarttattoo.com/las-vegas-tattoo-healing-guide/,style/time long-tail page should not remain indexable without unique studio documentation
https://workofarttattoo.com/healing_database_fine_line_month_6_las_vegas/,healing_database_fine_line_month_6_las_vegas/code.html,healing-database,Fine Line Tattoo Healing — Month 6 | Work of Art,Fine Line Tattoo Healing — Month 6,https://workofarttattoo.com/healing_database_fine_line_month_6_las_vegas/,"index, follow, max-snippet:-1, max-image-preview:large",826,1,0,lookup tattoo healing stage by style/time,2,4,5,2,3,4.6,high,https://workofarttattoo.com/healing_database_fine_line_month_1_las_vegas/,3,4,4,MERGE,https://workofarttattoo.com/las-vegas-tattoo-healing-guide/,style/time long-tail page should not remain indexable without unique studio documentation
https://workofarttattoo.com/healing_database_fine_line_tattoos_las_vegas/,healing_database_fine_line_tattoos_las_vegas/code.html,healing-database,Fine Line Tattoo Healing Timeline — Las Vegas | Work of Art,Fine Line Tattoo Healing — All Stages,https://workofarttattoo.com/healing_database_fine_line_tattoos_las_vegas/,"index, follow, max-snippet:-1, max-image-preview:large",699,1,1,lookup tattoo healing stage by style/time,2,4,5,2,12,4.2,high,https://workofarttattoo.com/healing_database_color_tattoos_las_vegas/,4,4,4,MERGE,https://workofarttattoo.com/las-vegas-tattoo-healing-guide/,style healing overview overlaps with master healing hub; keep subordinate only with enough real evidence
https://workofarttattoo.com/healing_database_fine_line_week_1_las_vegas/,healing_database_fine_line_week_1_las_vegas/code.html,healing-database,Fine Line Tattoo Healing — Week 1 | Work of Art,Fine Line Tattoo Healing — Week 1,https://workofarttattoo.com/healing_database_fine_line_week_1_las_vegas/,"index, follow, max-snippet:-1, max-image-preview:large",844,1,0,lookup tattoo healing stage by style/time,2,4,5,2,3,5,high,https://workofarttattoo.com/healing_database_fine_line_week_2_las_vegas/,3,4,4,MERGE,https://workofarttattoo.com/las-vegas-tattoo-healing-guide/,style/time long-tail page should not remain indexable without unique studio documentation
https://workofarttattoo.com/healing_database_fine_line_week_2_las_vegas/,healing_database_fine_line_week_2_las_vegas/code.html,healing-database,Fine Line Tattoo Healing — Week 2 | Work of Art,Fine Line Tattoo Healing — Week 2,https://workofarttattoo.com/healing_database_fine_line_week_2_las_vegas/,"index, follow, max-snippet:-1, max-image-preview:large",850,1,0,lookup tattoo healing stage by style/time,2,4,5,2,3,5,high,https://workofarttattoo.com/healing_database_fine_line_week_1_las_vegas/,3,4,4,MERGE,https://workofarttattoo.com/las-vegas-tattoo-healing-guide/,style/time long-tail page should not remain indexable without unique studio documentation
https://workofarttattoo.com/healing_database_fine_line_week_3_las_vegas/,healing_database_fine_line_week_3_las_vegas/code.html,healing-database,Fine Line Tattoo Healing — Week 3 | Work of Art,Fine Line Tattoo Healing — Week 3,https://workofarttattoo.com/healing_database_fine_line_week_3_las_vegas/,"index, follow, max-snippet:-1, max-image-preview:large",837,1,0,lookup tattoo healing stage by style/time,2,4,5,2,3,5,high,https://workofarttattoo.com/healing_database_fine_line_week_1_las_vegas/,3,4,4,MERGE,https://workofarttattoo.com/las-vegas-tattoo-healing-guide/,style/time long-tail page should not remain indexable without unique studio documentation
https://workofarttattoo.com/healing_database_fine_line_year_1_las_vegas/,healing_database_fine_line_year_1_las_vegas/code.html,healing-database,Fine Line Tattoo Healing — Year 1 | Work of Art,Fine Line Tattoo Healing — Year 1,https://workofarttattoo.com/healing_database_fine_line_year_1_las_vegas/,"index, follow, max-snippet:-1, max-image-preview:large",860,1,0,lookup tattoo healing stage by style/time,5,4,5,4,2,3.9,high,https://workofarttattoo.com/healing_database_color_year_1_las_vegas/,3,4,4,MERGE,https://workofarttattoo.com/las-vegas-tattoo-healing-guide/,style/time long-tail page should not remain indexable without unique studio documentation
https://workofarttattoo.com/healing_database_neo_traditional_day_1_las_vegas/,healing_database_neo_traditional_day_1_las_vegas/code.html,healing-database,Neo-Traditional Tattoo Healing — Day 1 | Work of Art,Neo-Traditional Tattoo Healing — Day 1,https://workofarttattoo.com/healing_database_neo_traditional_day_1_las_vegas/,"index, follow, max-snippet:-1, max-image-preview:large",997,1,0,lookup tattoo healing stage by style/time,2,4,5,2,2,4.7,high,https://workofarttattoo.com/healing_database_traditional_day_1_las_vegas/,3,4,4,MERGE,https://workofarttattoo.com/las-vegas-tattoo-healing-guide/,style/time long-tail page should not remain indexable without unique studio documentation
https://workofarttattoo.com/healing_database_neo_traditional_day_2_las_vegas/,healing_database_neo_traditional_day_2_las_vegas/code.html,healing-database,Neo-Traditional Tattoo Healing — Day 2 | Work of Art,Neo-Traditional Tattoo Healing — Day 2,https://workofarttattoo.com/healing_database_neo_traditional_day_2_las_vegas/,"index, follow, max-snippet:-1, max-image-preview:large",895,1,0,lookup tattoo healing stage by style/time,2,4,5,2,3,5,high,https://workofarttattoo.com/healing_database_neo_traditional_day_3_las_vegas/,3,4,4,MERGE,https://workofarttattoo.com/las-vegas-tattoo-healing-guide/,style/time long-tail page should not remain indexable without unique studio documentation
https://workofarttattoo.com/healing_database_neo_traditional_day_3_las_vegas/,healing_database_neo_traditional_day_3_las_vegas/code.html,healing-database,Neo-Traditional Tattoo Healing — Day 3 | Work of Art,Neo-Traditional Tattoo Healing — Day 3,https://workofarttattoo.com/healing_database_neo_traditional_day_3_las_vegas/,"index, follow, max-snippet:-1, max-image-preview:large",893,1,0,lookup tattoo healing stage by style/time,2,4,5,2,3,5,high,https://workofarttattoo.com/healing_database_neo_traditional_day_2_las_vegas/,3,4,4,MERGE,https://workofarttattoo.com/las-vegas-tattoo-healing-guide/,style/time long-tail page should not remain indexable without unique studio documentation
https://workofarttattoo.com/healing_database_neo_traditional_day_4_las_vegas/,healing_database_neo_traditional_day_4_las_vegas/code.html,healing-database,Neo-Traditional Tattoo Healing — Day 4 | Work of Art,Neo-Traditional Tattoo Healing — Day 4,https://workofarttattoo.com/healing_database_neo_traditional_day_4_las_vegas/,"index, follow, max-snippet:-1, max-image-preview:large",844,1,0,lookup tattoo healing stage by style/time,2,4,5,2,3,5,high,https://workofarttattoo.com/healing_database_neo_traditional_day_2_las_vegas/,3,4,4,MERGE,https://workofarttattoo.com/las-vegas-tattoo-healing-guide/,style/time long-tail page should not remain indexable without unique studio documentation
https://workofarttattoo.com/healing_database_neo_traditional_month_1_las_vegas/,healing_database_neo_traditional_month_1_las_vegas/code.html,healing-database,Neo-Traditional Tattoo Healing — Month 1 | Work of Art,Neo-Traditional Tattoo Healing — Month 1,https://workofarttattoo.com/healing_database_neo_traditional_month_1_las_vegas/,"index, follow, max-snippet:-1, max-image-preview:large",868,1,0,lookup tattoo healing stage by style/time,2,4,5,2,3,5,high,https://workofarttattoo.com/healing_database_neo_traditional_month_3_las_vegas/,3,4,4,MERGE,https://workofarttattoo.com/las-vegas-tattoo-healing-guide/,style/time long-tail page should not remain indexable without unique studio documentation
https://workofarttattoo.com/healing_database_neo_traditional_month_3_las_vegas/,healing_database_neo_traditional_month_3_las_vegas/code.html,healing-database,Neo-Traditional Tattoo Healing — Month 3 | Work of Art,Neo-Traditional Tattoo Healing — Month 3,https://workofarttattoo.com/healing_database_neo_traditional_month_3_las_vegas/,"index, follow, max-snippet:-1, max-image-preview:large",850,1,0,lookup tattoo healing stage by style/time,5,4,5,4,3,5,high,https://workofarttattoo.com/healing_database_neo_traditional_month_1_las_vegas/,3,4,4,MERGE,https://workofarttattoo.com/las-vegas-tattoo-healing-guide/,style/time long-tail page should not remain indexable without unique studio documentation
https://workofarttattoo.com/healing_database_neo_traditional_month_6_las_vegas/,healing_database_neo_traditional_month_6_las_vegas/code.html,healing-database,Neo-Traditional Tattoo Healing — Month 6 | Work of Art,Neo-Traditional Tattoo Healing — Month 6,https://workofarttattoo.com/healing_database_neo_traditional_month_6_las_vegas/,"index, follow, max-snippet:-1, max-image-preview:large",820,1,0,lookup tattoo healing stage by style/time,2,4,5,2,3,4.6,high,https://workofarttattoo.com/healing_database_neo_traditional_month_1_las_vegas/,3,4,4,MERGE,https://workofarttattoo.com/las-vegas-tattoo-healing-guide/,style/time long-tail page should not remain indexable without unique studio documentation
https://workofarttattoo.com/healing_database_neo_traditional_tattoos_las_vegas/,healing_database_neo_traditional_tattoos_las_vegas/code.html,healing-database,Neo-Traditional Tattoo Healing Timeline — Las Vegas | Work of Art,Neo-Traditional Tattoo Healing — All Stages,https://workofarttattoo.com/healing_database_neo_traditional_tattoos_las_vegas/,"index, follow, max-snippet:-1, max-image-preview:large",683,1,1,lookup tattoo healing stage by style/time,2,4,5,2,12,4.7,high,https://workofarttattoo.com/healing_database_traditional_tattoos_las_vegas/,4,4,4,MERGE,https://workofarttattoo.com/las-vegas-tattoo-healing-guide/,style healing overview overlaps with master healing hub; keep subordinate only with enough real evidence
https://workofarttattoo.com/healing_database_neo_traditional_week_1_las_vegas/,healing_database_neo_traditional_week_1_las_vegas/code.html,healing-database,Neo-Traditional Tattoo Healing — Week 1 | Work of Art,Neo-Traditional Tattoo Healing — Week 1,https://workofarttattoo.com/healing_database_neo_traditional_week_1_las_vegas/,"index, follow, max-snippet:-1, max-image-preview:large",836,1,0,lookup tattoo healing stage by style/time,2,4,5,2,3,5,high,https://workofarttattoo.com/healing_database_neo_traditional_week_2_las_vegas/,3,4,4,MERGE,https://workofarttattoo.com/las-vegas-tattoo-healing-guide/,style/time long-tail page should not remain indexable without unique studio documentation
https://workofarttattoo.com/healing_database_neo_traditional_week_2_las_vegas/,healing_database_neo_traditional_week_2_las_vegas/code.html,healing-database,Neo-Traditional Tattoo Healing — Week 2 | Work of Art,Neo-Traditional Tattoo Healing — Week 2,https://workofarttattoo.com/healing_database_neo_traditional_week_2_las_vegas/,"index, follow, max-snippet:-1, max-image-preview:large",853,1,0,lookup tattoo healing stage by style/time,2,4,5,2,3,5,high,https://workofarttattoo.com/healing_database_neo_traditional_week_1_las_vegas/,3,4,4,MERGE,https://workofarttattoo.com/las-vegas-tattoo-healing-guide/,style/time long-tail page should not remain indexable without unique studio documentation
https://workofarttattoo.com/healing_database_neo_traditional_week_3_las_vegas/,healing_database_neo_traditional_week_3_las_vegas/code.html,healing-database,Neo-Traditional Tattoo Healing — Week 3 | Work of Art,Neo-Traditional Tattoo Healing — Week 3,https://workofarttattoo.com/healing_database_neo_traditional_week_3_las_vegas/,"index, follow, max-snippet:-1, max-image-preview:large",821,1,0,lookup tattoo healing stage by style/time,2,4,5,2,3,5,high,https://workofarttattoo.com/healing_database_neo_traditional_week_1_las_vegas/,3,4,4,MERGE,https://workofarttattoo.com/las-vegas-tattoo-healing-guide/,style/time long-tail page should not remain indexable without unique studio documentation
https://workofarttattoo.com/healing_database_neo_traditional_year_1_las_vegas/,healing_database_neo_traditional_year_1_las_vegas/code.html,healing-database,Neo-Traditional Tattoo Healing — Year 1 | Work of Art,Neo-Traditional Tattoo Healing — Year 1,https://workofarttattoo.com/healing_database_neo_traditional_year_1_las_vegas/,"index, follow, max-snippet:-1, max-image-preview:large",857,1,0,lookup tattoo healing stage by style/time,5,4,5,4,2,4.6,high,https://workofarttattoo.com/healing_database_traditional_year_1_las_vegas/,3,4,4,MERGE,https://workofarttattoo.com/las-vegas-tattoo-healing-guide/,style/time long-tail page should not remain indexable without unique studio documentation
https://workofarttattoo.com/healing_database_portraits_day_1_las_vegas/,healing_database_portraits_day_1_las_vegas/code.html,healing-database,Portraits Tattoo Healing — Day 1 | Work of Art,Portraits Tattoo Healing — Day 1,https://workofarttattoo.com/healing_database_portraits_day_1_las_vegas/,"index, follow, max-snippet:-1, max-image-preview:large",988,2,0,lookup tattoo healing stage by style/time,2,4,5,2,2,4.3,high,https://workofarttattoo.com/healing_database_color_day_1_las_vegas/,3,4,4,MERGE,https://workofarttattoo.com/las-vegas-tattoo-healing-guide/,style/time long-tail page should not remain indexable without unique studio documentation
https://workofarttattoo.com/healing_database_portraits_day_2_las_vegas/,healing_database_portraits_day_2_las_vegas/code.html,healing-database,Portraits Tattoo Healing — Day 2 | Work of Art,Portraits Tattoo Healing — Day 2,https://workofarttattoo.com/healing_database_portraits_day_2_las_vegas/,"index, follow, max-snippet:-1, max-image-preview:large",893,1,0,lookup tattoo healing stage by style/time,2,4,5,2,3,5,high,https://workofarttattoo.com/healing_database_portraits_day_3_las_vegas/,3,4,4,MERGE,https://workofarttattoo.com/las-vegas-tattoo-healing-guide/,style/time long-tail page should not remain indexable without unique studio documentation
https://workofarttattoo.com/healing_database_portraits_day_3_las_vegas/,healing_database_portraits_day_3_las_vegas/code.html,healing-database,Portraits Tattoo Healing — Day 3 | Work of Art,Portraits Tattoo Healing — Day 3,https://workofarttattoo.com/healing_database_portraits_day_3_las_vegas/,"index, follow, max-snippet:-1, max-image-preview:large",878,1,0,lookup tattoo healing stage by style/time,2,4,5,2,3,5,high,https://workofarttattoo.com/healing_database_portraits_day_2_las_vegas/,3,4,4,MERGE,https://workofarttattoo.com/las-vegas-tattoo-healing-guide/,style/time long-tail page should not remain indexable without unique studio documentation
https://workofarttattoo.com/healing_database_portraits_day_4_las_vegas/,healing_database_portraits_day_4_las_vegas/code.html,healing-database,Portraits Tattoo Healing — Day 4 | Work of Art,Portraits Tattoo Healing — Day 4,https://workofarttattoo.com/healing_database_portraits_day_4_las_vegas/,"index, follow, max-snippet:-1, max-image-preview:large",840,1,0,lookup tattoo healing stage by style/time,2,4,5,2,3,5,high,https://workofarttattoo.com/healing_database_portraits_day_2_las_vegas/,3,4,4,MERGE,https://workofarttattoo.com/las-vegas-tattoo-healing-guide/,style/time long-tail page should not remain indexable without unique studio documentation
https://workofarttattoo.com/healing_database_portraits_month_1_las_vegas/,healing_database_portraits_month_1_las_vegas/code.html,healing-database,Portraits Tattoo Healing — Month 1 | Work of Art,Portraits Tattoo Healing — Month 1,https://workofarttattoo.com/healing_database_portraits_month_1_las_vegas/,"index, follow, max-snippet:-1, max-image-preview:large",865,1,0,lookup tattoo healing stage by style/time,2,4,5,2,3,5,high,https://workofarttattoo.com/healing_database_portraits_month_3_las_vegas/,3,4,4,MERGE,https://workofarttattoo.com/las-vegas-tattoo-healing-guide/,style/time long-tail page should not remain indexable without unique studio documentation
https://workofarttattoo.com/healing_database_portraits_month_3_las_vegas/,healing_database_portraits_month_3_las_vegas/code.html,healing-database,Portraits Tattoo Healing — Month 3 | Work of Art,Portraits Tattoo Healing — Month 3,https://workofarttattoo.com/healing_database_portraits_month_3_las_vegas/,"index, follow, max-snippet:-1, max-image-preview:large",838,2,0,lookup tattoo healing stage by style/time,5,4,5,4,3,5,high,https://workofarttattoo.com/healing_database_portraits_month_1_las_vegas/,3,4,4,MERGE,https://workofarttattoo.com/las-vegas-tattoo-healing-guide/,style/time long-tail page should not remain indexable without unique studio documentation
https://workofarttattoo.com/healing_database_portraits_month_6_las_vegas/,healing_database_portraits_month_6_las_vegas/code.html,healing-database,Portraits Tattoo Healing — Month 6 | Work of Art,Portraits Tattoo Healing — Month 6,https://workofarttattoo.com/healing_database_portraits_month_6_las_vegas/,"index, follow, max-snippet:-1, max-image-preview:large",828,1,0,lookup tattoo healing stage by style/time,2,4,5,2,3,4.6,high,https://workofarttattoo.com/healing_database_portraits_month_1_las_vegas/,3,4,4,MERGE,https://workofarttattoo.com/las-vegas-tattoo-healing-guide/,style/time long-tail page should not remain indexable without unique studio documentation
https://workofarttattoo.com/healing_database_portraits_tattoos_las_vegas/,healing_database_portraits_tattoos_las_vegas/code.html,healing-database,Portraits Tattoo Healing Timeline — Las Vegas | Work of Art,Portraits Tattoo Healing — All Stages,https://workofarttattoo.com/healing_database_portraits_tattoos_las_vegas/,"index, follow, max-snippet:-1, max-image-preview:large",683,1,1,lookup tattoo healing stage by style/time,2,4,5,2,12,4.5,high,https://workofarttattoo.com/healing_database_color_tattoos_las_vegas/,4,4,4,MERGE,https://workofarttattoo.com/las-vegas-tattoo-healing-guide/,style healing overview overlaps with master healing hub; keep subordinate only with enough real evidence
https://workofarttattoo.com/healing_database_portraits_week_1_las_vegas/,healing_database_portraits_week_1_las_vegas/code.html,healing-database,Portraits Tattoo Healing — Week 1 | Work of Art,Portraits Tattoo Healing — Week 1,https://workofarttattoo.com/healing_database_portraits_week_1_las_vegas/,"index, follow, max-snippet:-1, max-image-preview:large",834,1,0,lookup tattoo healing stage by style/time,2,4,5,2,3,5,high,https://workofarttattoo.com/healing_database_portraits_week_2_las_vegas/,3,4,4,MERGE,https://workofarttattoo.com/las-vegas-tattoo-healing-guide/,style/time long-tail page should not remain indexable without unique studio documentation
https://workofarttattoo.com/healing_database_portraits_week_2_las_vegas/,healing_database_portraits_week_2_las_vegas/code.html,healing-database,Portraits Tattoo Healing — Week 2 | Work of Art,Portraits Tattoo Healing — Week 2,https://workofarttattoo.com/healing_database_portraits_week_2_las_vegas/,"index, follow, max-snippet:-1, max-image-preview:large",856,1,0,lookup tattoo healing stage by style/time,2,4,5,2,3,5,high,https://workofarttattoo.com/healing_database_portraits_week_1_las_vegas/,3,4,4,MERGE,https://workofarttattoo.com/las-vegas-tattoo-healing-guide/,style/time long-tail page should not remain indexable without unique studio documentation
https://workofarttattoo.com/healing_database_portraits_week_3_las_vegas/,healing_database_portraits_week_3_las_vegas/code.html,healing-database,Portraits Tattoo Healing — Week 3 | Work of Art,Portraits Tattoo Healing — Week 3,https://workofarttattoo.com/healing_database_portraits_week_3_las_vegas/,"index, follow, max-snippet:-1, max-image-preview:large",817,1,0,lookup tattoo healing stage by style/time,2,4,5,2,3,5,high,https://workofarttattoo.com/healing_database_portraits_week_1_las_vegas/,3,4,4,MERGE,https://workofarttattoo.com/las-vegas-tattoo-healing-guide/,style/time long-tail page should not remain indexable without unique studio documentation
https://workofarttattoo.com/healing_database_portraits_year_1_las_vegas/,healing_database_portraits_year_1_las_vegas/code.html,healing-database,Portraits Tattoo Healing — Year 1 | Work of Art,Portraits Tattoo Healing — Year 1,https://workofarttattoo.com/healing_database_portraits_year_1_las_vegas/,"index, follow, max-snippet:-1, max-image-preview:large",854,2,0,lookup tattoo healing stage by style/time,5,4,5,4,2,4.2,high,https://workofarttattoo.com/healing_database_color_year_1_las_vegas/,3,4,4,MERGE,https://workofarttattoo.com/las-vegas-tattoo-healing-guide/,style/time long-tail page should not remain indexable without unique studio documentation
https://workofarttattoo.com/healing_database_tattoo_day_1_las_vegas/,healing_database_tattoo_day_1_las_vegas/code.html,healing-database,Tattoo Healing Day 1 — What to Expect | Work of Art,Tattoo Healing Day 1 — What to Expect,https://workofarttattoo.com/healing_database_tattoo_day_1_las_vegas/,"index, follow, max-snippet:-1, max-image-preview:large",1036,8,2,lookup tattoo healing stage by style/time,5,5,5,4,9,2.6,medium,https://workofarttattoo.com/healing_database_tattoo_day_4_las_vegas/,3,4,4,MERGE,https://workofarttattoo.com/las-vegas-tattoo-healing-guide/,style/time long-tail page should not remain indexable without unique studio documentation
https://workofarttattoo.com/healing_database_tattoo_day_2_las_vegas/,healing_database_tattoo_day_2_las_vegas/code.html,healing-database,Tattoo Healing Day 2 — What to Expect | Work of Art,Tattoo Healing Day 2 — What to Expect,https://workofarttattoo.com/healing_database_tattoo_day_2_las_vegas/,"index, follow, max-snippet:-1, max-image-preview:large",898,1,2,lookup tattoo healing stage by style/time,2,4,5,2,3,2.3,low-medium,https://workofarttattoo.com/healing_database_tattoo_day_1_las_vegas/,3,4,4,MERGE,https://workofarttattoo.com/las-vegas-tattoo-healing-guide/,style/time long-tail page should not remain indexable without unique studio documentation
https://workofarttattoo.com/healing_database_tattoo_day_3_las_vegas/,healing_database_tattoo_day_3_las_vegas/code.html,healing-database,Tattoo Healing Day 3 — What to Expect | Work of Art,Tattoo Healing Day 3 — What to Expect,https://workofarttattoo.com/healing_database_tattoo_day_3_las_vegas/,"index, follow, max-snippet:-1, max-image-preview:large",892,1,2,lookup tattoo healing stage by style/time,2,4,5,2,3,2.6,medium,https://workofarttattoo.com/healing_database_tattoo_day_4_las_vegas/,3,4,4,MERGE,https://workofarttattoo.com/las-vegas-tattoo-healing-guide/,style/time long-tail page should not remain indexable without unique studio documentation
https://workofarttattoo.com/healing_database_tattoo_day_4_las_vegas/,healing_database_tattoo_day_4_las_vegas/code.html,healing-database,Tattoo Healing Day 4 — What to Expect | Work of Art,Tattoo Healing Day 4 — What to Expect,https://workofarttattoo.com/healing_database_tattoo_day_4_las_vegas/,"index, follow, max-snippet:-1, max-image-preview:large",839,1,2,lookup tattoo healing stage by style/time,2,4,5,2,3,2.6,medium,https://workofarttattoo.com/healing_database_tattoo_day_3_las_vegas/,3,4,4,MERGE,https://workofarttattoo.com/las-vegas-tattoo-healing-guide/,style/time long-tail page should not remain indexable without unique studio documentation
https://workofarttattoo.com/healing_database_tattoo_month_1_las_vegas/,healing_database_tattoo_month_1_las_vegas/code.html,healing-database,Tattoo Healing Month 1 — What to Expect | Work of Art,Tattoo Healing Month 1 — What to Expect,https://workofarttattoo.com/healing_database_tattoo_month_1_las_vegas/,"index, follow, max-snippet:-1, max-image-preview:large",868,1,2,lookup tattoo healing stage by style/time,2,4,5,2,3,2.5,medium,https://workofarttattoo.com/healing_database_tattoo_month_3_las_vegas/,3,4,4,MERGE,https://workofarttattoo.com/las-vegas-tattoo-healing-guide/,style/time long-tail page should not remain indexable without unique studio documentation
https://workofarttattoo.com/healing_database_tattoo_month_3_las_vegas/,healing_database_tattoo_month_3_las_vegas/code.html,healing-database,Tattoo Healing Month 3 — What to Expect | Work of Art,Tattoo Healing Month 3 — What to Expect,https://workofarttattoo.com/healing_database_tattoo_month_3_las_vegas/,"index, follow, max-snippet:-1, max-image-preview:large",870,7,2,lookup tattoo healing stage by style/time,5,5,5,4,3,2.6,medium,https://workofarttattoo.com/healing_database_tattoo_month_6_las_vegas/,3,4,4,MERGE,https://workofarttattoo.com/las-vegas-tattoo-healing-guide/,style/time long-tail page should not remain indexable without unique studio documentation
https://workofarttattoo.com/healing_database_tattoo_month_6_las_vegas/,healing_database_tattoo_month_6_las_vegas/code.html,healing-database,Tattoo Healing Month 6 — What to Expect | Work of Art,Tattoo Healing Month 6 — What to Expect,https://workofarttattoo.com/healing_database_tattoo_month_6_las_vegas/,"index, follow, max-snippet:-1, max-image-preview:large",804,2,2,lookup tattoo healing stage by style/time,2,4,5,2,3,2.6,medium,https://workofarttattoo.com/healing_database_tattoo_month_3_las_vegas/,3,4,4,MERGE,https://workofarttattoo.com/las-vegas-tattoo-healing-guide/,style/time long-tail page should not remain indexable without unique studio documentation
https://workofarttattoo.com/healing_database_tattoo_timeline_encyclopedia_las_vegas/,healing_database_tattoo_timeline_encyclopedia_las_vegas/code.html,healing-database,Tattoo Healing Database — Timeline Encyclopedia | Work of Art,Tattoo Healing Database — Timeline Encyclopedia,https://workofarttattoo.com/healing_database_tattoo_timeline_encyclopedia_las_vegas/,"index, follow, max-snippet:-1, max-image-preview:large",1247,3,3,lookup tattoo healing stage by style/time,5,4,5,4,616,1.8,low-medium,https://workofarttattoo.com/healed_tattoo_gallery_las_vegas/,4,4,4,IMPROVE,https://workofarttattoo.com/las-vegas-tattoo-healing-guide/,hub overlaps with better real-example healing page; consolidate into one excellent healing resource
https://workofarttattoo.com/healing_database_tattoo_week_1_las_vegas/,healing_database_tattoo_week_1_las_vegas/code.html,healing-database,Tattoo Healing Week 1 — What to Expect | Work of Art,Tattoo Healing Week 1 — What to Expect,https://workofarttattoo.com/healing_database_tattoo_week_1_las_vegas/,"index, follow, max-snippet:-1, max-image-preview:large",841,1,2,lookup tattoo healing stage by style/time,2,4,5,2,3,2.5,medium,https://workofarttattoo.com/healing_database_tattoo_week_3_las_vegas/,3,4,4,MERGE,https://workofarttattoo.com/las-vegas-tattoo-healing-guide/,style/time long-tail page should not remain indexable without unique studio documentation
https://workofarttattoo.com/healing_database_tattoo_week_2_las_vegas/,healing_database_tattoo_week_2_las_vegas/code.html,healing-database,Tattoo Healing Week 2 — What to Expect | Work of Art,Tattoo Healing Week 2 — What to Expect,https://workofarttattoo.com/healing_database_tattoo_week_2_las_vegas/,"index, follow, max-snippet:-1, max-image-preview:large",833,1,2,lookup tattoo healing stage by style/time,2,4,5,2,3,2.5,medium,https://workofarttattoo.com/healing_database_tattoo_week_3_las_vegas/,3,4,4,MERGE,https://workofarttattoo.com/las-vegas-tattoo-healing-guide/,style/time long-tail page should not remain indexable without unique studio documentation
https://workofarttattoo.com/healing_database_tattoo_week_3_las_vegas/,healing_database_tattoo_week_3_las_vegas/code.html,healing-database,Tattoo Healing Week 3 — What to Expect | Work of Art,Tattoo Healing Week 3 — What to Expect,https://workofarttattoo.com/healing_database_tattoo_week_3_las_vegas/,"index, follow, max-snippet:-1, max-image-preview:large",830,1,2,lookup tattoo healing stage by style/time,2,4,5,2,3,2.5,medium,https://workofarttattoo.com/healing_database_tattoo_week_1_las_vegas/,3,4,4,MERGE,https://workofarttattoo.com/las-vegas-tattoo-healing-guide/,style/time long-tail page should not remain indexable without unique studio documentation
https://workofarttattoo.com/healing_database_tattoo_year_1_las_vegas/,healing_database_tattoo_year_1_las_vegas/code.html,healing-database,Tattoo Healing Year 1 — What to Expect | Work of Art,Tattoo Healing Year 1 — What to Expect,https://workofarttattoo.com/healing_database_tattoo_year_1_las_vegas/,"index, follow, max-snippet:-1, max-image-preview:large",865,3,2,lookup tattoo healing stage by style/time,5,4,5,4,2,2.1,low-medium,https://workofarttattoo.com/healing_database_tattoo_month_6_las_vegas/,3,4,4,MERGE,https://workofarttattoo.com/las-vegas-tattoo-healing-guide/,style/time long-tail page should not remain indexable without unique studio documentation
https://workofarttattoo.com/healing_database_traditional_day_1_las_vegas/,healing_database_traditional_day_1_las_vegas/code.html,healing-database,Traditional Tattoo Healing — Day 1 | Work of Art,Traditional Tattoo Healing — Day 1,https://workofarttattoo.com/healing_database_traditional_day_1_las_vegas/,"index, follow, max-snippet:-1, max-image-preview:large",989,1,0,lookup tattoo healing stage by style/time,2,4,5,2,2,4.7,high,https://workofarttattoo.com/healing_database_neo_traditional_day_1_las_vegas/,3,4,4,MERGE,https://workofarttattoo.com/las-vegas-tattoo-healing-guide/,style/time long-tail page should not remain indexable without unique studio documentation
https://workofarttattoo.com/healing_database_traditional_day_2_las_vegas/,healing_database_traditional_day_2_las_vegas/code.html,healing-database,Traditional Tattoo Healing — Day 2 | Work of Art,Traditional Tattoo Healing — Day 2,https://workofarttattoo.com/healing_database_traditional_day_2_las_vegas/,"index, follow, max-snippet:-1, max-image-preview:large",902,1,0,lookup tattoo healing stage by style/time,2,4,5,2,3,5,high,https://workofarttattoo.com/healing_database_traditional_day_3_las_vegas/,3,4,4,MERGE,https://workofarttattoo.com/las-vegas-tattoo-healing-guide/,style/time long-tail page should not remain indexable without unique studio documentation
https://workofarttattoo.com/healing_database_traditional_day_3_las_vegas/,healing_database_traditional_day_3_las_vegas/code.html,healing-database,Traditional Tattoo Healing — Day 3 | Work of Art,Traditional Tattoo Healing — Day 3,https://workofarttattoo.com/healing_database_traditional_day_3_las_vegas/,"index, follow, max-snippet:-1, max-image-preview:large",874,1,0,lookup tattoo healing stage by style/time,2,4,5,2,3,5,high,https://workofarttattoo.com/healing_database_traditional_day_2_las_vegas/,3,4,4,MERGE,https://workofarttattoo.com/las-vegas-tattoo-healing-guide/,style/time long-tail page should not remain indexable without unique studio documentation
https://workofarttattoo.com/healing_database_traditional_day_4_las_vegas/,healing_database_traditional_day_4_las_vegas/code.html,healing-database,Traditional Tattoo Healing — Day 4 | Work of Art,Traditional Tattoo Healing — Day 4,https://workofarttattoo.com/healing_database_traditional_day_4_las_vegas/,"index, follow, max-snippet:-1, max-image-preview:large",850,1,0,lookup tattoo healing stage by style/time,2,4,5,2,3,5,high,https://workofarttattoo.com/healing_database_traditional_day_2_las_vegas/,3,4,4,MERGE,https://workofarttattoo.com/las-vegas-tattoo-healing-guide/,style/time long-tail page should not remain indexable without unique studio documentation
https://workofarttattoo.com/healing_database_traditional_month_1_las_vegas/,healing_database_traditional_month_1_las_vegas/code.html,healing-database,Traditional Tattoo Healing — Month 1 | Work of Art,Traditional Tattoo Healing — Month 1,https://workofarttattoo.com/healing_database_traditional_month_1_las_vegas/,"index, follow, max-snippet:-1, max-image-preview:large",865,1,0,lookup tattoo healing stage by style/time,2,4,5,2,3,5,high,https://workofarttattoo.com/healing_database_traditional_month_3_las_vegas/,3,4,4,MERGE,https://workofarttattoo.com/las-vegas-tattoo-healing-guide/,style/time long-tail page should not remain indexable without unique studio documentation
https://workofarttattoo.com/healing_database_traditional_month_3_las_vegas/,healing_database_traditional_month_3_las_vegas/code.html,healing-database,Traditional Tattoo Healing — Month 3 | Work of Art,Traditional Tattoo Healing — Month 3,https://workofarttattoo.com/healing_database_traditional_month_3_las_vegas/,"index, follow, max-snippet:-1, max-image-preview:large",847,1,0,lookup tattoo healing stage by style/time,5,4,5,4,3,5,high,https://workofarttattoo.com/healing_database_traditional_month_1_las_vegas/,3,4,4,MERGE,https://workofarttattoo.com/las-vegas-tattoo-healing-guide/,style/time long-tail page should not remain indexable without unique studio documentation
https://workofarttattoo.com/healing_database_traditional_month_6_las_vegas/,healing_database_traditional_month_6_las_vegas/code.html,healing-database,Traditional Tattoo Healing — Month 6 | Work of Art,Traditional Tattoo Healing — Month 6,https://workofarttattoo.com/healing_database_traditional_month_6_las_vegas/,"index, follow, max-snippet:-1, max-image-preview:large",826,1,0,lookup tattoo healing stage by style/time,2,4,5,2,3,4.6,high,https://workofarttattoo.com/healing_database_neo_traditional_month_6_las_vegas/,3,4,4,MERGE,https://workofarttattoo.com/las-vegas-tattoo-healing-guide/,style/time long-tail page should not remain indexable without unique studio documentation
https://workofarttattoo.com/healing_database_traditional_tattoos_las_vegas/,healing_database_traditional_tattoos_las_vegas/code.html,healing-database,Traditional Tattoo Healing Timeline — Las Vegas | Work of Art,Traditional Tattoo Healing — All Stages,https://workofarttattoo.com/healing_database_traditional_tattoos_las_vegas/,"index, follow, max-snippet:-1, max-image-preview:large",692,1,1,lookup tattoo healing stage by style/time,2,4,5,2,12,4.7,high,https://workofarttattoo.com/healing_database_neo_traditional_tattoos_las_vegas/,4,4,4,MERGE,https://workofarttattoo.com/las-vegas-tattoo-healing-guide/,style healing overview overlaps with master healing hub; keep subordinate only with enough real evidence
https://workofarttattoo.com/healing_database_traditional_week_1_las_vegas/,healing_database_traditional_week_1_las_vegas/code.html,healing-database,Traditional Tattoo Healing — Week 1 | Work of Art,Traditional Tattoo Healing — Week 1,https://workofarttattoo.com/healing_database_traditional_week_1_las_vegas/,"index, follow, max-snippet:-1, max-image-preview:large",857,1,0,lookup tattoo healing stage by style/time,2,4,5,2,3,5,high,https://workofarttattoo.com/healing_database_traditional_week_2_las_vegas/,3,4,4,MERGE,https://workofarttattoo.com/las-vegas-tattoo-healing-guide/,style/time long-tail page should not remain indexable without unique studio documentation
https://workofarttattoo.com/healing_database_traditional_week_2_las_vegas/,healing_database_traditional_week_2_las_vegas/code.html,healing-database,Traditional Tattoo Healing — Week 2 | Work of Art,Traditional Tattoo Healing — Week 2,https://workofarttattoo.com/healing_database_traditional_week_2_las_vegas/,"index, follow, max-snippet:-1, max-image-preview:large",829,1,0,lookup tattoo healing stage by style/time,2,4,5,2,3,5,high,https://workofarttattoo.com/healing_database_traditional_week_1_las_vegas/,3,4,4,MERGE,https://workofarttattoo.com/las-vegas-tattoo-healing-guide/,style/time long-tail page should not remain indexable without unique studio documentation
https://workofarttattoo.com/healing_database_traditional_week_3_las_vegas/,healing_database_traditional_week_3_las_vegas/code.html,healing-database,Traditional Tattoo Healing — Week 3 | Work of Art,Traditional Tattoo Healing — Week 3,https://workofarttattoo.com/healing_database_traditional_week_3_las_vegas/,"index, follow, max-snippet:-1, max-image-preview:large",813,1,0,lookup tattoo healing stage by style/time,2,4,5,2,3,5,high,https://workofarttattoo.com/healing_database_traditional_week_1_las_vegas/,3,4,4,MERGE,https://workofarttattoo.com/las-vegas-tattoo-healing-guide/,style/time long-tail page should not remain indexable without unique studio documentation
https://workofarttattoo.com/healing_database_traditional_year_1_las_vegas/,healing_database_traditional_year_1_las_vegas/code.html,healing-database,Traditional Tattoo Healing — Year 1 | Work of Art,Traditional Tattoo Healing — Year 1,https://workofarttattoo.com/healing_database_traditional_year_1_las_vegas/,"index, follow, max-snippet:-1, max-image-preview:large",852,1,0,lookup tattoo healing stage by style/time,5,4,5,4,2,4.6,high,https://workofarttattoo.com/healing_database_neo_traditional_year_1_las_vegas/,3,4,4,MERGE,https://workofarttattoo.com/las-vegas-tattoo-healing-guide/,style/time long-tail page should not remain indexable without unique studio documentation
https://workofarttattoo.com/helix-piercing-las-vegas/,helix-piercing-las-vegas/code.html,piercing-placement,Helix Piercing Las Vegas | Katelyn Cole | Work of Art,The Complete Helix Piercing Guide,https://workofarttattoo.com/helix-piercing-las-vegas/,"index, follow, max-snippet:-1, max-image-preview:large",2081,1,1,"research piercing placement, healing, jewelry, and book",5,4,5,5,460,4.5,high,https://workofarttattoo.com/helix_piercing_las_vegas_authority_guide/,5,4,4,KEEP,,clean placement page; watch duplicate underscore helix page
https://workofarttattoo.com/helix_piercing_las_vegas_authority_guide/,helix_piercing_las_vegas_authority_guide/code.html,piercing-placement,Helix Piercing — Katelyn Cole | Work of Art Las Vegas | Work of Art,The Complete Helix Piercing Guide,https://workofarttattoo.com/helix-piercing-las-vegas/,"index, follow, max-snippet:-1, max-image-preview:large",2006,6,1,"research piercing placement, healing, jewelry, and book",5,5,5,5,0,4.5,high,https://workofarttattoo.com/helix-piercing-las-vegas/,4,4,4,301,https://workofarttattoo.com/helix-piercing-las-vegas/,duplicate clean helix URL exists; canonical differs from public URL; map redirect after confirming target
https://workofarttattoo.com/high_nostril_piercing_las_vegas_authority_guide/,high_nostril_piercing_las_vegas_authority_guide/code.html,piercing-placement,High Nostril Piercing — Katelyn Cole | Work of Art Las Vegas | Work of Art,The Complete High Nostril Piercing Guide,https://workofarttattoo.com/high_nostril_piercing_las_vegas_authority_guide/,"index, follow, max-snippet:-1, max-image-preview:large",1837,6,2,"research piercing placement, healing, jewelry, and book",5,5,5,5,3,3.1,medium,https://workofarttattoo.com/nostril_piercing_las_vegas_authority_guide/,4,4,4,IMPROVE,https://workofarttattoo.com/piercing_types_las_vegas_authority_hub/,"placement page can stay only with anatomy-specific advice, jewelry examples, photos, and Katelyn/Katie commentary"
https://workofarttattoo.com/home_work_of_art_tattoo_piercing/,home_work_of_art_tattoo_piercing/code.html,core-home,Tattoo and Piercing Shop Near the Strip | Work of Art Las Vegas,You're welcome here — questions included.,https://workofarttattoo.com/,"index, follow, max-snippet:-1, max-image-preview:large",1990,25,3,choose/book tattoo or piercing studio near Strip,5,5,5,5,0,5,high,https://workofarttattoo.com/,4,4,5,301,https://workofarttattoo.com/,core studio entry point; canonical differs from public URL; map redirect after confirming target
https://workofarttattoo.com/how_much_do_tattoos_cost_in_las_vegas_authority_guide/,how_much_do_tattoos_cost_in_las_vegas_authority_guide/code.html,tattoo-style-pricing,Tattoo Pricing | Work of Art Las Vegas | Work of Art,How Much Do Tattoos Cost in Las Vegas?,https://workofarttattoo.com/how_much_do_tattoos_cost_in_las_vegas_authority_guide/,"index, follow, max-snippet:-1, max-image-preview:large",1245,12,3,research tattoo style/pricing and choose artist,5,5,5,4,449,0.9,low,https://workofarttattoo.com/vegas_tattoo_shop_vs_cheap_strip_tattoo_what_you_need_to_know/,5,4,4,IMPROVE,,commercial tattoo style/pricing intent
https://workofarttattoo.com/how_to_choose_a_tattoo_artist_master_selection_guide_2/,how_to_choose_a_tattoo_artist_master_selection_guide_2/code.html,other,Choosing a Tattoo Artist — Joshua Cole | Work of Art,The Selection of a Masterpiece,https://workofarttattoo.com/how_to_choose_a_tattoo_artist_master_selection_guide_2/,"index, follow, max-snippet:-1, max-image-preview:large",1512,12,3,general site information,5,5,5,5,448,1.0,low,https://workofarttattoo.com/fine_line_tattoos_las_vegas_master_authority_guide/,4,4,4,IMPROVE,,manual review required
https://workofarttattoo.com/hypodermis_skin_science_las_vegas_authority_guide/,hypodermis_skin_science_las_vegas_authority_guide/code.html,skin-science,The Hypodermis — Fat Layer & Tattoo Limits | Work of Art,The Hypodermis — Fat Layer & Tattoo Limits,https://workofarttattoo.com/hypodermis_skin_science_las_vegas_authority_guide/,"index, follow, max-snippet:-1, max-image-preview:large",1171,6,3,understand skin/tattoo science before booking,5,5,5,4,3,0.6,low,https://workofarttattoo.com/stretch_marks_skin_science_las_vegas_authority_guide/,3,4,4,MERGE,https://workofarttattoo.com/skin_science_tattoo_dermatology_authority_guide/,science subpage is informational but thin as standalone; consolidate unless clinically differentiated
https://workofarttattoo.com/image-license/,image-license/code.html,utility-commercial,Image License & Usage | Work of Art Tattoo & Piercing,Image License & Usage,https://workofarttattoo.com/image-license/,"index, follow",148,0,5,"complete booking, contact, review, media, or reference task",0,0,1,1,0,0.0,low,,3,0,5,NOINDEX,,legal/utility page useful to users but low search intent
https://workofarttattoo.com/industrial_piercing_las_vegas_authority_guide/,industrial_piercing_las_vegas_authority_guide/code.html,piercing-placement,Industrial Piercing — Katelyn Cole | Work of Art Las Vegas | Work of Art,The Complete Industrial Piercing Guide,https://workofarttattoo.com/industrial_piercing_las_vegas_authority_guide/,"index, follow, max-snippet:-1, max-image-preview:large",2095,6,2,"research piercing placement, healing, jewelry, and book",5,5,5,5,6,2.9,medium,https://workofarttattoo.com/anti_eyebrow_piercing_las_vegas_authority_guide/,4,4,4,IMPROVE,https://workofarttattoo.com/piercing_types_las_vegas_authority_hub/,"placement page can stay only with anatomy-specific advice, jewelry examples, photos, and Katelyn/Katie commentary"
https://workofarttattoo.com/jay_jay_artist_portfolio_authentic_masterpieces/,jay_jay_artist_portfolio_authentic_masterpieces/code.html,other,Jay Jay | Realism Tattoo Artist Las Vegas | Work of Art,Jay Jay - Professional Artist & Rising Star of Las Vegas Realism,https://workofarttattoo.com/jay_jay_artist_portfolio_authentic_masterpieces/,"index, follow, max-snippet:-1, max-image-preview:large",580,7,3,general site information,1,5,2,2,1,1.6,low-medium,https://workofarttattoo.com/tattoo_shop_enterprise_las_vegas/,3,4,3,IMPROVE,,manual review required
https://workofarttattoo.com/joshua_oil_painting_black_grey_tattoo_aging_las_vegas/,joshua_oil_painting_black_grey_tattoo_aging_las_vegas/code.html,tattoo-style-pricing,Why Oil Painting Training Shapes How My Black & Grey Tattoos Age | Work of Art,Why Oil Painting Training Shapes How My Black & Grey Tattoos Age,https://workofarttattoo.com/joshua_oil_painting_black_grey_tattoo_aging_las_vegas/,"index, follow, max-snippet:-1, max-image-preview:large",1135,1,3,research tattoo style/pricing and choose artist,5,4,3,4,1,1.0,low,https://workofarttattoo.com/aging_skin_skin_science_las_vegas_authority_guide/,4,4,4,IMPROVE,,needs stronger original portfolio examples/commentary
https://workofarttattoo.com/katelyn_anatomy_matters_las_vegas_authority_guide/,katelyn_anatomy_matters_las_vegas_authority_guide/code.html,piercing-placement,Why Anatomy Matters | Work of Art,Why Anatomy Matters,https://workofarttattoo.com/katelyn_anatomy_matters_las_vegas_authority_guide/,"index, follow, max-snippet:-1, max-image-preview:large",749,6,2,"research piercing placement, healing, jewelry, and book",5,5,5,4,35,3.0,medium,https://workofarttattoo.com/katelyn_downsizing_jewelry_las_vegas_authority_guide/,5,4,4,IMPROVE,https://workofarttattoo.com/piercing_types_las_vegas_authority_hub/,"placement page can stay only with anatomy-specific advice, jewelry examples, photos, and Katelyn/Katie commentary"
https://workofarttattoo.com/katelyn_butterfly_backs_truth_las_vegas_authority_guide/,katelyn_butterfly_backs_truth_las_vegas_authority_guide/code.html,piercing-placement,The Truth About Butterfly Backs | Work of Art,The Truth About Butterfly Backs,https://workofarttattoo.com/katelyn_butterfly_backs_truth_las_vegas_authority_guide/,"index, follow, max-snippet:-1, max-image-preview:large",751,6,3,"research piercing placement, healing, jewelry, and book",5,5,5,4,2,2.5,medium,https://workofarttattoo.com/katelyn_anatomy_matters_las_vegas_authority_guide/,4,4,4,IMPROVE,https://workofarttattoo.com/piercing_types_las_vegas_authority_hub/,"placement page can stay only with anatomy-specific advice, jewelry examples, photos, and Katelyn/Katie commentary"
https://workofarttattoo.com/katelyn_cole_piercing_authority_hub_las_vegas/,katelyn_cole_piercing_authority_hub_las_vegas/code.html,piercing-placement,Female Piercer Las Vegas | Katelyn Cole Piercing Authority,Katelyn Cole — Female Piercer and Piercing Authority,https://workofarttattoo.com/katelyn_cole_piercing_authority_hub_las_vegas/,"index, follow, max-snippet:-1, max-image-preview:large",876,1,2,"research piercing placement, healing, jewelry, and book",2,4,5,4,512,2.8,medium,https://workofarttattoo.com/helix-piercing-las-vegas/,5,4,4,KEEP,,hub or major category page
https://workofarttattoo.com/katelyn_downsizing_jewelry_las_vegas_authority_guide/,katelyn_downsizing_jewelry_las_vegas_authority_guide/code.html,piercing-placement,Downsizing Jewelry | Work of Art,Downsizing Jewelry,https://workofarttattoo.com/katelyn_downsizing_jewelry_las_vegas_authority_guide/,"index, follow, max-snippet:-1, max-image-preview:large",745,6,2,"research piercing placement, healing, jewelry, and book",5,5,5,4,6,3.5,medium,https://workofarttattoo.com/katelyn_threadless_jewelry_las_vegas_authority_guide/,4,4,4,IMPROVE,https://workofarttattoo.com/piercing_types_las_vegas_authority_hub/,"placement page can stay only with anatomy-specific advice, jewelry examples, photos, and Katelyn/Katie commentary"
https://workofarttattoo.com/katelyn_ear_curation_las_vegas_authority_guide/,katelyn_ear_curation_las_vegas_authority_guide/code.html,piercing-placement,How I Curate Ears | Work of Art,How I Curate Ears,https://workofarttattoo.com/katelyn_ear_curation_las_vegas_authority_guide/,"index, follow, max-snippet:-1, max-image-preview:large",759,6,3,"research piercing placement, healing, jewelry, and book",5,5,5,4,35,2.5,medium,https://workofarttattoo.com/ear_lobe_piercing_las_vegas_authority_guide/,5,4,4,IMPROVE,https://workofarttattoo.com/piercing_types_las_vegas_authority_hub/,"placement page can stay only with anatomy-specific advice, jewelry examples, photos, and Katelyn/Katie commentary"
https://workofarttattoo.com/katelyn_gold_vs_titanium_las_vegas_authority_guide/,katelyn_gold_vs_titanium_las_vegas_authority_guide/code.html,piercing-placement,Gold vs Titanium | Work of Art,Gold vs Titanium,https://workofarttattoo.com/katelyn_implant_grade_titanium_las_vegas_authority_guide/,"index, follow, max-snippet:-1, max-image-preview:large",729,6,1,"research piercing placement, healing, jewelry, and book",5,5,5,4,1,4.5,high,https://workofarttattoo.com/katelyn_implant_grade_titanium_las_vegas_authority_guide/,4,4,4,301,https://workofarttattoo.com/katelyn_implant_grade_titanium_las_vegas_authority_guide/,"placement page can stay only with anatomy-specific advice, jewelry examples, photos, and Katelyn/Katie commentary; canonical differs from public URL; map redirect after confirming target"
https://workofarttattoo.com/katelyn_implant_grade_titanium_las_vegas_authority_guide/,katelyn_implant_grade_titanium_las_vegas_authority_guide/code.html,piercing-placement,Why I Only Use Implant-Grade Titanium | Work of Art,Why I Only Use Implant-Grade Titanium,https://workofarttattoo.com/katelyn_implant_grade_titanium_las_vegas_authority_guide/,"index, follow, max-snippet:-1, max-image-preview:large",824,6,1,"research piercing placement, healing, jewelry, and book",5,5,5,4,40,4.5,high,https://workofarttattoo.com/katelyn_gold_vs_titanium_las_vegas_authority_guide/,5,4,4,IMPROVE,https://workofarttattoo.com/piercing_types_las_vegas_authority_hub/,"placement page can stay only with anatomy-specific advice, jewelry examples, photos, and Katelyn/Katie commentary"
https://workofarttattoo.com/katelyn_piercing_minors_las_vegas_authority_guide/,katelyn_piercing_minors_las_vegas_authority_guide/code.html,piercing-placement,How I Pierce Minors | Work of Art,How I Pierce Minors,https://workofarttattoo.com/katelyn_piercing_minors_las_vegas_authority_guide/,"index, follow, max-snippet:-1, max-image-preview:large",774,6,2,"research piercing placement, healing, jewelry, and book",5,5,5,4,3,3.0,medium,https://workofarttattoo.com/katelyn_anatomy_matters_las_vegas_authority_guide/,4,4,4,IMPROVE,https://workofarttattoo.com/piercing_types_las_vegas_authority_hub/,"placement page can stay only with anatomy-specific advice, jewelry examples, photos, and Katelyn/Katie commentary"
https://workofarttattoo.com/katelyn_sleeping_on_helix_las_vegas_authority_guide/,katelyn_sleeping_on_helix_las_vegas_authority_guide/code.html,piercing-placement,Sleeping on a Helix | Work of Art,Sleeping on a Helix,https://workofarttattoo.com/katelyn_sleeping_on_helix_las_vegas_authority_guide/,"index, follow, max-snippet:-1, max-image-preview:large",733,6,2,"research piercing placement, healing, jewelry, and book",5,5,5,4,3,3.3,medium,https://workofarttattoo.com/helix_piercing_las_vegas_authority_guide/,4,4,4,IMPROVE,https://workofarttattoo.com/piercing_types_las_vegas_authority_hub/,"placement page can stay only with anatomy-specific advice, jewelry examples, photos, and Katelyn/Katie commentary"
https://workofarttattoo.com/katelyn_threadless_jewelry_las_vegas_authority_guide/,katelyn_threadless_jewelry_las_vegas_authority_guide/code.html,piercing-placement,Threadless Jewelry Explained | Work of Art,Threadless Jewelry Explained,https://workofarttattoo.com/katelyn_threadless_jewelry_las_vegas_authority_guide/,"index, follow, max-snippet:-1, max-image-preview:large",703,6,2,"research piercing placement, healing, jewelry, and book",5,5,5,4,4,3.5,medium,https://workofarttattoo.com/katelyn_downsizing_jewelry_las_vegas_authority_guide/,4,4,4,IMPROVE,https://workofarttattoo.com/piercing_types_las_vegas_authority_hub/,"placement page can stay only with anatomy-specific advice, jewelry examples, photos, and Katelyn/Katie commentary"
https://workofarttattoo.com/katelyn_why_piercings_reject_las_vegas_authority_guide/,katelyn_why_piercings_reject_las_vegas_authority_guide/code.html,piercing-placement,Why Some Piercings Reject | Work of Art,Why Some Piercings Reject,https://workofarttattoo.com/katelyn_why_piercings_reject_las_vegas_authority_guide/,"index, follow, max-snippet:-1, max-image-preview:large",742,6,3,"research piercing placement, healing, jewelry, and book",5,5,5,4,3,2.7,medium,https://workofarttattoo.com/katelyn_anatomy_matters_las_vegas_authority_guide/,4,4,4,IMPROVE,https://workofarttattoo.com/piercing_types_las_vegas_authority_hub/,"placement page can stay only with anatomy-specific advice, jewelry examples, photos, and Katelyn/Katie commentary"
https://workofarttattoo.com/knowledge/best-soap-for-tattoo-aftercare/,knowledge/best-soap-for-tattoo-aftercare/code.html,faq,What soap is safe for washing a new tattoo? | Work of Art Knowledge,What soap is safe for washing a new tattoo?,https://workofarttattoo.com/knowledge/best-soap-for-tattoo-aftercare/,none,83,0,4,answer a narrow customer question,0,0,1,2,1,0.8,low,https://workofarttattoo.com/knowledge/how-often-wash-new-tattoo/,2,0,1,MERGE,https://workofarttattoo.com/knowledge/,FAQ answer should roll into knowledge hub unless expanded with studio-specific examples; thin page
https://workofarttattoo.com/knowledge/black-and-grey-realism-explained/,knowledge/black-and-grey-realism-explained/code.html,faq,What is black and grey realism tattooing? | Work of Art Knowledge,What is black and grey realism tattooing?,https://workofarttattoo.com/knowledge/black-and-grey-realism-explained/,none,84,0,4,answer a narrow customer question,0,0,1,2,1,0.8,low,https://workofarttattoo.com/healed_black_grey_tattoos_las_vegas/,2,2,1,MERGE,https://workofarttattoo.com/knowledge/,FAQ answer should roll into knowledge hub unless expanded with studio-specific examples; thin page
https://workofarttattoo.com/knowledge/can-you-get-tattoo-while-breastfeeding/,knowledge/can-you-get-tattoo-while-breastfeeding/code.html,faq,Is it safe to get a tattoo while breastfeeding? | Work of Art Knowledge,Is it safe to get a tattoo while breastfeeding?,https://workofarttattoo.com/knowledge/can-you-get-tattoo-while-breastfeeding/,none,89,0,4,answer a narrow customer question,0,0,1,2,1,0.4,low,https://workofarttattoo.com/diabetes_skin_science_las_vegas_authority_guide/,2,0,1,MERGE,https://workofarttattoo.com/knowledge/,FAQ answer should roll into knowledge hub unless expanded with studio-specific examples; thin page
https://workofarttattoo.com/knowledge/can-you-swim-after-ear-piercing/,knowledge/can-you-swim-after-ear-piercing/code.html,faq,When can I swim after a new ear piercing? | Work of Art Knowledge,When can I swim after a new ear piercing?,https://workofarttattoo.com/knowledge/can-you-swim-after-ear-piercing/,none,85,0,4,answer a narrow customer question,0,0,1,2,1,1.2,low,https://workofarttattoo.com/knowledge/tattoo-swimming-after-getting-inked/,2,4,2,MERGE,https://workofarttattoo.com/knowledge/,FAQ answer should roll into knowledge hub unless expanded with studio-specific examples; thin page
https://workofarttattoo.com/knowledge/,knowledge/code.html,faq,Tattoo & Piercing Knowledge Base | Work of Art Las Vegas,Knowledge Base,https://workofarttattoo.com/knowledge/,"index, follow, max-snippet:-1, max-image-preview:large",1808,0,4,answer a narrow customer question,0,0,1,4,52,1.0,low,https://workofarttattoo.com/healing_database_cover_ups_day_2_las_vegas/,4,4,4,IMPROVE,,FAQ has narrow intent; add firsthand examples and internal links
https://workofarttattoo.com/knowledge/cover-up-tattoo-consultation-what-happens/,knowledge/cover-up-tattoo-consultation-what-happens/code.html,faq,What happens at a cover-up tattoo consultation? | Work of Art Knowledge,What happens at a cover-up tattoo consultation?,https://workofarttattoo.com/knowledge/cover-up-tattoo-consultation-what-happens/,none,83,0,4,answer a narrow customer question,0,0,1,2,1,1.0,low,https://workofarttattoo.com/knowledge/tattoo-style-matching-artist/,2,2,1,MERGE,https://workofarttattoo.com/knowledge/,FAQ answer should roll into knowledge hub unless expanded with studio-specific examples; thin page
https://workofarttattoo.com/knowledge/ear-curation-multiple-piercings-planning/,knowledge/ear-curation-multiple-piercings-planning/code.html,faq,What is ear curation and how are multiple piercings planned? | Work of Art Knowledge,What is ear curation and how are multiple piercings planned?,https://workofarttattoo.com/knowledge/ear-curation-multiple-piercings-planning/,none,88,0,4,answer a narrow customer question,0,0,1,2,1,0.5,low,https://workofarttattoo.com/knowledge/how-long-piercing-heals/,2,2,1,MERGE,https://workofarttattoo.com/knowledge/,FAQ answer should roll into knowledge hub unless expanded with studio-specific examples; thin page
https://workofarttattoo.com/knowledge/fine-line-tattoo-longevity/,knowledge/fine-line-tattoo-longevity/code.html,faq,Do fine line tattoos last? | Work of Art Knowledge,Do fine line tattoos last?,https://workofarttattoo.com/knowledge/fine-line-tattoo-longevity/,none,78,0,4,answer a narrow customer question,0,0,1,2,1,0.8,low,https://workofarttattoo.com/knowledge/fine-line-tattoo-pain-level/,2,2,1,MERGE,https://workofarttattoo.com/knowledge/,FAQ answer should roll into knowledge hub unless expanded with studio-specific examples; thin page
https://workofarttattoo.com/knowledge/fine-line-tattoo-pain-level/,knowledge/fine-line-tattoo-pain-level/code.html,faq,Do fine line tattoos hurt less? | Work of Art Knowledge,Do fine line tattoos hurt less?,https://workofarttattoo.com/knowledge/fine-line-tattoo-pain-level/,none,86,0,4,answer a narrow customer question,0,0,1,2,2,0.8,low,https://workofarttattoo.com/knowledge/fine-line-tattoo-longevity/,2,2,1,MERGE,https://workofarttattoo.com/knowledge/,FAQ answer should roll into knowledge hub unless expanded with studio-specific examples; thin page
https://workofarttattoo.com/knowledge/first-tattoo-tips-before-you-book/,knowledge/first-tattoo-tips-before-you-book/code.html,faq,What should I know before my first tattoo? | Work of Art Knowledge,What should I know before my first tattoo?,https://workofarttattoo.com/knowledge/first-tattoo-tips-before-you-book/,none,92,0,4,answer a narrow customer question,0,0,1,2,2,0.9,low,https://workofarttattoo.com/knowledge/sleeping-with-new-tattoo-tips/,2,0,1,MERGE,https://workofarttattoo.com/knowledge/,FAQ answer should roll into knowledge hub unless expanded with studio-specific examples; thin page
https://workofarttattoo.com/knowledge/how-dark-can-cover-up-tattoo-be/,knowledge/how-dark-can-cover-up-tattoo-be/code.html,faq,How dark can a cover-up tattoo be compared to the old tattoo? | Work of Art Knowledge,How dark can a cover-up tattoo be compared to the old tattoo?,https://workofarttattoo.com/knowledge/how-dark-can-cover-up-tattoo-be/,none,93,0,4,answer a narrow customer question,0,0,1,2,1,0.7,low,https://workofarttattoo.com/knowledge/fine-line-tattoo-pain-level/,2,2,1,MERGE,https://workofarttattoo.com/knowledge/,FAQ answer should roll into knowledge hub unless expanded with studio-specific examples; thin page
https://workofarttattoo.com/knowledge/how-long-piercing-heals/,knowledge/how-long-piercing-heals/code.html,faq,How long do ear piercings take to heal? | Work of Art Knowledge,How long do ear piercings take to heal?,https://workofarttattoo.com/knowledge/how-long-piercing-heals/,none,85,0,4,answer a narrow customer question,0,0,1,2,1,0.8,low,https://workofarttattoo.com/knowledge/tattoo-on-ribs-recovery/,2,2,1,MERGE,https://workofarttattoo.com/knowledge/,FAQ answer should roll into knowledge hub unless expanded with studio-specific examples; thin page
https://workofarttattoo.com/knowledge/how-long-tattoo-session-last/,knowledge/how-long-tattoo-session-last/code.html,faq,How long does a tattoo session usually last? | Work of Art Knowledge,How long does a tattoo session usually last?,https://workofarttattoo.com/knowledge/how-long-tattoo-session-last/,none,88,0,4,answer a narrow customer question,0,0,1,2,1,0.9,low,https://workofarttattoo.com/knowledge/tattoo-tipping-las-vegas/,2,2,1,MERGE,https://workofarttattoo.com/knowledge/,FAQ answer should roll into knowledge hub unless expanded with studio-specific examples; thin page
https://workofarttattoo.com/knowledge/how-much-does-tattoo-cost-las-vegas/,knowledge/how-much-does-tattoo-cost-las-vegas/code.html,faq,How much do tattoos cost in Las Vegas? | Work of Art Knowledge,How much do tattoos cost in Las Vegas?,https://workofarttattoo.com/knowledge/how-much-does-tattoo-cost-las-vegas/,none,89,0,4,answer a narrow customer question,0,0,1,2,1,0.9,low,https://workofarttattoo.com/how_much_do_tattoos_cost_in_las_vegas_authority_guide/,3,2,2,MERGE,https://workofarttattoo.com/knowledge/,FAQ answer should roll into knowledge hub unless expanded with studio-specific examples; thin page
https://workofarttattoo.com/knowledge/how-often-wash-new-tattoo/,knowledge/how-often-wash-new-tattoo/code.html,faq,How often should I wash a new tattoo? | Work of Art Knowledge,How often should I wash a new tattoo?,https://workofarttattoo.com/knowledge/how-often-wash-new-tattoo/,none,85,0,4,answer a narrow customer question,0,0,1,2,1,0.8,low,https://workofarttattoo.com/knowledge/best-soap-for-tattoo-aftercare/,2,2,1,MERGE,https://workofarttattoo.com/knowledge/,FAQ answer should roll into knowledge hub unless expanded with studio-specific examples; thin page
https://workofarttattoo.com/knowledge/how-to-compare-tattoo-studios/,knowledge/how-to-compare-tattoo-studios/code.html,faq,How should I compare tattoo studios in Las Vegas? | Work of Art Knowledge,How should I compare tattoo studios in Las Vegas?,https://workofarttattoo.com/knowledge/how-to-compare-tattoo-studios/,none,88,0,4,answer a narrow customer question,0,0,1,2,1,0.5,low,https://workofarttattoo.com/knowledge/luxury-studio-vs-strip-walk-in/,3,2,2,MERGE,https://workofarttattoo.com/knowledge/,FAQ answer should roll into knowledge hub unless expanded with studio-specific examples; thin page
https://workofarttattoo.com/knowledge/implant-grade-titanium-vs-surgical-steel/,knowledge/implant-grade-titanium-vs-surgical-steel/code.html,faq,What is the difference between titanium and surgical steel piercing jewelry? | Work of Art Knowledge,What is the difference between titanium and surgical steel piercing jewelry?,https://workofarttattoo.com/knowledge/implant-grade-titanium-vs-surgical-steel/,none,94,0,4,answer a narrow customer question,0,0,2,2,1,0.6,low,https://workofarttattoo.com/helix-piercing-las-vegas/,2,2,2,MERGE,https://workofarttattoo.com/knowledge/,FAQ answer should roll into knowledge hub unless expanded with studio-specific examples; thin page
https://workofarttattoo.com/knowledge/least-painful-tattoo-placements/,knowledge/least-painful-tattoo-placements/code.html,faq,What are the least painful tattoo placements? | Work of Art Knowledge,What are the least painful tattoo placements?,https://workofarttattoo.com/knowledge/least-painful-tattoo-placements/,none,83,0,4,answer a narrow customer question,0,0,1,2,1,0.5,low,https://workofarttattoo.com/knowledge/tattoo-on-ribs-recovery/,2,0,1,MERGE,https://workofarttattoo.com/knowledge/,FAQ answer should roll into knowledge hub unless expanded with studio-specific examples; thin page
https://workofarttattoo.com/knowledge/luxury-studio-vs-strip-walk-in/,knowledge/luxury-studio-vs-strip-walk-in/code.html,faq,How is a premium tattoo studio different from a Strip walk-in shop? | Work of Art Knowledge,How is a premium tattoo studio different from a Strip walk-in shop?,https://workofarttattoo.com/knowledge/luxury-studio-vs-strip-walk-in/,none,98,0,4,answer a narrow customer question,0,0,1,2,1,0.7,low,https://workofarttattoo.com/cover-up-tattoos-las-vegas/,3,2,2,MERGE,https://workofarttattoo.com/knowledge/,FAQ answer should roll into knowledge hub unless expanded with studio-specific examples; thin page
https://workofarttattoo.com/knowledge/most-painful-tattoo-placements/,knowledge/most-painful-tattoo-placements/code.html,faq,What are the most painful places to get a tattoo? | Work of Art Knowledge,What are the most painful places to get a tattoo?,https://workofarttattoo.com/knowledge/most-painful-tattoo-placements/,none,90,0,4,answer a narrow customer question,0,0,1,2,1,0.4,low,https://workofarttattoo.com/knowledge/least-painful-tattoo-placements/,2,0,1,MERGE,https://workofarttattoo.com/knowledge/,FAQ answer should roll into knowledge hub unless expanded with studio-specific examples; thin page
https://workofarttattoo.com/knowledge/piercing-bump-vs-infection/,knowledge/piercing-bump-vs-infection/code.html,faq,Is a bump on my piercing an infection or irritation? | Work of Art Knowledge,Is a bump on my piercing an infection or irritation?,https://workofarttattoo.com/knowledge/piercing-bump-vs-infection/,none,90,0,4,answer a narrow customer question,0,0,1,2,1,1.2,low,https://workofarttattoo.com/knowledge/tattoo-infection-signs-when-to-see-doctor/,2,2,1,MERGE,https://workofarttattoo.com/knowledge/,FAQ answer should roll into knowledge hub unless expanded with studio-specific examples; thin page
https://workofarttattoo.com/knowledge/sleeping-with-new-tattoo-tips/,knowledge/sleeping-with-new-tattoo-tips/code.html,faq,How should I sleep with a new tattoo? | Work of Art Knowledge,How should I sleep with a new tattoo?,https://workofarttattoo.com/knowledge/sleeping-with-new-tattoo-tips/,none,87,0,4,answer a narrow customer question,0,0,1,2,1,0.9,low,https://workofarttattoo.com/knowledge/first-tattoo-tips-before-you-book/,2,0,1,MERGE,https://workofarttattoo.com/knowledge/,FAQ answer should roll into knowledge hub unless expanded with studio-specific examples; thin page
https://workofarttattoo.com/knowledge/sleeve-tattoo-how-many-sessions/,knowledge/sleeve-tattoo-how-many-sessions/code.html,faq,How many sessions does a full sleeve tattoo take? | Work of Art Knowledge,How many sessions does a full sleeve tattoo take?,https://workofarttattoo.com/knowledge/sleeve-tattoo-how-many-sessions/,none,87,0,4,answer a narrow customer question,0,0,1,2,1,0.8,low,https://workofarttattoo.com/best_tattoo_styles_for_sleeves_large_scale_project_hub/,2,0,1,MERGE,https://workofarttattoo.com/knowledge/,FAQ answer should roll into knowledge hub unless expanded with studio-specific examples; thin page
https://workofarttattoo.com/knowledge/tattoo-aftercare-lotion-vs-ointment/,knowledge/tattoo-aftercare-lotion-vs-ointment/code.html,faq,Should I use lotion or ointment on a healing tattoo? | Work of Art Knowledge,Should I use lotion or ointment on a healing tattoo?,https://workofarttattoo.com/knowledge/tattoo-aftercare-lotion-vs-ointment/,none,94,0,4,answer a narrow customer question,0,0,1,2,1,0.8,low,https://workofarttattoo.com/knowledge/tattoo-healing-peeling-las-vegas/,2,0,1,MERGE,https://workofarttattoo.com/knowledge/,FAQ answer should roll into knowledge hub unless expanded with studio-specific examples; thin page
https://workofarttattoo.com/knowledge/tattoo-aging-and-fading-over-time/,knowledge/tattoo-aging-and-fading-over-time/code.html,faq,Do tattoos fade as you age? | Work of Art Knowledge,Do tattoos fade as you age?,https://workofarttattoo.com/knowledge/tattoo-aging-and-fading-over-time/,none,89,0,4,answer a narrow customer question,0,0,1,2,3,0.9,low,https://workofarttattoo.com/healed_black_grey_tattoos_las_vegas/,2,0,1,MERGE,https://workofarttattoo.com/knowledge/,FAQ answer should roll into knowledge hub unless expanded with studio-specific examples; thin page
https://workofarttattoo.com/knowledge/tattoo-and-blood-donation-wait/,knowledge/tattoo-and-blood-donation-wait/code.html,faq,How long after a tattoo must I wait to donate blood? | Work of Art Knowledge,How long after a tattoo must I wait to donate blood?,https://workofarttattoo.com/knowledge/tattoo-and-blood-donation-wait/,none,98,0,4,answer a narrow customer question,0,0,1,2,1,0.4,low,https://workofarttattoo.com/knowledge/how-to-compare-tattoo-studios/,2,0,1,MERGE,https://workofarttattoo.com/knowledge/,FAQ answer should roll into knowledge hub unless expanded with studio-specific examples; thin page
https://workofarttattoo.com/knowledge/tattoo-consultation-what-to-bring/,knowledge/tattoo-consultation-what-to-bring/code.html,faq,What should I bring to a tattoo consultation? | Work of Art Knowledge,What should I bring to a tattoo consultation?,https://workofarttattoo.com/knowledge/tattoo-consultation-what-to-bring/,none,88,0,4,answer a narrow customer question,0,0,1,2,1,0.5,low,https://workofarttattoo.com/knowledge/cover-up-tattoo-consultation-what-happens/,2,0,1,MERGE,https://workofarttattoo.com/knowledge/,FAQ answer should roll into knowledge hub unless expanded with studio-specific examples; thin page
https://workofarttattoo.com/knowledge/tattoo-cover-up-laser-first/,knowledge/tattoo-cover-up-laser-first/code.html,faq,Do I need laser removal before a cover-up tattoo? | Work of Art Knowledge,Do I need laser removal before a cover-up tattoo?,https://workofarttattoo.com/knowledge/tattoo-cover-up-laser-first/,none,93,0,4,answer a narrow customer question,0,0,1,2,1,0.6,low,https://workofarttattoo.com/knowledge/cover-up-tattoo-consultation-what-happens/,2,2,1,MERGE,https://workofarttattoo.com/knowledge/,FAQ answer should roll into knowledge hub unless expanded with studio-specific examples; thin page
https://workofarttattoo.com/knowledge/tattoo-deposit-policy-why-required/,knowledge/tattoo-deposit-policy-why-required/code.html,faq,Why do tattoo shops require a deposit? | Work of Art Knowledge,Why do tattoo shops require a deposit?,https://workofarttattoo.com/knowledge/tattoo-deposit-policy-why-required/,none,84,0,4,answer a narrow customer question,0,0,1,2,1,0.5,low,https://workofarttattoo.com/knowledge/how-long-tattoo-session-last/,3,4,2,MERGE,https://workofarttattoo.com/knowledge/,FAQ answer should roll into knowledge hub unless expanded with studio-specific examples; thin page
https://workofarttattoo.com/knowledge/tattoo-etiquette-studio-behavior/,knowledge/tattoo-etiquette-studio-behavior/code.html,faq,What is proper etiquette at a tattoo studio? | Work of Art Knowledge,What is proper etiquette at a tattoo studio?,https://workofarttattoo.com/knowledge/tattoo-etiquette-studio-behavior/,none,88,0,4,answer a narrow customer question,0,0,1,2,1,0.5,low,https://workofarttattoo.com/knowledge/,2,0,1,MERGE,https://workofarttattoo.com/knowledge/,FAQ answer should roll into knowledge hub unless expanded with studio-specific examples; thin page
https://workofarttattoo.com/knowledge/tattoo-flying-after-session/,knowledge/tattoo-flying-after-session/code.html,faq,Can I fly after getting a tattoo? | Work of Art Knowledge,Can I fly after getting a tattoo?,https://workofarttattoo.com/knowledge/tattoo-flying-after-session/,none,85,0,4,answer a narrow customer question,0,0,1,2,2,0.8,low,https://workofarttattoo.com/knowledge/tattoo-gym-workout-aftercare/,2,2,1,MERGE,https://workofarttattoo.com/knowledge/,FAQ answer should roll into knowledge hub unless expanded with studio-specific examples; thin page
https://workofarttattoo.com/knowledge/tattoo-gym-workout-aftercare/,knowledge/tattoo-gym-workout-aftercare/code.html,faq,When can I exercise after getting a tattoo? | Work of Art Knowledge,When can I exercise after getting a tattoo?,https://workofarttattoo.com/knowledge/tattoo-gym-workout-aftercare/,none,91,0,4,answer a narrow customer question,0,0,1,2,1,0.8,low,https://workofarttattoo.com/knowledge/tattoo-flying-after-session/,2,2,1,MERGE,https://workofarttattoo.com/knowledge/,FAQ answer should roll into knowledge hub unless expanded with studio-specific examples; thin page
https://workofarttattoo.com/knowledge/tattoo-healing-itching-desert-climate/,knowledge/tattoo-healing-itching-desert-climate/code.html,faq,Why does my tattoo itch while healing? | Work of Art Knowledge,Why does my tattoo itch while healing?,https://workofarttattoo.com/knowledge/tattoo-healing-itching-desert-climate/,none,94,0,4,answer a narrow customer question,0,0,1,2,1,0.9,low,https://workofarttattoo.com/epidermis_skin_science_las_vegas_authority_guide/,2,2,1,MERGE,https://workofarttattoo.com/knowledge/,FAQ answer should roll into knowledge hub unless expanded with studio-specific examples; thin page
https://workofarttattoo.com/knowledge/tattoo-healing-peeling-las-vegas/,knowledge/tattoo-healing-peeling-las-vegas/code.html,faq,Is tattoo peeling normal during healing in Las Vegas? | Work of Art Knowledge,Is tattoo peeling normal during healing in Las Vegas?,https://workofarttattoo.com/knowledge/tattoo-healing-peeling-las-vegas/,none,97,0,4,answer a narrow customer question,0,0,1,2,1,0.9,low,https://workofarttattoo.com/knowledge/tattoo-scabbing-normal-or-problem/,2,2,1,MERGE,https://workofarttattoo.com/knowledge/,FAQ answer should roll into knowledge hub unless expanded with studio-specific examples; thin page
https://workofarttattoo.com/knowledge/tattoo-infection-signs-when-to-see-doctor/,knowledge/tattoo-infection-signs-when-to-see-doctor/code.html,faq,How do I know if my tattoo is infected? | Work of Art Knowledge,How do I know if my tattoo is infected?,https://workofarttattoo.com/knowledge/tattoo-infection-signs-when-to-see-doctor/,none,95,0,4,answer a narrow customer question,0,0,1,2,1,1.2,low,https://workofarttattoo.com/knowledge/piercing-bump-vs-infection/,2,0,1,MERGE,https://workofarttattoo.com/knowledge/,FAQ answer should roll into knowledge hub unless expanded with studio-specific examples; thin page
https://workofarttattoo.com/knowledge/tattoo-mri-with-ink/,knowledge/tattoo-mri-with-ink/code.html,faq,Are tattoos safe for MRI scans? | Work of Art Knowledge,Are tattoos safe for MRI scans?,https://workofarttattoo.com/knowledge/tattoo-mri-with-ink/,none,84,0,4,answer a narrow customer question,0,0,1,2,1,0.5,low,https://workofarttattoo.com/knowledge/how-dark-can-cover-up-tattoo-be/,2,0,1,MERGE,https://workofarttattoo.com/knowledge/,FAQ answer should roll into knowledge hub unless expanded with studio-specific examples; thin page
https://workofarttattoo.com/knowledge/tattoo-on-ribs-recovery/,knowledge/tattoo-on-ribs-recovery/code.html,faq,How painful are rib tattoos and how long do they take to heal? | Work of Art Knowledge,How painful are rib tattoos and how long do they take to heal?,https://workofarttattoo.com/knowledge/tattoo-on-ribs-recovery/,none,98,0,4,answer a narrow customer question,0,0,1,2,1,0.8,low,https://workofarttattoo.com/knowledge/how-long-piercing-heals/,2,0,1,MERGE,https://workofarttattoo.com/knowledge/,FAQ answer should roll into knowledge hub unless expanded with studio-specific examples; thin page
https://workofarttattoo.com/knowledge/tattoo-over-scar-tissue/,knowledge/tattoo-over-scar-tissue/code.html,faq,Can you tattoo over scar tissue? | Work of Art Knowledge,Can you tattoo over scar tissue?,https://workofarttattoo.com/knowledge/tattoo-over-scar-tissue/,none,81,0,4,answer a narrow customer question,0,0,1,2,1,0.7,low,https://workofarttattoo.com/knowledge/white-ink-tattoo-facts/,2,2,1,MERGE,https://workofarttattoo.com/knowledge/,FAQ answer should roll into knowledge hub unless expanded with studio-specific examples; thin page
https://workofarttattoo.com/knowledge/tattoo-scabbing-normal-or-problem/,knowledge/tattoo-scabbing-normal-or-problem/code.html,faq,Is scabbing on a new tattoo normal? | Work of Art Knowledge,Is scabbing on a new tattoo normal?,https://workofarttattoo.com/knowledge/tattoo-scabbing-normal-or-problem/,none,92,0,4,answer a narrow customer question,0,0,1,2,1,0.9,low,https://workofarttattoo.com/knowledge/tattoo-healing-peeling-las-vegas/,2,0,1,MERGE,https://workofarttattoo.com/knowledge/,FAQ answer should roll into knowledge hub unless expanded with studio-specific examples; thin page
https://workofarttattoo.com/knowledge/tattoo-second-skin-saniderm-how-long/,knowledge/tattoo-second-skin-saniderm-how-long/code.html,faq,How long should I keep second skin (Saniderm) on a tattoo? | Work of Art Knowledge,How long should I keep second skin (Saniderm) on a tattoo?,https://workofarttattoo.com/knowledge/tattoo-second-skin-saniderm-how-long/,none,99,0,4,answer a narrow customer question,0,0,1,2,1,0.7,low,https://workofarttattoo.com/knowledge/vegas-tattoo-aftercare-desert-climate/,2,2,1,MERGE,https://workofarttattoo.com/knowledge/,FAQ answer should roll into knowledge hub unless expanded with studio-specific examples; thin page
https://workofarttattoo.com/knowledge/tattoo-shop-minimum-explained/,knowledge/tattoo-shop-minimum-explained/code.html,faq,What is a tattoo shop minimum? | Work of Art Knowledge,What is a tattoo shop minimum?,https://workofarttattoo.com/knowledge/tattoo-shop-minimum-explained/,none,83,0,4,answer a narrow customer question,0,0,1,2,1,0.6,low,https://workofarttattoo.com/knowledge/luxury-studio-vs-strip-walk-in/,2,2,1,MERGE,https://workofarttattoo.com/knowledge/,FAQ answer should roll into knowledge hub unless expanded with studio-specific examples; thin page
https://workofarttattoo.com/knowledge/tattoo-shop-near-strip-worth-drive/,knowledge/tattoo-shop-near-strip-worth-drive/code.html,faq,Is it worth leaving the Strip for a tattoo in Las Vegas? | Work of Art Knowledge,Is it worth leaving the Strip for a tattoo in Las Vegas?,https://workofarttattoo.com/knowledge/tattoo-shop-near-strip-worth-drive/,none,95,0,4,answer a narrow customer question,0,0,1,2,1,0.6,low,https://workofarttattoo.com/knowledge/luxury-studio-vs-strip-walk-in/,2,2,1,MERGE,https://workofarttattoo.com/knowledge/,FAQ answer should roll into knowledge hub unless expanded with studio-specific examples; thin page
https://workofarttattoo.com/knowledge/tattoo-style-matching-artist/,knowledge/tattoo-style-matching-artist/code.html,faq,How do I match a tattoo style to the right artist? | Work of Art Knowledge,How do I match a tattoo style to the right artist?,https://workofarttattoo.com/knowledge/tattoo-style-matching-artist/,none,93,0,4,answer a narrow customer question,0,0,1,2,1,1.0,low,https://workofarttattoo.com/knowledge/cover-up-tattoo-consultation-what-happens/,2,0,1,MERGE,https://workofarttattoo.com/knowledge/,FAQ answer should roll into knowledge hub unless expanded with studio-specific examples; thin page
https://workofarttattoo.com/knowledge/tattoo-sunscreen-after-healing-las-vegas/,knowledge/tattoo-sunscreen-after-healing-las-vegas/code.html,faq,When can I use sunscreen on a healed tattoo in Las Vegas? | Work of Art Knowledge,When can I use sunscreen on a healed tattoo in Las Vegas?,https://workofarttattoo.com/knowledge/tattoo-sunscreen-after-healing-las-vegas/,none,101,0,4,answer a narrow customer question,0,0,1,2,1,0.8,low,https://workofarttattoo.com/knowledge/tattoo-swimming-after-getting-inked/,2,2,1,MERGE,https://workofarttattoo.com/knowledge/,FAQ answer should roll into knowledge hub unless expanded with studio-specific examples; thin page
https://workofarttattoo.com/knowledge/tattoo-swimming-after-getting-inked/,knowledge/tattoo-swimming-after-getting-inked/code.html,faq,How long before I can swim after a tattoo? | Work of Art Knowledge,How long before I can swim after a tattoo?,https://workofarttattoo.com/knowledge/tattoo-swimming-after-getting-inked/,none,89,0,4,answer a narrow customer question,0,0,1,2,1,1.2,low,https://workofarttattoo.com/knowledge/can-you-swim-after-ear-piercing/,2,2,1,MERGE,https://workofarttattoo.com/knowledge/,FAQ answer should roll into knowledge hub unless expanded with studio-specific examples; thin page
https://workofarttattoo.com/knowledge/tattoo-tipping-las-vegas/,knowledge/tattoo-tipping-las-vegas/code.html,faq,How much should I tip a tattoo artist in Las Vegas? | Work of Art Knowledge,How much should I tip a tattoo artist in Las Vegas?,https://workofarttattoo.com/knowledge/tattoo-tipping-las-vegas/,none,95,0,4,answer a narrow customer question,0,0,1,2,1,0.9,low,https://workofarttattoo.com/knowledge/how-long-tattoo-session-last/,2,2,1,MERGE,https://workofarttattoo.com/knowledge/,FAQ answer should roll into knowledge hub unless expanded with studio-specific examples; thin page
https://workofarttattoo.com/knowledge/tattoo-touch-up-timing/,knowledge/tattoo-touch-up-timing/code.html,faq,When is the right time for a tattoo touch-up? | Work of Art Knowledge,When is the right time for a tattoo touch-up?,https://workofarttattoo.com/knowledge/tattoo-touch-up-timing/,none,100,0,4,answer a narrow customer question,0,0,1,2,1,0.8,low,https://workofarttattoo.com/knowledge/tattoo-sunscreen-after-healing-las-vegas/,2,2,1,MERGE,https://workofarttattoo.com/knowledge/,FAQ answer should roll into knowledge hub unless expanded with studio-specific examples; thin page
https://workofarttattoo.com/knowledge/vegas-tattoo-aftercare-desert-climate/,knowledge/vegas-tattoo-aftercare-desert-climate/code.html,faq,Why is tattoo aftercare different in Las Vegas desert climate? | Work of Art Knowledge,Why is tattoo aftercare different in Las Vegas desert climate?,https://workofarttattoo.com/knowledge/vegas-tattoo-aftercare-desert-climate/,none,89,0,4,answer a narrow customer question,0,0,1,2,1,0.8,low,https://workofarttattoo.com/knowledge/tattoo-healing-itching-desert-climate/,2,2,1,MERGE,https://workofarttattoo.com/knowledge/,FAQ answer should roll into knowledge hub unless expanded with studio-specific examples; thin page
https://workofarttattoo.com/knowledge/walk-in-tattoo-vs-appointment/,knowledge/walk-in-tattoo-vs-appointment/code.html,faq,Should I walk in or book an appointment for a tattoo? | Work of Art Knowledge,Should I walk in or book an appointment for a tattoo?,https://workofarttattoo.com/knowledge/walk-in-tattoo-vs-appointment/,none,87,0,4,answer a narrow customer question,0,0,1,2,1,1.0,low,https://workofarttattoo.com/artists/joshua-cole/,3,2,2,MERGE,https://workofarttattoo.com/knowledge/,FAQ answer should roll into knowledge hub unless expanded with studio-specific examples; thin page
https://workofarttattoo.com/knowledge/white-ink-tattoo-facts/,knowledge/white-ink-tattoo-facts/code.html,faq,Do white ink tattoos stay visible? | Work of Art Knowledge,Do white ink tattoos stay visible?,https://workofarttattoo.com/knowledge/white-ink-tattoo-facts/,none,83,0,4,answer a narrow customer question,0,0,1,2,1,0.7,low,https://workofarttattoo.com/knowledge/tattoo-over-scar-tissue/,2,2,1,MERGE,https://workofarttattoo.com/knowledge/,FAQ answer should roll into knowledge hub unless expanded with studio-specific examples; thin page
https://workofarttattoo.com/labret_piercing_las_vegas_authority_guide/,labret_piercing_las_vegas_authority_guide/code.html,piercing-placement,Labret Piercing — Katelyn Cole | Work of Art Las Vegas | Work of Art,The Complete Labret Piercing Guide,https://workofarttattoo.com/labret_piercing_las_vegas_authority_guide/,"index, follow, max-snippet:-1, max-image-preview:large",1771,6,1,"research piercing placement, healing, jewelry, and book",5,5,5,5,24,3.8,high,https://workofarttattoo.com/bridge_piercing_las_vegas_authority_guide/,5,4,4,IMPROVE,https://workofarttattoo.com/piercing_types_las_vegas_authority_hub/,"placement page can stay only with anatomy-specific advice, jewelry examples, photos, and Katelyn/Katie commentary"
https://workofarttattoo.com/large_scale_projects_variant_a_authentic_art_rotation/,large_scale_projects_variant_a_authentic_art_rotation/code.html,other,Best Tattoo Styles For Sleeves | Work of Art Tattoo Las Vegas,Best Tattoo Styles for Sleeves and Large Projects,https://workofarttattoo.com/large_scale_projects_variant_a_authentic_art_rotation/,"index, follow, max-snippet:-1, max-image-preview:large",450,3,3,general site information,5,4,4,2,3,0.8,low,https://workofarttattoo.com/best_tattoo_styles_for_sleeves_large_scale_project_hub/,3,4,3,IMPROVE,,manual review required
https://workofarttattoo.com/las-vegas-tattoo-healing-guide/,las-vegas-tattoo-healing-guide/code.html,healing-aftercare,Tattoo Healing: Fresh vs Healed | Real Studio Results | Work of Art,Fresh vs healed: what your tattoo will look like over time,https://workofarttattoo.com/las-vegas-tattoo-healing-guide/,"index, follow, max-snippet:-1, max-image-preview:large",1385,9,1,understand tattoo/piercing healing and aftercare,5,5,5,4,2,4.2,high,https://workofarttattoo.com/tattoo_healing_before_after_real_results/,3,4,4,KEEP,,contains real fresh/healed studio examples; should become canonical healing resource
https://workofarttattoo.com/lip_piercing_las_vegas_authority_guide/,lip_piercing_las_vegas_authority_guide/code.html,piercing-placement,"Lip Piercing Las Vegas — Healing, Pain & Aftercare | Work of Art","Lip Piercing Las Vegas — Healing, Pain & Aftercare",https://workofarttattoo.com/lip_piercing_las_vegas_authority_guide/,"index, follow, max-snippet:-1, max-image-preview:large",1118,6,1,"research piercing placement, healing, jewelry, and book",5,5,5,4,0,3.9,high,https://workofarttattoo.com/ear_piercing_las_vegas_authority_guide/,4,4,4,IMPROVE,https://workofarttattoo.com/piercing_types_las_vegas_authority_hub/,"placement page can stay only with anatomy-specific advice, jewelry examples, photos, and Katelyn/Katie commentary"
https://workofarttattoo.com/macrophages_skin_science_las_vegas_authority_guide/,macrophages_skin_science_las_vegas_authority_guide/code.html,skin-science,Macrophages — The Immune Cells That Lock Ink In | Work of Art,Macrophages — The Immune Cells That Lock Ink In,https://workofarttattoo.com/macrophages_skin_science_las_vegas_authority_guide/,"index, follow, max-snippet:-1, max-image-preview:large",1159,6,3,understand skin/tattoo science before booking,5,5,5,4,6,0.8,low,https://workofarttattoo.com/skin_science_tattoo_dermatology_authority_guide/,3,4,4,MERGE,https://workofarttattoo.com/skin_science_tattoo_dermatology_authority_guide/,science subpage is informational but thin as standalone; consolidate unless clinically differentiated
https://workofarttattoo.com/merchandise/,merchandise/code.html,utility-commercial,Merchandise & Original Art | Work of Art Tattoo Las Vegas,Merchandise & one-of-a-kind pieces,https://workofarttattoo.com/merchandise/,"index, follow, max-snippet:-1, max-image-preview:large",901,13,5,"complete booking, contact, review, media, or reference task",5,5,5,3,2,0.8,low,https://workofarttattoo.com/studio_gallery/,4,4,5,IMPROVE,,
https://workofarttattoo.com/monroe_piercing_las_vegas_authority_guide/,monroe_piercing_las_vegas_authority_guide/code.html,piercing-placement,Monroe Piercing — Katelyn Cole | Work of Art Las Vegas | Work of Art,The Complete Monroe Piercing Guide,https://workofarttattoo.com/monroe_piercing_las_vegas_authority_guide/,"index, follow, max-snippet:-1, max-image-preview:large",1781,6,1,"research piercing placement, healing, jewelry, and book",5,5,5,5,3,3.8,high,https://workofarttattoo.com/bridge_piercing_las_vegas_authority_guide/,4,4,4,IMPROVE,https://workofarttattoo.com/piercing_types_las_vegas_authority_hub/,"placement page can stay only with anatomy-specific advice, jewelry examples, photos, and Katelyn/Katie commentary"
https://workofarttattoo.com/navel_piercing_las_vegas_authority_guide/,navel_piercing_las_vegas_authority_guide/code.html,piercing-placement,Navel Piercing — Katelyn Cole | Work of Art Las Vegas | Work of Art,The Complete Navel Piercing Guide,https://workofarttattoo.com/navel_piercing_las_vegas_authority_guide/,"index, follow, max-snippet:-1, max-image-preview:large",1757,6,1,"research piercing placement, healing, jewelry, and book",5,5,5,5,7,3.8,high,https://workofarttattoo.com/bridge_piercing_las_vegas_authority_guide/,4,4,4,IMPROVE,https://workofarttattoo.com/piercing_types_las_vegas_authority_hub/,"placement page can stay only with anatomy-specific advice, jewelry examples, photos, and Katelyn/Katie commentary"
https://workofarttattoo.com/nipple_piercing_las_vegas_authority_guide/,nipple_piercing_las_vegas_authority_guide/code.html,piercing-placement,Nipple Piercing — Katelyn Cole | Work of Art Las Vegas | Work of Art,The Complete Nipple Piercing Guide,https://workofarttattoo.com/nipple_piercing_las_vegas_authority_guide/,"index, follow, max-snippet:-1, max-image-preview:large",1756,6,1,"research piercing placement, healing, jewelry, and book",5,5,5,5,3,3.8,high,https://workofarttattoo.com/bridge_piercing_las_vegas_authority_guide/,4,4,4,IMPROVE,https://workofarttattoo.com/piercing_types_las_vegas_authority_hub/,"placement page can stay only with anatomy-specific advice, jewelry examples, photos, and Katelyn/Katie commentary"
https://workofarttattoo.com/nose_piercing_las_vegas_authority_guide/,nose_piercing_las_vegas_authority_guide/code.html,piercing-placement,"Nose Piercing Las Vegas — Healing, Pain & Aftercare | Work of Art","Nose Piercing Las Vegas — Healing, Pain & Aftercare",https://workofarttattoo.com/nose_piercing_las_vegas_authority_guide/,"index, follow, max-snippet:-1, max-image-preview:large",1128,6,1,"research piercing placement, healing, jewelry, and book",5,5,5,4,0,3.9,high,https://workofarttattoo.com/ear_piercing_las_vegas_authority_guide/,4,4,4,IMPROVE,https://workofarttattoo.com/piercing_types_las_vegas_authority_hub/,"placement page can stay only with anatomy-specific advice, jewelry examples, photos, and Katelyn/Katie commentary"
https://workofarttattoo.com/nostril_piercing_las_vegas_authority_guide/,nostril_piercing_las_vegas_authority_guide/code.html,piercing-placement,Nostril Piercing — Katelyn Cole | Work of Art Las Vegas | Work of Art,The Complete Nostril Piercing Guide,https://workofarttattoo.com/nostril_piercing_las_vegas_authority_guide/,"index, follow, max-snippet:-1, max-image-preview:large",1809,6,1,"research piercing placement, healing, jewelry, and book",5,5,5,5,14,3.8,high,https://workofarttattoo.com/bridge_piercing_las_vegas_authority_guide/,5,4,4,IMPROVE,https://workofarttattoo.com/piercing_types_las_vegas_authority_hub/,"placement page can stay only with anatomy-specific advice, jewelry examples, photos, and Katelyn/Katie commentary"
https://workofarttattoo.com/official_location_hours_contact/,official_location_hours_contact/code.html,utility-commercial,Work of Art Tattoo & Piercing — Location & Hours,"Work of Art Tattoo & Piercing — Official Location, Hours & Contact",https://workofarttattoo.com/official_location_hours_contact/,"index, follow, max-snippet:-1, max-image-preview:large",1045,0,5,"complete booking, contact, review, media, or reference task",4,0,5,4,482,1.1,low,https://workofarttattoo.com/industrial_piercing_las_vegas_authority_guide/,5,4,5,KEEP,,operational/commercial utility
https://workofarttattoo.com/offsite_bookings/,offsite_bookings/code.html,utility-commercial,Offsite Tattoo Bookings | Private Events | Work of Art Las Vegas,Offsite bookings,https://workofarttattoo.com/offsite_bookings/,"index, follow, max-snippet:-1, max-image-preview:large",1100,75,5,"complete booking, contact, review, media, or reference task",2,5,3,3,3,0.6,low,https://workofarttattoo.com/artists/,4,4,5,IMPROVE,,
https://workofarttattoo.com/oral_piercing_guide_las_vegas/,oral_piercing_guide_las_vegas/code.html,piercing-placement,Oral Piercing Guide Las Vegas | Piercing Shop Near the Strip | Work of Art,Oral Piercing Guide — Las Vegas,https://workofarttattoo.com/oral_piercing_guide_las_vegas/,"index, follow, max-snippet:-1, max-image-preview:large",778,6,3,"research piercing placement, healing, jewelry, and book",5,5,5,4,15,1.0,low,https://workofarttattoo.com/piercing_healing_guide_las_vegas/,5,4,4,IMPROVE,https://workofarttattoo.com/piercing_types_las_vegas_authority_hub/,"placement page can stay only with anatomy-specific advice, jewelry examples, photos, and Katelyn/Katie commentary"
https://workofarttattoo.com/orbital_piercing_las_vegas_authority_guide/,orbital_piercing_las_vegas_authority_guide/code.html,piercing-placement,Orbital Piercing — Katelyn Cole | Work of Art Las Vegas | Work of Art,The Complete Orbital Piercing Guide,https://workofarttattoo.com/orbital_piercing_las_vegas_authority_guide/,"index, follow, max-snippet:-1, max-image-preview:large",1928,6,1,"research piercing placement, healing, jewelry, and book",5,5,5,5,3,3.8,high,https://workofarttattoo.com/bridge_piercing_las_vegas_authority_guide/,4,4,4,IMPROVE,https://workofarttattoo.com/piercing_types_las_vegas_authority_hub/,"placement page can stay only with anatomy-specific advice, jewelry examples, photos, and Katelyn/Katie commentary"
https://workofarttattoo.com/philtrum_piercing_las_vegas_authority_guide/,philtrum_piercing_las_vegas_authority_guide/code.html,piercing-placement,Medusa (Philtrum) Piercing — Katelyn Cole | Work of Art Las Vegas | Work of Art,The Complete Medusa (Philtrum) Piercing Guide,https://workofarttattoo.com/philtrum_piercing_las_vegas_authority_guide/,"index, follow, max-snippet:-1, max-image-preview:large",1788,6,2,"research piercing placement, healing, jewelry, and book",5,5,5,5,14,2.9,medium,https://workofarttattoo.com/industrial_piercing_las_vegas_authority_guide/,5,4,4,IMPROVE,https://workofarttattoo.com/piercing_types_las_vegas_authority_hub/,"placement page can stay only with anatomy-specific advice, jewelry examples, photos, and Katelyn/Katie commentary"
https://workofarttattoo.com/piercing-guide-las-vegas/,piercing-guide-las-vegas/code.html,piercing-placement,Piercing Las Vegas | Walk-Ins Near the Strip | Work of Art,"Piercing Las Vegas | Complete Guide — Ear, Nose, Body & Book Online",https://workofarttattoo.com/piercing-guide-las-vegas/,"index, follow, max-snippet:-1, max-image-preview:large",2390,6,1,"research piercing placement, healing, jewelry, and book",5,5,5,5,565,4.5,high,https://workofarttattoo.com/piercing_types_las_vegas_authority_hub/,5,4,4,KEEP,,hub or major category page
https://workofarttattoo.com/piercing_aftercare_desert_climate_las_vegas_expert_guide/,piercing_aftercare_desert_climate_las_vegas_expert_guide/code.html,healing-aftercare,Piercing Aftercare Las Vegas | Desert Climate Guide — Book Online | Work of Art,Piercing aftercare in the Las Vegas desert,https://workofarttattoo.com/piercing_aftercare_desert_climate_las_vegas_expert_guide/,"index, follow, max-snippet:-1, max-image-preview:large",1029,6,3,understand tattoo/piercing healing and aftercare,5,5,5,4,77,1.0,low,https://workofarttattoo.com/tattoo_healing_in_desert_climate_expert_aftercare_guide/,4,4,4,KEEP,,
https://workofarttattoo.com/piercing_aftercare_guide_las_vegas/,piercing_aftercare_guide_las_vegas/code.html,healing-aftercare,Piercing Aftercare Guide Las Vegas | Piercing Shop Near the Strip | Work of Art,Piercing Aftercare Guide — Las Vegas,https://workofarttattoo.com/piercing_aftercare_guide_las_vegas/,"index, follow, max-snippet:-1, max-image-preview:large",734,6,3,understand tattoo/piercing healing and aftercare,5,5,5,4,434,0.9,low,https://workofarttattoo.com/piercing_healing_guide_las_vegas/,4,4,4,KEEP,,
https://workofarttattoo.com/piercing_healing_guide_las_vegas/,piercing_healing_guide_las_vegas/code.html,healing-aftercare,Piercing Healing Guide Las Vegas | Piercing Shop Near the Strip | Work of Art,Piercing Healing Guide — Las Vegas,https://workofarttattoo.com/piercing_healing_guide_las_vegas/,"index, follow, max-snippet:-1, max-image-preview:large",735,6,3,understand tattoo/piercing healing and aftercare,5,5,5,4,69,1.0,low,https://workofarttattoo.com/oral_piercing_guide_las_vegas/,4,4,4,KEEP,,
https://workofarttattoo.com/piercing_jewelry_guide_las_vegas/,piercing_jewelry_guide_las_vegas/code.html,piercing-placement,Implant-Grade Titanium Piercing Jewelry Las Vegas | Work of Art,Piercing Jewelry Guide — Las Vegas,https://workofarttattoo.com/piercing_jewelry_guide_las_vegas/,"index, follow, max-snippet:-1, max-image-preview:large",767,6,3,"research piercing placement, healing, jewelry, and book",5,5,5,4,510,2.4,low-medium,https://workofarttattoo.com/helix-piercing-las-vegas/,5,4,4,IMPROVE,,hub or major category page
https://workofarttattoo.com/piercing_types_las_vegas_authority_hub/,piercing_types_las_vegas_authority_hub/code.html,piercing-placement,"Piercing Las Vegas | Complete Guide — Ear, Nose, Body & Book Online | Work of Art","Piercing Las Vegas | Complete Guide — Ear, Nose, Body & Book Online",https://workofarttattoo.com/piercing-guide-las-vegas/,"index, follow, max-snippet:-1, max-image-preview:large",1943,1,1,"research piercing placement, healing, jewelry, and book",5,4,5,5,58,4.5,high,https://workofarttattoo.com/piercing-guide-las-vegas/,5,4,4,301,https://workofarttattoo.com/piercing-guide-las-vegas/,hub or major category page; canonical differs from public URL; map redirect after confirming target
https://workofarttattoo.com/psoriasis_skin_science_las_vegas_authority_guide/,psoriasis_skin_science_las_vegas_authority_guide/code.html,skin-science,Psoriasis & Tattoo Safety | Work of Art,Psoriasis & Tattoo Safety,https://workofarttattoo.com/psoriasis_skin_science_las_vegas_authority_guide/,"index, follow, max-snippet:-1, max-image-preview:large",1166,6,3,understand skin/tattoo science before booking,5,5,5,4,2,1.2,low,https://workofarttattoo.com/scar_tissue_tattoo_skin_science_las_vegas_authority_guide/,3,4,4,MERGE,https://workofarttattoo.com/skin_science_tattoo_dermatology_authority_guide/,science subpage is informational but thin as standalone; consolidate unless clinically differentiated
https://workofarttattoo.com/real_client_tattoo_timeline_las_vegas/,real_client_tattoo_timeline_las_vegas/code.html,other,"Real Client Tattoo Timeline — Fresh to 1 Year | Joshua Cole, Las Vegas | Work of Art","Real Client Timeline — One Tattoo, Every Stage",https://workofarttattoo.com/real_client_tattoo_timeline_las_vegas/,"index, follow, max-snippet:-1, max-image-preview:large",805,3,3,general site information,5,4,5,4,602,1.1,low,https://workofarttattoo.com/healing_database_black_grey_tattoos_las_vegas/,4,4,4,IMPROVE,,manual review required
https://workofarttattoo.com/realism-tattoos-las-vegas/,realism-tattoos-las-vegas/code.html,tattoo-style-pricing,Black & Grey Realism — Joshua Cole | Work of Art Las Vegas | Work of Art,Realism Tattoo in Las Vegas,https://workofarttattoo.com/realism-tattoos-las-vegas/,"index, follow, max-snippet:-1, max-image-preview:large",1133,10,1,research tattoo style/pricing and choose artist,2,5,5,4,439,5,high,https://workofarttattoo.com/realism_tattoos_las_vegas_master_authority_guide/,5,4,4,KEEP,,commercial tattoo style/pricing intent
https://workofarttattoo.com/realism_tattoos_las_vegas_master_authority_guide/,realism_tattoos_las_vegas_master_authority_guide/code.html,tattoo-style-pricing,Black & Grey Realism — Joshua Cole | Work of Art Las Vegas | Work of Art,Realism Tattoo in Las Vegas,https://workofarttattoo.com/realism-tattoos-las-vegas/,"index, follow, max-snippet:-1, max-image-preview:large",1205,10,1,research tattoo style/pricing and choose artist,2,5,5,4,60,5,high,https://workofarttattoo.com/realism-tattoos-las-vegas/,5,4,4,301,https://workofarttattoo.com/realism-tattoos-las-vegas/,generated authority-style page overlaps artist/service pages; consolidate proof and commentary; canonical differs from public URL; map redirect after confirming target
https://workofarttattoo.com/review_funnel_google_authority_hub/,review_funnel_google_authority_hub/code.html,utility-commercial,Leave a Review | Work of Art Tattoo & Piercing,Client reviews & healed work,https://workofarttattoo.com/review_funnel_google_authority_hub/,"index, follow, max-snippet:-1, max-image-preview:large",782,5,3,"complete booking, contact, review, media, or reference task",5,5,3,4,12,4.2,high,https://workofarttattoo.com/reviews_vault_100_verified_masterpieces/,5,4,5,IMPROVE,,
https://workofarttattoo.com/reviews_vault_100_verified_masterpieces/,reviews_vault_100_verified_masterpieces/code.html,utility-commercial,Leave a Review | Work of Art Tattoo & Piercing,Client reviews & healed work,https://workofarttattoo.com/reviews_vault_100_verified_masterpieces/,"index, follow, max-snippet:-1, max-image-preview:large",934,7,3,"complete booking, contact, review, media, or reference task",5,5,5,4,15,4.2,high,https://workofarttattoo.com/review_funnel_google_authority_hub/,5,4,5,KEEP,,operational/commercial utility
https://workofarttattoo.com/rook_piercing_las_vegas_authority_guide/,rook_piercing_las_vegas_authority_guide/code.html,piercing-placement,Rook Piercing — Katelyn Cole | Work of Art Las Vegas | Work of Art,The Complete Rook Piercing Guide,https://workofarttattoo.com/rook_piercing_las_vegas_authority_guide/,"index, follow, max-snippet:-1, max-image-preview:large",1907,6,1,"research piercing placement, healing, jewelry, and book",5,5,5,5,11,3.8,high,https://workofarttattoo.com/bridge_piercing_las_vegas_authority_guide/,5,4,4,IMPROVE,https://workofarttattoo.com/piercing_types_las_vegas_authority_hub/,"placement page can stay only with anatomy-specific advice, jewelry examples, photos, and Katelyn/Katie commentary"
https://workofarttattoo.com/scar_tissue_tattoo_skin_science_las_vegas_authority_guide/,scar_tissue_tattoo_skin_science_las_vegas_authority_guide/code.html,skin-science,Why Scar Tissue Tattoos Differently | Work of Art,Why Scar Tissue Tattoos Differently,https://workofarttattoo.com/scar_tissue_tattoo_skin_science_las_vegas_authority_guide/,"index, follow, max-snippet:-1, max-image-preview:large",1212,6,3,understand skin/tattoo science before booking,5,5,5,4,4,1.2,low,https://workofarttattoo.com/psoriasis_skin_science_las_vegas_authority_guide/,3,4,4,MERGE,https://workofarttattoo.com/skin_science_tattoo_dermatology_authority_guide/,science subpage is informational but thin as standalone; consolidate unless clinically differentiated
https://workofarttattoo.com/septum_piercing_las_vegas_authority_guide/,septum_piercing_las_vegas_authority_guide/code.html,piercing-placement,Septum Piercing — Katelyn Cole | Work of Art Las Vegas | Work of Art,The Complete Septum Piercing Guide,https://workofarttattoo.com/septum_piercing_las_vegas_authority_guide/,"index, follow, max-snippet:-1, max-image-preview:large",1824,6,1,"research piercing placement, healing, jewelry, and book",5,5,5,5,12,3.8,high,https://workofarttattoo.com/bridge_piercing_las_vegas_authority_guide/,5,4,4,IMPROVE,https://workofarttattoo.com/piercing_types_las_vegas_authority_hub/,"placement page can stay only with anatomy-specific advice, jewelry examples, photos, and Katelyn/Katie commentary"
https://workofarttattoo.com/skin_science_tattoo_dermatology_authority_guide/,skin_science_tattoo_dermatology_authority_guide/code.html,skin-science,Skin Science for Tattoo Collectors | Work of Art,Skin Science for Tattoo Collectors,https://workofarttattoo.com/skin_science_tattoo_dermatology_authority_guide/,"index, follow, max-snippet:-1, max-image-preview:large",1292,6,3,understand skin/tattoo science before booking,5,5,5,4,458,1.1,low,https://workofarttattoo.com/scar_tissue_tattoo_skin_science_las_vegas_authority_guide/,4,4,4,IMPROVE,,make this the skin science hub
https://workofarttattoo.com/snake_bites_piercing_las_vegas_authority_guide/,snake_bites_piercing_las_vegas_authority_guide/code.html,piercing-placement,Snake Bites Piercing — Katelyn Cole | Work of Art Las Vegas | Work of Art,The Complete Snake Bites Piercing Guide,https://workofarttattoo.com/snake_bites_piercing_las_vegas_authority_guide/,"index, follow, max-snippet:-1, max-image-preview:large",1806,6,2,"research piercing placement, healing, jewelry, and book",5,5,5,5,3,2.9,medium,https://workofarttattoo.com/industrial_piercing_las_vegas_authority_guide/,4,4,4,IMPROVE,https://workofarttattoo.com/piercing_types_las_vegas_authority_hub/,"placement page can stay only with anatomy-specific advice, jewelry examples, photos, and Katelyn/Katie commentary"
https://workofarttattoo.com/snug_piercing_las_vegas_authority_guide/,snug_piercing_las_vegas_authority_guide/code.html,piercing-placement,Snug Piercing — Katelyn Cole | Work of Art Las Vegas | Work of Art,The Complete Snug Piercing Guide,https://workofarttattoo.com/snug_piercing_las_vegas_authority_guide/,"index, follow, max-snippet:-1, max-image-preview:large",1929,6,1,"research piercing placement, healing, jewelry, and book",5,5,5,5,3,3.8,high,https://workofarttattoo.com/bridge_piercing_las_vegas_authority_guide/,4,4,4,IMPROVE,https://workofarttattoo.com/piercing_types_las_vegas_authority_hub/,"placement page can stay only with anatomy-specific advice, jewelry examples, photos, and Katelyn/Katie commentary"
https://workofarttattoo.com/start_here/,start_here/code.html,other,Start Here | Work of Art Las Vegas,Start Here,https://workofarttattoo.com/start_here/,"index, follow, max-snippet:-1, max-image-preview:large",897,1,3,general site information,5,4,5,3,824,0.7,low,https://workofarttattoo.com/cover-up-tattoos-las-vegas/,4,4,4,IMPROVE,,manual review required
https://workofarttattoo.com/stretch_marks_skin_science_las_vegas_authority_guide/,stretch_marks_skin_science_las_vegas_authority_guide/code.html,skin-science,Stretch Marks & Tattoo Planning | Work of Art,Stretch Marks & Tattoo Planning,https://workofarttattoo.com/stretch_marks_skin_science_las_vegas_authority_guide/,"index, follow, max-snippet:-1, max-image-preview:large",1191,6,3,understand skin/tattoo science before booking,5,5,5,4,3,1.0,low,https://workofarttattoo.com/scar_tissue_tattoo_skin_science_las_vegas_authority_guide/,3,4,4,MERGE,https://workofarttattoo.com/skin_science_tattoo_dermatology_authority_guide/,science subpage is informational but thin as standalone; consolidate unless clinically differentiated
https://workofarttattoo.com/studio-rules/,studio-rules/code.html,other,Studio Rules | Work of Art Tattoo & Piercing,Studio Rules,https://workofarttattoo.com/studio-rules/,"index, follow, max-snippet:-1, max-image-preview:large",142,0,3,general site information,0,0,1,2,195,0.9,low,https://workofarttattoo.com/katelyn_piercing_minors_las_vegas_authority_guide/,4,0,1,NOINDEX,,manual review required; thin page
https://workofarttattoo.com/studio_gallery/,studio_gallery/code.html,utility-commercial,"Studio Gallery | Tattoos, Original Art & Piercing | Work of Art Las Vegas",Studio gallery,https://workofarttattoo.com/studio_gallery/,"index, follow, max-snippet:-1, max-image-preview:large",1199,103,5,"complete booking, contact, review, media, or reference task",5,5,5,4,587,1.6,low-medium,https://workofarttattoo.com/ear_curation_piercing_las_vegas_authority_guide/,5,4,5,KEEP,,operational/commercial utility
https://workofarttattoo.com/studio_videos/,studio_videos/code.html,utility-commercial,Studio Videos | Tattoo Reels & Client Stories | Work of Art Las Vegas,Studio Videos — Tattoos & Client Stories,https://workofarttattoo.com/studio_videos/,"index, follow, max-snippet:-1, max-image-preview:large",602,0,5,"complete booking, contact, review, media, or reference task",4,0,4,2,719,0.6,low,https://workofarttattoo.com/studio_gallery/,5,4,5,KEEP,,operational/commercial utility
https://workofarttattoo.com/surface_piercing_las_vegas_authority_guide/,surface_piercing_las_vegas_authority_guide/code.html,piercing-placement,Surface Piercing — Katelyn Cole | Work of Art Las Vegas | Work of Art,The Complete Surface Piercing Guide,https://workofarttattoo.com/surface_piercing_las_vegas_authority_guide/,"index, follow, max-snippet:-1, max-image-preview:large",1812,6,1,"research piercing placement, healing, jewelry, and book",5,5,5,5,9,3.8,high,https://workofarttattoo.com/bridge_piercing_las_vegas_authority_guide/,4,4,4,IMPROVE,https://workofarttattoo.com/piercing_types_las_vegas_authority_hub/,"placement page can stay only with anatomy-specific advice, jewelry examples, photos, and Katelyn/Katie commentary"
https://workofarttattoo.com/tattoo-aftercare-desert-climate/,tattoo-aftercare-desert-climate/code.html,healing-aftercare,Desert Tattoo Healing — Joshua Cole | Work of Art Las Vegas | Work of Art,Tattoo Healing in Desert Climate,https://workofarttattoo.com/tattoo-aftercare-desert-climate/,"index, follow, max-snippet:-1, max-image-preview:large",1121,8,1,understand tattoo/piercing healing and aftercare,5,5,5,4,443,4.7,high,https://workofarttattoo.com/tattoo_healing_in_desert_climate_expert_aftercare_guide/,4,4,4,IMPROVE,https://workofarttattoo.com/las-vegas-tattoo-healing-guide/,merge unique details into main healing guide if duplicative
https://workofarttattoo.com/tattoo_healing_before_after_real_results/,tattoo_healing_before_after_real_results/code.html,healing-aftercare,Tattoo Healing: Fresh vs Healed | Real Studio Results | Work of Art,Fresh vs healed: what your tattoo will look like over time,https://workofarttattoo.com/tattoo_healing_before_after_real_results/,"index, follow, max-snippet:-1, max-image-preview:large",1288,4,1,understand tattoo/piercing healing and aftercare,5,5,5,4,20,4.2,high,https://workofarttattoo.com/las-vegas-tattoo-healing-guide/,4,4,4,KEEP,,contains real fresh/healed studio examples; should become canonical healing resource
https://workofarttattoo.com/tattoo_healing_in_desert_climate_expert_aftercare_guide/,tattoo_healing_in_desert_climate_expert_aftercare_guide/code.html,healing-aftercare,Desert Tattoo Healing — Joshua Cole | Work of Art Las Vegas | Work of Art,Tattoo Healing in Desert Climate,https://workofarttattoo.com/tattoo-aftercare-desert-climate/,"index, follow, max-snippet:-1, max-image-preview:large",1276,13,1,understand tattoo/piercing healing and aftercare,5,5,5,4,182,4.7,high,https://workofarttattoo.com/tattoo-aftercare-desert-climate/,4,4,4,301,https://workofarttattoo.com/tattoo-aftercare-desert-climate/,merge unique details into main healing guide if duplicative; canonical differs from public URL; map redirect after confirming target
https://workofarttattoo.com/tattoo_pain_chart_placement_sensitivity_guide/,tattoo_pain_chart_placement_sensitivity_guide/code.html,other,Tattoo Pain Chart Las Vegas | Placement Guide | Work of Art,Tattoo pain by placement,https://workofarttattoo.com/tattoo_pain_chart_placement_sensitivity_guide/,"index, follow, max-snippet:-1, max-image-preview:large",994,12,3,general site information,5,5,5,4,7,0.7,low,https://workofarttattoo.com/piercing_healing_guide_las_vegas/,3,4,4,IMPROVE,,manual review required
https://workofarttattoo.com/tattoo_shop_enterprise_las_vegas/,tattoo_shop_enterprise_las_vegas/code.html,location,"Tattoo Shop Near Enterprise, Las Vegas | Work of Art","Tattoo Shop Near Enterprise, Las Vegas",https://workofarttattoo.com/tattoo_shop_enterprise_las_vegas/,"index, follow, max-snippet:-1, max-image-preview:large",257,0,0,decide whether studio is convenient from a local area or landmark,0,0,2,3,430,3.8,high,https://workofarttattoo.com/tattoo_shop_near_las_vegas_airport/,5,5,3,MERGE,https://workofarttattoo.com/visit/,"near-identical geo/landmark page; keep indexable only with unique route, parking, venue timing, visitor advice, photos/maps"
https://workofarttattoo.com/tattoo_shop_green_valley_henderson/,tattoo_shop_green_valley_henderson/code.html,location,Tattoo Shop Near Green Valley & Henderson | Work of Art,Tattoo Shop Near Green Valley & Henderson,https://workofarttattoo.com/tattoo_shop_green_valley_henderson/,"index, follow, max-snippet:-1, max-image-preview:large",282,0,1,decide whether studio is convenient from a local area or landmark,1,0,4,3,430,3.0,medium,https://workofarttattoo.com/tattoo_shop_enterprise_las_vegas/,4,5,3,MERGE,https://workofarttattoo.com/visit/,"near-identical geo/landmark page; keep indexable only with unique route, parking, venue timing, visitor advice, photos/maps"
https://workofarttattoo.com/tattoo_shop_near_allegiant_stadium_las_vegas/,tattoo_shop_near_allegiant_stadium_las_vegas/code.html,location,Tattoo Shop Near Allegiant Stadium Las Vegas | Work of Art,Tattoo Shop Near Allegiant Stadium Las Vegas,https://workofarttattoo.com/tattoo_shop_near_allegiant_stadium_las_vegas/,"index, follow, max-snippet:-1, max-image-preview:large",291,0,1,decide whether studio is convenient from a local area or landmark,0,0,2,3,430,2.8,medium,https://workofarttattoo.com/tattoo_shop_enterprise_las_vegas/,5,5,3,MERGE,https://workofarttattoo.com/visit/,"near-identical geo/landmark page; keep indexable only with unique route, parking, venue timing, visitor advice, photos/maps"
https://workofarttattoo.com/tattoo_shop_near_las_vegas_airport/,tattoo_shop_near_las_vegas_airport/code.html,location,Tattoo Shop Near Las Vegas Airport (LAS) | Work of Art,Tattoo Shop Near Las Vegas Airport (LAS),https://workofarttattoo.com/tattoo_shop_near_las_vegas_airport/,"index, follow, max-snippet:-1, max-image-preview:large",296,0,0,decide whether studio is convenient from a local area or landmark,0,0,2,3,431,3.8,high,https://workofarttattoo.com/tattoo_shop_enterprise_las_vegas/,5,5,3,MERGE,https://workofarttattoo.com/visit/,"near-identical geo/landmark page; keep indexable only with unique route, parking, venue timing, visitor advice, photos/maps"
https://workofarttattoo.com/tattoo_shop_near_mgm_grand_las_vegas/,tattoo_shop_near_mgm_grand_las_vegas/code.html,location,Tattoo Shop Near MGM Grand Las Vegas | Work of Art,Tattoo Shop Near MGM Grand Las Vegas,https://workofarttattoo.com/tattoo_shop_near_mgm_grand_las_vegas/,"index, follow, max-snippet:-1, max-image-preview:large",425,0,1,decide whether studio is convenient from a local area or landmark,0,0,2,3,431,3.3,medium,https://workofarttattoo.com/tattoo_shop_enterprise_las_vegas/,5,5,3,MERGE,https://workofarttattoo.com/visit/,"near-identical geo/landmark page; keep indexable only with unique route, parking, venue timing, visitor advice, photos/maps"
https://workofarttattoo.com/tattoo_shop_near_the_sphere_las_vegas/,tattoo_shop_near_the_sphere_las_vegas/code.html,location,Tattoo Shop Near The Sphere Las Vegas | Work of Art,Tattoo Shop Near The Sphere Las Vegas,https://workofarttattoo.com/tattoo_shop_near_the_sphere_las_vegas/,"index, follow, max-snippet:-1, max-image-preview:large",302,0,0,decide whether studio is convenient from a local area or landmark,0,0,2,3,431,3.8,high,https://workofarttattoo.com/tattoo_shop_enterprise_las_vegas/,4,5,3,MERGE,https://workofarttattoo.com/visit/,"near-identical geo/landmark page; keep indexable only with unique route, parking, venue timing, visitor advice, photos/maps"
https://workofarttattoo.com/tattoo_shop_near_the_strip_geo_seo_optimized/,tattoo_shop_near_the_strip_geo_seo_optimized/code.html,location,Tattoo and Piercing Shops Near Me Las Vegas | Strip Area | Work of Art,"Vegas Artistry, No Ego Culture.",https://workofarttattoo.com/tattoo_shop_near_the_strip_nap_corrected/,"index, follow, max-snippet:-1, max-image-preview:large",663,7,0,decide whether studio is convenient from a local area or landmark,2,5,3,3,0,4.5,high,https://workofarttattoo.com/tattoo_shop_near_the_strip_nap_corrected/,4,5,4,301,https://workofarttattoo.com/tattoo_shop_near_the_strip_nap_corrected/,central location/near-Strip intent; build as visit hub with route/parking/logistics; canonical differs from public URL; map redirect after confirming target
https://workofarttattoo.com/tattoo_shop_near_the_strip_nap_corrected/,tattoo_shop_near_the_strip_nap_corrected/code.html,location,Tattoo and Piercing Shop Near Me | Near the Strip Las Vegas | Work of Art,"Vegas Artistry, No Ego Culture.",https://workofarttattoo.com/tattoo_shop_near_the_strip_nap_corrected/,"index, follow, max-snippet:-1, max-image-preview:large",802,7,0,decide whether studio is convenient from a local area or landmark,2,5,3,4,451,4.5,high,https://workofarttattoo.com/tattoo_shop_near_the_strip_geo_seo_optimized/,5,5,4,IMPROVE,https://workofarttattoo.com/visit/,central location/near-Strip intent; build as visit hub with route/parking/logistics
https://workofarttattoo.com/tattoo_shop_paradise_nevada/,tattoo_shop_paradise_nevada/code.html,location,"Tattoo Shop in Paradise, Nevada | Work of Art","Tattoo Shop in Paradise, Nevada",https://workofarttattoo.com/tattoo_shop_paradise_nevada/,"index, follow, max-snippet:-1, max-image-preview:large",262,0,1,decide whether studio is convenient from a local area or landmark,4,0,4,3,430,3.3,medium,https://workofarttattoo.com/tattoo_shop_enterprise_las_vegas/,4,5,3,MERGE,https://workofarttattoo.com/visit/,"near-identical geo/landmark page; keep indexable only with unique route, parking, venue timing, visitor advice, photos/maps"
https://workofarttattoo.com/tattoo_shop_spring_valley_las_vegas/,tattoo_shop_spring_valley_las_vegas/code.html,location,"Tattoo Shop Serving Spring Valley, Las Vegas | Work of Art","Tattoo Shop Serving Spring Valley, Las Vegas",https://workofarttattoo.com/tattoo_shop_spring_valley_las_vegas/,"index, follow, max-snippet:-1, max-image-preview:large",276,0,2,decide whether studio is convenient from a local area or landmark,0,0,2,3,430,2.7,medium,https://workofarttattoo.com/tattoo_shop_green_valley_henderson/,5,5,3,MERGE,https://workofarttattoo.com/visit/,"near-identical geo/landmark page; keep indexable only with unique route, parking, venue timing, visitor advice, photos/maps"
https://workofarttattoo.com/terms-of-service/,terms-of-service/code.html,other,Terms of Service | Work of Art Tattoo & Piercing,Terms of Service,https://workofarttattoo.com/terms-of-service/,"index, follow, max-snippet:-1, max-image-preview:large",152,0,3,general site information,0,0,0,2,203,0.6,low,https://workofarttattoo.com/studio-rules/,4,0,1,NOINDEX,,manual review required; thin page
https://workofarttattoo.com/tongue_piercing_las_vegas_authority_guide/,tongue_piercing_las_vegas_authority_guide/code.html,piercing-placement,Tongue (Center) Piercing — Katelyn Cole | Work of Art Las Vegas | Work of Art,The Complete Tongue (Center) Piercing Guide,https://workofarttattoo.com/tongue_piercing_las_vegas_authority_guide/,"index, follow, max-snippet:-1, max-image-preview:large",1836,6,2,"research piercing placement, healing, jewelry, and book",5,5,5,5,7,2.9,medium,https://workofarttattoo.com/industrial_piercing_las_vegas_authority_guide/,4,4,4,IMPROVE,https://workofarttattoo.com/piercing_types_las_vegas_authority_hub/,"placement page can stay only with anatomy-specific advice, jewelry examples, photos, and Katelyn/Katie commentary"
https://workofarttattoo.com/tragus_piercing_las_vegas_authority_guide/,tragus_piercing_las_vegas_authority_guide/code.html,piercing-placement,Tragus Piercing — Katelyn Cole | Work of Art Las Vegas | Work of Art,The Complete Tragus Piercing Guide,https://workofarttattoo.com/tragus_piercing_las_vegas_authority_guide/,"index, follow, max-snippet:-1, max-image-preview:large",1912,6,1,"research piercing placement, healing, jewelry, and book",5,5,5,5,11,3.8,high,https://workofarttattoo.com/bridge_piercing_las_vegas_authority_guide/,5,4,4,IMPROVE,https://workofarttattoo.com/piercing_types_las_vegas_authority_hub/,"placement page can stay only with anatomy-specific advice, jewelry examples, photos, and Katelyn/Katie commentary"
https://workofarttattoo.com/upper_lobe_piercing_las_vegas_authority_guide/,upper_lobe_piercing_las_vegas_authority_guide/code.html,piercing-placement,Upper Lobe Piercing — Katelyn Cole | Work of Art Las Vegas | Work of Art,The Complete Upper Lobe Piercing Guide,https://workofarttattoo.com/upper_lobe_piercing_las_vegas_authority_guide/,"index, follow, max-snippet:-1, max-image-preview:large",1892,6,2,"research piercing placement, healing, jewelry, and book",5,5,5,5,3,2.9,medium,https://workofarttattoo.com/industrial_piercing_las_vegas_authority_guide/,4,4,4,IMPROVE,https://workofarttattoo.com/piercing_types_las_vegas_authority_hub/,"placement page can stay only with anatomy-specific advice, jewelry examples, photos, and Katelyn/Katie commentary"
https://workofarttattoo.com/vegas_tattoo_shop_vs_cheap_strip_tattoo_ultimate_comparison/,vegas_tattoo_shop_vs_cheap_strip_tattoo_ultimate_comparison/code.html,location,Premium Tattoo & Piercing Studio vs Strip Shops | Work of Art,The High Cost of Cheap Ink: Vegas Studio vs. The Strip,https://workofarttattoo.com/vegas_tattoo_shop_vs_cheap_strip_tattoo_ultimate_comparison/,"index, follow, max-snippet:-1, max-image-preview:large",1263,7,2,decide whether studio is convenient from a local area or landmark,5,5,5,3,437,1.5,low-medium,https://workofarttattoo.com/vegas_tattoo_shop_vs_cheap_strip_tattoo_what_you_need_to_know/,5,5,4,MERGE,https://workofarttattoo.com/visit/,"near-identical geo/landmark page; keep indexable only with unique route, parking, venue timing, visitor advice, photos/maps"
https://workofarttattoo.com/vegas_tattoo_shop_vs_cheap_strip_tattoo_what_you_need_to_know/,vegas_tattoo_shop_vs_cheap_strip_tattoo_what_you_need_to_know/code.html,location,Vegas Tattoo and Piercing Shop vs Cheap Strip Tattoo | Work of Art Studio,The High Cost of Cheap Ink: Vegas Studio vs. The Strip,https://workofarttattoo.com/vegas_tattoo_shop_vs_cheap_strip_tattoo_what_you_need_to_know/,"index, follow, max-snippet:-1, max-image-preview:large",855,7,2,decide whether studio is convenient from a local area or landmark,5,5,5,3,3,1.5,low-medium,https://workofarttattoo.com/vegas_tattoo_shop_vs_cheap_strip_tattoo_ultimate_comparison/,4,5,4,MERGE,https://workofarttattoo.com/visit/,"near-identical geo/landmark page; keep indexable only with unique route, parking, venue timing, visitor advice, photos/maps"
https://workofarttattoo.com/vertical_labret_piercing_las_vegas_authority_guide/,vertical_labret_piercing_las_vegas_authority_guide/code.html,piercing-placement,Vertical Labret Piercing — Katelyn Cole | Work of Art Las Vegas | Work of Art,The Complete Vertical Labret Piercing Guide,https://workofarttattoo.com/vertical_labret_piercing_las_vegas_authority_guide/,"index, follow, max-snippet:-1, max-image-preview:large",1792,6,2,"research piercing placement, healing, jewelry, and book",5,5,5,5,3,3.1,medium,https://workofarttattoo.com/labret_piercing_las_vegas_authority_guide/,4,4,4,IMPROVE,https://workofarttattoo.com/piercing_types_las_vegas_authority_hub/,"placement page can stay only with anatomy-specific advice, jewelry examples, photos, and Katelyn/Katie commentary"
https://workofarttattoo.com/walk-in-tattoos-las-vegas/,walk-in-tattoos-las-vegas/code.html,tattoo-style-pricing,Walk-In & Same-Day Tattoos — Joshua Cole | Work of Art Las Vegas | Work of Art,Instant Art. Zero Compromise.,https://workofarttattoo.com/walk-in-tattoos-las-vegas/,"index, follow, max-snippet:-1, max-image-preview:large",977,6,1,research tattoo style/pricing and choose artist,5,5,5,4,435,5,high,https://workofarttattoo.com/walk_in_tattoos_las_vegas_authority_guide/,5,4,4,KEEP,,commercial tattoo style/pricing intent
https://workofarttattoo.com/walk_in_tattoos_las_vegas_authority_guide/,walk_in_tattoos_las_vegas_authority_guide/code.html,other,Walk-In & Same-Day Tattoos — Joshua Cole | Work of Art Las Vegas | Work of Art,Instant Art. Zero Compromise.,https://workofarttattoo.com/walk-in-tattoos-las-vegas/,"index, follow, max-snippet:-1, max-image-preview:large",947,6,1,general site information,5,5,5,4,7,5,high,https://workofarttattoo.com/walk-in-tattoos-las-vegas/,3,4,4,301,https://workofarttattoo.com/walk-in-tattoos-las-vegas/,manual review required; canonical differs from public URL; map redirect after confirming target
https://workofarttattoo.com/why_tattoos_stay_forever_skin_science_las_vegas_authority_guide/,why_tattoos_stay_forever_skin_science_las_vegas_authority_guide/code.html,skin-science,Why Tattoos Stay Forever | Work of Art,Why Tattoos Stay Forever,https://workofarttattoo.com/why_tattoos_stay_forever_skin_science_las_vegas_authority_guide/,"index, follow, max-snippet:-1, max-image-preview:large",1188,6,3,understand skin/tattoo science before booking,5,5,5,4,6,0.9,low,https://workofarttattoo.com/epidermis_skin_science_las_vegas_authority_guide/,3,4,4,MERGE,https://workofarttattoo.com/skin_science_tattoo_dermatology_authority_guide/,science subpage is informational but thin as standalone; consolidate unless clinically differentiated
