url,route,title,h1,indexable,unique_search_intent,unique_firsthand_information,original_studio_imagery,original_artist_commentary,unique_factual_information,inbound_internal_links_estimate,overlap_bucket,commercial_usefulness,local_usefulness,deserves_to_exist_without_google,problems,recommendation,canonical,internal_links_out
https://www.workofarttattoo.com/aging_skin_skin_science_las_vegas_authority_guide/,/aging_skin_skin_science_las_vegas_authority_guide/,Aging Skin & Long-Term Tattoo Clarity | Work of Art,Aging Skin & Long-Term Tattoo Clarity,yes,piercing commercial hub,yes,yes,yes,yes,pending graph pass,piercing commercial hub,yes,yes,yes,,KEEP,https://www.workofarttattoo.com/aging_skin_skin_science_las_vegas_authority_guide/,59
https://www.workofarttattoo.com/anti_eyebrow_piercing_las_vegas_authority_guide/,/anti_eyebrow_piercing_las_vegas_authority_guide/,Anti-Eyebrow Piercing — Katelyn Cole | Work of Art Las Vegas | Work of Art,The Complete Anti-Eyebrow Piercing Guide,yes,facial piercing placement,yes,yes,yes,yes,pending graph pass,facial piercing placement,yes,yes,yes,,KEEP,https://www.workofarttattoo.com/anti_eyebrow_piercing_las_vegas_authority_guide/,66
https://www.workofarttattoo.com/anti_tragus_piercing_las_vegas_authority_guide/,/anti_tragus_piercing_las_vegas_authority_guide/,Anti-Tragus Piercing — Katelyn Cole | Work of Art Las Vegas | Work of Art,The Complete Anti-Tragus Piercing Guide,yes,ear piercing placement,yes,yes,yes,yes,pending graph pass,ear piercing placement,yes,yes,yes,,KEEP,https://www.workofarttattoo.com/anti_tragus_piercing_las_vegas_authority_guide/,65
https://www.workofarttattoo.com/appointments/,/appointments/,Book an Appointment | Work of Art Tattoo & Piercing Las Vegas,Book your appointment,yes,piercing commercial hub,yes,yes,yes,yes,pending graph pass,piercing commercial hub,yes,yes,yes,,KEEP,https://www.workofarttattoo.com/appointments/,55
https://www.workofarttattoo.com/artists/,/artists/,Artists | Work of Art Tattoo & Piercing Las Vegas,Artists at Work of Art,yes,piercing commercial hub,yes,yes,partial,yes,pending graph pass,piercing commercial hub,yes,yes,yes,,KEEP,https://www.workofarttattoo.com/artists/,7
https://www.workofarttattoo.com/artists/joshua-cole/,/artists/joshua-cole/,Joshua Cole | Realism Tattoo Artist Las Vegas | Work of Art,Joshua Cole — Realism Tattoo Artist Las Vegas,yes,piercing commercial hub,yes,yes,yes,yes,pending graph pass,piercing commercial hub,yes,yes,yes,,KEEP,https://www.workofarttattoo.com/artists/joshua-cole/,53
https://www.workofarttattoo.com/artists/katelyn-cole/,/artists/katelyn-cole/,Female Piercer Las Vegas | Katelyn Cole | Work of Art,Katelyn Cole — Female Piercer in Las Vegas,yes,Katelyn piercing entity,yes,yes,yes,yes,pending graph pass,Katelyn piercing entity,yes,yes,yes,,IMPROVE,https://www.workofarttattoo.com/artists/katelyn-cole/,53
https://www.workofarttattoo.com/artists/teralyn/,/artists/teralyn/,Teralyn | Fine Line Tattoo Artist Las Vegas | Work of Art,Teralyn,yes,piercing commercial hub,partial,yes,partial,yes,pending graph pass,piercing commercial hub,yes,yes,yes,,KEEP,https://www.workofarttattoo.com/artists/teralyn/,6
https://www.workofarttattoo.com/best_fine_line_tattoos_in_vegas_ultimate_authority_guide/,/best_fine_line_tattoos_in_vegas_ultimate_authority_guide/,Fine Line Tattoos in Vegas — Joshua Cole | Work of Art Las Vegas | Work of Art,Fine Line Tattoos in Vegas,yes,piercing commercial hub,yes,yes,yes,yes,pending graph pass,piercing commercial hub,yes,yes,yes,,KEEP,https://www.workofarttattoo.com/best_fine_line_tattoos_in_vegas_ultimate_authority_guide/,56
https://www.workofarttattoo.com/best_piercing_shop_las_vegas_updated_jewelry_standards/,/best_piercing_shop_las_vegas_updated_jewelry_standards/,Tattoo and Piercing Shop Near the Strip Las Vegas | Work of Art,Ear Piercing & Body Piercing — Las Vegas,yes,piercing jewelry/downsizing,yes,yes,partial,yes,pending graph pass,piercing jewelry/downsizing,yes,yes,yes,,KEEP,https://www.workofarttattoo.com/best_piercing_shop_las_vegas_updated_jewelry_standards/,54
https://www.workofarttattoo.com/best_tattoo_styles_for_sleeves_large_scale_project_hub/,/best_tattoo_styles_for_sleeves_large_scale_project_hub/,Sleeve & Large-Scale Tattoos — Joshua Cole | Work of Art Las Vegas | Work of Art,Best Tattoo Styles For Sleeves: what to know before you plan,yes,piercing commercial hub,yes,yes,yes,yes,pending graph pass,piercing commercial hub,yes,yes,yes,,KEEP,https://www.workofarttattoo.com/best_tattoo_styles_for_sleeves_large_scale_project_hub/,50
https://www.workofarttattoo.com/body_piercing_guide_las_vegas/,/body_piercing_guide_las_vegas/,Body Piercing Guide Las Vegas | Piercing Shop Near the Strip | Work of Art,Body Piercing Guide — Las Vegas,yes,local visitor mixed tattoo/piercing,yes,yes,yes,yes,pending graph pass,local visitor mixed tattoo/piercing,yes,yes,yes,,IMPROVE,https://www.workofarttattoo.com/body_piercing_guide_las_vegas/,59
https://www.workofarttattoo.com/bridge_piercing_las_vegas_authority_guide/,/bridge_piercing_las_vegas_authority_guide/,Bridge Piercing — Katelyn Cole | Work of Art Las Vegas | Work of Art,The Complete Bridge Piercing Guide,yes,facial piercing placement,yes,yes,yes,yes,pending graph pass,facial piercing placement,yes,yes,yes,,KEEP,https://www.workofarttattoo.com/bridge_piercing_las_vegas_authority_guide/,66
https://www.workofarttattoo.com/cartilage_piercing_las_vegas_authority_guide/,/cartilage_piercing_las_vegas_authority_guide/,"Cartilage (Overview) Piercing Las Vegas — Healing, Pain & Aftercare | Work of Art","Cartilage (Overview) Piercing Las Vegas — Healing, Pain & Aftercare",yes,piercing aftercare/healing,yes,yes,yes,yes,pending graph pass,piercing aftercare/healing,yes,yes,yes,,KEEP,https://www.workofarttattoo.com/cartilage_piercing_las_vegas_authority_guide/,62
https://www.workofarttattoo.com/,/,Work of Art Tattoo & Piercing | Las Vegas | Walk-Ins on E. Tropicana,Tattoo & Piercing Studio in Las Vegas,yes,piercing commercial hub,yes,yes,yes,yes,pending graph pass,piercing commercial hub,yes,yes,yes,,KEEP,https://www.workofarttattoo.com/,67
https://www.workofarttattoo.com/collagen_skin_science_las_vegas_authority_guide/,/collagen_skin_science_las_vegas_authority_guide/,Collagen — Structure That Holds Your Tattoo Together | Work of Art,Collagen — Structure That Holds Your Tattoo Together,yes,piercing commercial hub,yes,yes,yes,yes,pending graph pass,piercing commercial hub,yes,yes,yes,,KEEP,https://www.workofarttattoo.com/collagen_skin_science_las_vegas_authority_guide/,60
https://www.workofarttattoo.com/conch_piercing_las_vegas_authority_guide/,/conch_piercing_las_vegas_authority_guide/,Conch Piercing — Katelyn Cole | Work of Art Las Vegas | Work of Art,The Complete Conch Piercing Guide,yes,ear piercing placement,yes,yes,yes,yes,pending graph pass,ear piercing placement,yes,yes,yes,,KEEP,https://www.workofarttattoo.com/conch_piercing_las_vegas_authority_guide/,66
https://www.workofarttattoo.com/cover-up-tattoos-las-vegas/,/cover-up-tattoos-las-vegas/,Tattoo Cover-Ups — Joshua Cole | Work of Art Las Vegas | Work of Art,Cover Up Tattoos Las Vegas,yes,piercing commercial hub,yes,yes,yes,yes,pending graph pass,piercing commercial hub,yes,yes,yes,,KEEP,https://www.workofarttattoo.com/cover-up-tattoos-las-vegas/,54
https://www.workofarttattoo.com/cover_up_tattoos_las_vegas_master_authority_guide/,/cover_up_tattoos_las_vegas_master_authority_guide/,Tattoo Cover-Ups — Joshua Cole | Work of Art Las Vegas | Work of Art,Cover Up Tattoos Las Vegas,yes,piercing commercial hub,yes,yes,yes,yes,pending graph pass,piercing commercial hub,yes,yes,yes,,KEEP,https://www.workofarttattoo.com/cover-up-tattoos-las-vegas/,53
https://www.workofarttattoo.com/daith_piercing_las_vegas_authority_guide/,/daith_piercing_las_vegas_authority_guide/,Daith Piercing — Katelyn Cole | Work of Art Las Vegas | Work of Art,The Complete Daith Piercing Guide,yes,ear piercing placement,yes,yes,yes,yes,pending graph pass,ear piercing placement,yes,yes,yes,,KEEP,https://www.workofarttattoo.com/daith_piercing_las_vegas_authority_guide/,66
https://www.workofarttattoo.com/dermis_skin_science_las_vegas_authority_guide/,/dermis_skin_science_las_vegas_authority_guide/,The Dermis — Where Tattoo Ink Lives | Work of Art,The Dermis — Where Tattoo Ink Lives,yes,piercing commercial hub,yes,yes,yes,yes,pending graph pass,piercing commercial hub,yes,yes,yes,,KEEP,https://www.workofarttattoo.com/dermis_skin_science_las_vegas_authority_guide/,60
https://www.workofarttattoo.com/diabetes_skin_science_las_vegas_authority_guide/,/diabetes_skin_science_las_vegas_authority_guide/,Diabetes — Skin Healing & Tattoo Considerations | Work of Art,Diabetes — Skin Healing & Tattoo Considerations,yes,piercing aftercare/healing,yes,yes,yes,yes,pending graph pass,piercing aftercare/healing,yes,yes,yes,,KEEP,https://www.workofarttattoo.com/diabetes_skin_science_las_vegas_authority_guide/,59
https://www.workofarttattoo.com/ear_curation_piercing_las_vegas_authority_guide/,/ear_curation_piercing_las_vegas_authority_guide/,Ear Curation Piercing — Katelyn Cole | Work of Art Las Vegas | Work of Art,The Complete Ear Curation Piercing Guide,yes,ear piercing placement,yes,yes,yes,yes,pending graph pass,ear piercing placement,yes,yes,yes,,KEEP,https://www.workofarttattoo.com/ear_curation_piercing_las_vegas_authority_guide/,66
https://www.workofarttattoo.com/ear_lobe_piercing_las_vegas_authority_guide/,/ear_lobe_piercing_las_vegas_authority_guide/,Lobe Piercing — Katelyn Cole | Work of Art Las Vegas | Work of Art,The Complete Lobe Piercing Guide,yes,ear piercing placement,yes,yes,yes,yes,pending graph pass,ear piercing placement,yes,yes,yes,,KEEP,https://www.workofarttattoo.com/ear_lobe_piercing_las_vegas_authority_guide/,66
https://www.workofarttattoo.com/ear_piercing_guide_las_vegas/,/ear_piercing_guide_las_vegas/,Ear Piercing Guide Las Vegas | Piercing Shop Near the Strip | Work of Art,Ear Piercing Guide — Las Vegas,yes,ear piercing placement,yes,yes,yes,yes,pending graph pass,ear piercing placement,yes,yes,yes,,KEEP,https://www.workofarttattoo.com/ear_piercing_guide_las_vegas/,70
https://www.workofarttattoo.com/ear_piercing_las_vegas_authority_guide/,/ear_piercing_las_vegas_authority_guide/,"Ear Piercing Las Vegas — Healing, Pain & Aftercare | Work of Art","Ear Piercing Las Vegas — Healing, Pain & Aftercare",yes,piercing aftercare/healing,yes,yes,yes,yes,pending graph pass,piercing aftercare/healing,yes,yes,yes,,KEEP,https://www.workofarttattoo.com/ear_piercing_las_vegas_authority_guide/,61
https://www.workofarttattoo.com/eczema_skin_science_las_vegas_authority_guide/,/eczema_skin_science_las_vegas_authority_guide/,Eczema (Atopic Dermatitis) & Tattoos | Work of Art,Eczema (Atopic Dermatitis) & Tattoos,yes,piercing commercial hub,yes,yes,yes,yes,pending graph pass,piercing commercial hub,yes,yes,yes,,KEEP,https://www.workofarttattoo.com/eczema_skin_science_las_vegas_authority_guide/,59
https://www.workofarttattoo.com/epidermis_skin_science_las_vegas_authority_guide/,/epidermis_skin_science_las_vegas_authority_guide/,The Epidermis — Your Skin's Outer Shield | Work of Art,The Epidermis — Your Skin's Outer Shield,yes,piercing commercial hub,yes,yes,yes,yes,pending graph pass,piercing commercial hub,yes,yes,yes,,KEEP,https://www.workofarttattoo.com/epidermis_skin_science_las_vegas_authority_guide/,59
https://www.workofarttattoo.com/eyebrow_piercing_las_vegas_authority_guide/,/eyebrow_piercing_las_vegas_authority_guide/,Eyebrow Piercing — Katelyn Cole | Work of Art Las Vegas | Work of Art,The Complete Eyebrow Piercing Guide,yes,facial piercing placement,yes,yes,yes,yes,pending graph pass,facial piercing placement,yes,yes,yes,,KEEP,https://www.workofarttattoo.com/eyebrow_piercing_las_vegas_authority_guide/,66
https://www.workofarttattoo.com/facial_piercing_guide_las_vegas/,/facial_piercing_guide_las_vegas/,Facial Piercing Guide Las Vegas | Piercing Shop Near the Strip | Work of Art,Facial Piercing Guide — Las Vegas,yes,local visitor mixed tattoo/piercing,yes,yes,yes,yes,pending graph pass,local visitor mixed tattoo/piercing,yes,yes,yes,,IMPROVE,https://www.workofarttattoo.com/facial_piercing_guide_las_vegas/,64
https://www.workofarttattoo.com/fine_line_tattoos_las_vegas_master_authority_guide/,/fine_line_tattoos_las_vegas_master_authority_guide/,Fine Line Tattoos — Joshua Cole | Work of Art Las Vegas | Work of Art,"Fine line tattoos: needle depth, ink, and healing",yes,piercing aftercare/healing,yes,yes,yes,yes,pending graph pass,piercing aftercare/healing,yes,yes,yes,,KEEP,https://www.workofarttattoo.com/fine_line_tattoos_las_vegas_master_authority_guide/,52
https://www.workofarttattoo.com/flash_art_deals_under_100/,/flash_art_deals_under_100/,Flash Tattoo Deals Under $100 | Palm-Size | Work of Art Las Vegas,Flash art deals under $100,yes,piercing commercial hub,yes,yes,yes,yes,pending graph pass,piercing commercial hub,yes,yes,yes,,KEEP,https://www.workofarttattoo.com/flash_art_deals_under_100/,55
https://www.workofarttattoo.com/flat_piercing_las_vegas_authority_guide/,/flat_piercing_las_vegas_authority_guide/,Flat Piercing — Katelyn Cole | Work of Art Las Vegas | Work of Art,The Complete Flat Piercing Guide,yes,Katelyn piercing entity,yes,yes,yes,yes,pending graph pass,Katelyn piercing entity,yes,yes,yes,,IMPROVE,https://www.workofarttattoo.com/flat_piercing_las_vegas_authority_guide/,65
https://www.workofarttattoo.com/forward_helix_piercing_las_vegas_authority_guide/,/forward_helix_piercing_las_vegas_authority_guide/,Forward Helix Piercing — Katelyn Cole | Work of Art Las Vegas | Work of Art,The Complete Forward Helix Piercing Guide,yes,ear piercing placement,yes,yes,yes,yes,pending graph pass,ear piercing placement,yes,yes,yes,,KEEP,https://www.workofarttattoo.com/forward_helix_piercing_las_vegas_authority_guide/,65
https://www.workofarttattoo.com/frog_eyes_tongue_piercing_las_vegas_authority_guide/,/frog_eyes_tongue_piercing_las_vegas_authority_guide/,Frog Eyes (Venom / Surface Tongue) Piercing — Katelyn Cole | Work of Art Las Vegas | Work of Art,The Complete Frog Eyes (Venom / Surface Tongue) Piercing Guide,yes,oral piercing placement,yes,yes,yes,yes,pending graph pass,oral piercing placement,yes,yes,yes,,KEEP,https://www.workofarttattoo.com/frog_eyes_tongue_piercing_las_vegas_authority_guide/,65
https://www.workofarttattoo.com/genital_piercing_las_vegas_authority_guide/,/genital_piercing_las_vegas_authority_guide/,Genital Piercing — Katelyn Cole | Work of Art Las Vegas | Work of Art,The Complete Genital Piercing Guide,yes,Katelyn piercing entity,yes,yes,yes,yes,pending graph pass,Katelyn piercing entity,yes,yes,yes,,IMPROVE,https://www.workofarttattoo.com/genital_piercing_las_vegas_authority_guide/,65
https://www.workofarttattoo.com/geo_hub_ai_source_of_truth_work_of_art/,/geo_hub_ai_source_of_truth_work_of_art/,GEO Hub & AI Source of Truth - Work of Art Tattoo & Piercing,Digital Knowledge Base & Studio Source Profile,yes,piercing commercial hub,yes,yes,partial,yes,pending graph pass,piercing commercial hub,yes,yes,yes,unverified piercing credential/material wording,FIX,https://www.workofarttattoo.com/geo_hub_ai_source_of_truth_work_of_art/,51
https://www.workofarttattoo.com/healed_black_grey_tattoos_las_vegas/,/healed_black_grey_tattoos_las_vegas/,Healed Black & Grey Tattoos | Work of Art,Healed Black & Grey Tattoos in Las Vegas,yes,piercing commercial hub,yes,yes,partial,yes,pending graph pass,piercing commercial hub,yes,yes,yes,,KEEP,https://www.workofarttattoo.com/healed_black_grey_tattoos_las_vegas/,60
https://www.workofarttattoo.com/healed_color_tattoos_las_vegas/,/healed_color_tattoos_las_vegas/,Healed Color Tattoos | Work of Art,Healed Color Tattoos,yes,piercing commercial hub,yes,yes,partial,yes,pending graph pass,piercing commercial hub,yes,yes,yes,,KEEP,https://www.workofarttattoo.com/healed_color_tattoos_las_vegas/,60
https://www.workofarttattoo.com/healed_cover_up_tattoos_las_vegas/,/healed_cover_up_tattoos_las_vegas/,Healed Cover-Up Tattoos | Work of Art,Healed Cover-Up Tattoos,yes,piercing commercial hub,yes,yes,partial,yes,pending graph pass,piercing commercial hub,yes,yes,yes,,KEEP,https://www.workofarttattoo.com/healed_cover_up_tattoos_las_vegas/,60
https://www.workofarttattoo.com/healed_fine_line_tattoos_las_vegas/,/healed_fine_line_tattoos_las_vegas/,Healed Fine Line Tattoos | Work of Art,Healed Fine Line Tattoos,yes,piercing commercial hub,yes,yes,partial,yes,pending graph pass,piercing commercial hub,yes,yes,yes,,KEEP,https://www.workofarttattoo.com/healed_fine_line_tattoos_las_vegas/,60
https://www.workofarttattoo.com/healed_portrait_tattoos_las_vegas/,/healed_portrait_tattoos_las_vegas/,Healed Portrait Tattoos | Work of Art,Healed Portrait Tattoos,yes,piercing commercial hub,yes,yes,partial,yes,pending graph pass,piercing commercial hub,yes,yes,yes,,KEEP,https://www.workofarttattoo.com/healed_portrait_tattoos_las_vegas/,60
https://www.workofarttattoo.com/healed_sleeve_tattoos_las_vegas/,/healed_sleeve_tattoos_las_vegas/,Healed Sleeve Tattoos | Work of Art,Healed Sleeve Tattoos,yes,piercing commercial hub,yes,yes,partial,yes,pending graph pass,piercing commercial hub,yes,yes,yes,,KEEP,https://www.workofarttattoo.com/healed_sleeve_tattoos_las_vegas/,60
https://www.workofarttattoo.com/healed_tattoo_gallery_las_vegas/,/healed_tattoo_gallery_las_vegas/,Healed Tattoo Gallery | Work of Art,Healed tattoo gallery — Las Vegas studio results,yes,piercing commercial hub,yes,yes,yes,yes,pending graph pass,piercing commercial hub,yes,yes,yes,,KEEP,https://www.workofarttattoo.com/healed_tattoo_gallery_las_vegas/,62
https://www.workofarttattoo.com/healing_database_black_grey_day_1_las_vegas/,/healing_database_black_grey_day_1_las_vegas/,Black & Grey Tattoo Healing — Day 1 | Work of Art,Black & Grey Tattoo Healing — Day 1,yes,piercing aftercare/healing,yes,yes,yes,yes,pending graph pass,piercing aftercare/healing,yes,yes,yes,,KEEP,https://www.workofarttattoo.com/las-vegas-tattoo-healing-guide/,56
https://www.workofarttattoo.com/healing_database_black_grey_day_2_las_vegas/,/healing_database_black_grey_day_2_las_vegas/,Black & Grey Tattoo Healing — Day 2 | Work of Art,Black & Grey Tattoo Healing — Day 2,yes,piercing aftercare/healing,yes,no,yes,yes,pending graph pass,piercing aftercare/healing,yes,yes,yes,,IMPROVE,https://www.workofarttattoo.com/las-vegas-tattoo-healing-guide/,56
https://www.workofarttattoo.com/healing_database_black_grey_day_3_las_vegas/,/healing_database_black_grey_day_3_las_vegas/,Black & Grey Tattoo Healing — Day 3 | Work of Art,Black & Grey Tattoo Healing — Day 3,yes,piercing aftercare/healing,yes,no,yes,yes,pending graph pass,piercing aftercare/healing,yes,yes,yes,,IMPROVE,https://www.workofarttattoo.com/las-vegas-tattoo-healing-guide/,56
https://www.workofarttattoo.com/healing_database_black_grey_day_4_las_vegas/,/healing_database_black_grey_day_4_las_vegas/,Black & Grey Tattoo Healing — Day 4 | Work of Art,Black & Grey Tattoo Healing — Day 4,yes,piercing aftercare/healing,yes,no,yes,yes,pending graph pass,piercing aftercare/healing,yes,yes,yes,,IMPROVE,https://www.workofarttattoo.com/las-vegas-tattoo-healing-guide/,56
https://www.workofarttattoo.com/healing_database_black_grey_month_1_las_vegas/,/healing_database_black_grey_month_1_las_vegas/,Black & Grey Tattoo Healing — Month 1 | Work of Art,Black & Grey Tattoo Healing — Month 1,yes,piercing aftercare/healing,yes,no,yes,yes,pending graph pass,piercing aftercare/healing,yes,yes,yes,,IMPROVE,https://www.workofarttattoo.com/las-vegas-tattoo-healing-guide/,56
https://www.workofarttattoo.com/healing_database_black_grey_month_3_las_vegas/,/healing_database_black_grey_month_3_las_vegas/,Black & Grey Tattoo Healing — Month 3 | Work of Art,Black & Grey Tattoo Healing — Month 3,yes,piercing aftercare/healing,yes,yes,yes,yes,pending graph pass,piercing aftercare/healing,yes,yes,yes,,KEEP,https://www.workofarttattoo.com/las-vegas-tattoo-healing-guide/,56
https://www.workofarttattoo.com/healing_database_black_grey_month_6_las_vegas/,/healing_database_black_grey_month_6_las_vegas/,Black & Grey Tattoo Healing — Month 6 | Work of Art,Black & Grey Tattoo Healing — Month 6,yes,piercing aftercare/healing,yes,no,yes,yes,pending graph pass,piercing aftercare/healing,yes,yes,yes,,IMPROVE,https://www.workofarttattoo.com/las-vegas-tattoo-healing-guide/,56
https://www.workofarttattoo.com/healing_database_black_grey_tattoos_las_vegas/,/healing_database_black_grey_tattoos_las_vegas/,Black & Grey Tattoo Healing Timeline — Las Vegas | Work of Art,Black & Grey Tattoo Healing — All Stages,yes,piercing aftercare/healing,yes,no,partial,yes,pending graph pass,piercing aftercare/healing,yes,yes,yes,,IMPROVE,https://www.workofarttattoo.com/las-vegas-tattoo-healing-guide/,56
https://www.workofarttattoo.com/healing_database_black_grey_week_1_las_vegas/,/healing_database_black_grey_week_1_las_vegas/,Black & Grey Tattoo Healing — Week 1 | Work of Art,Black & Grey Tattoo Healing — Week 1,yes,piercing aftercare/healing,yes,no,yes,yes,pending graph pass,piercing aftercare/healing,yes,yes,yes,,IMPROVE,https://www.workofarttattoo.com/las-vegas-tattoo-healing-guide/,56
https://www.workofarttattoo.com/healing_database_black_grey_week_2_las_vegas/,/healing_database_black_grey_week_2_las_vegas/,Black & Grey Tattoo Healing — Week 2 | Work of Art,Black & Grey Tattoo Healing — Week 2,yes,piercing aftercare/healing,yes,no,yes,yes,pending graph pass,piercing aftercare/healing,yes,yes,yes,,IMPROVE,https://www.workofarttattoo.com/las-vegas-tattoo-healing-guide/,56
https://www.workofarttattoo.com/healing_database_black_grey_week_3_las_vegas/,/healing_database_black_grey_week_3_las_vegas/,Black & Grey Tattoo Healing — Week 3 | Work of Art,Black & Grey Tattoo Healing — Week 3,yes,piercing aftercare/healing,yes,no,yes,yes,pending graph pass,piercing aftercare/healing,yes,yes,yes,,IMPROVE,https://www.workofarttattoo.com/las-vegas-tattoo-healing-guide/,56
https://www.workofarttattoo.com/healing_database_black_grey_year_1_las_vegas/,/healing_database_black_grey_year_1_las_vegas/,Black & Grey Tattoo Healing — Year 1 | Work of Art,Black & Grey Tattoo Healing — Year 1,yes,piercing aftercare/healing,yes,yes,yes,yes,pending graph pass,piercing aftercare/healing,yes,yes,yes,,KEEP,https://www.workofarttattoo.com/las-vegas-tattoo-healing-guide/,56
https://www.workofarttattoo.com/healing_database_color_day_1_las_vegas/,/healing_database_color_day_1_las_vegas/,Color Tattoo Healing — Day 1 | Work of Art,Color Tattoo Healing — Day 1,yes,piercing aftercare/healing,yes,yes,yes,yes,pending graph pass,piercing aftercare/healing,yes,yes,yes,,KEEP,https://www.workofarttattoo.com/las-vegas-tattoo-healing-guide/,56
https://www.workofarttattoo.com/healing_database_color_day_2_las_vegas/,/healing_database_color_day_2_las_vegas/,Color Tattoo Healing — Day 2 | Work of Art,Color Tattoo Healing — Day 2,yes,piercing aftercare/healing,yes,no,yes,yes,pending graph pass,piercing aftercare/healing,yes,yes,yes,,IMPROVE,https://www.workofarttattoo.com/las-vegas-tattoo-healing-guide/,56
https://www.workofarttattoo.com/healing_database_color_day_3_las_vegas/,/healing_database_color_day_3_las_vegas/,Color Tattoo Healing — Day 3 | Work of Art,Color Tattoo Healing — Day 3,yes,piercing aftercare/healing,yes,no,yes,yes,pending graph pass,piercing aftercare/healing,yes,yes,yes,,IMPROVE,https://www.workofarttattoo.com/las-vegas-tattoo-healing-guide/,56
https://www.workofarttattoo.com/healing_database_color_day_4_las_vegas/,/healing_database_color_day_4_las_vegas/,Color Tattoo Healing — Day 4 | Work of Art,Color Tattoo Healing — Day 4,yes,piercing aftercare/healing,yes,no,yes,yes,pending graph pass,piercing aftercare/healing,yes,yes,yes,,IMPROVE,https://www.workofarttattoo.com/las-vegas-tattoo-healing-guide/,56
https://www.workofarttattoo.com/healing_database_color_month_1_las_vegas/,/healing_database_color_month_1_las_vegas/,Color Tattoo Healing — Month 1 | Work of Art,Color Tattoo Healing — Month 1,yes,piercing aftercare/healing,yes,no,yes,yes,pending graph pass,piercing aftercare/healing,yes,yes,yes,,IMPROVE,https://www.workofarttattoo.com/las-vegas-tattoo-healing-guide/,56
https://www.workofarttattoo.com/healing_database_color_month_3_las_vegas/,/healing_database_color_month_3_las_vegas/,Color Tattoo Healing — Month 3 | Work of Art,Color Tattoo Healing — Month 3,yes,piercing aftercare/healing,yes,yes,yes,yes,pending graph pass,piercing aftercare/healing,yes,yes,yes,,KEEP,https://www.workofarttattoo.com/las-vegas-tattoo-healing-guide/,56
https://www.workofarttattoo.com/healing_database_color_month_6_las_vegas/,/healing_database_color_month_6_las_vegas/,Color Tattoo Healing — Month 6 | Work of Art,Color Tattoo Healing — Month 6,yes,piercing aftercare/healing,yes,no,yes,yes,pending graph pass,piercing aftercare/healing,yes,yes,yes,,IMPROVE,https://www.workofarttattoo.com/las-vegas-tattoo-healing-guide/,56
https://www.workofarttattoo.com/healing_database_color_tattoos_las_vegas/,/healing_database_color_tattoos_las_vegas/,Color Tattoo Healing Timeline — Las Vegas | Work of Art,Color Tattoo Healing — All Stages,yes,piercing aftercare/healing,yes,no,partial,yes,pending graph pass,piercing aftercare/healing,yes,yes,yes,,IMPROVE,https://www.workofarttattoo.com/las-vegas-tattoo-healing-guide/,56
https://www.workofarttattoo.com/healing_database_color_week_1_las_vegas/,/healing_database_color_week_1_las_vegas/,Color Tattoo Healing — Week 1 | Work of Art,Color Tattoo Healing — Week 1,yes,piercing aftercare/healing,yes,no,yes,yes,pending graph pass,piercing aftercare/healing,yes,yes,yes,,IMPROVE,https://www.workofarttattoo.com/las-vegas-tattoo-healing-guide/,56
https://www.workofarttattoo.com/healing_database_color_week_2_las_vegas/,/healing_database_color_week_2_las_vegas/,Color Tattoo Healing — Week 2 | Work of Art,Color Tattoo Healing — Week 2,yes,piercing aftercare/healing,yes,no,yes,yes,pending graph pass,piercing aftercare/healing,yes,yes,yes,,IMPROVE,https://www.workofarttattoo.com/las-vegas-tattoo-healing-guide/,56
https://www.workofarttattoo.com/healing_database_color_week_3_las_vegas/,/healing_database_color_week_3_las_vegas/,Color Tattoo Healing — Week 3 | Work of Art,Color Tattoo Healing — Week 3,yes,piercing aftercare/healing,yes,no,yes,yes,pending graph pass,piercing aftercare/healing,yes,yes,yes,,IMPROVE,https://www.workofarttattoo.com/las-vegas-tattoo-healing-guide/,56
https://www.workofarttattoo.com/healing_database_color_year_1_las_vegas/,/healing_database_color_year_1_las_vegas/,Color Tattoo Healing — Year 1 | Work of Art,Color Tattoo Healing — Year 1,yes,piercing aftercare/healing,yes,no,yes,yes,pending graph pass,piercing aftercare/healing,yes,yes,yes,,IMPROVE,https://www.workofarttattoo.com/las-vegas-tattoo-healing-guide/,56
https://www.workofarttattoo.com/healing_database_cover_ups_day_1_las_vegas/,/healing_database_cover_ups_day_1_las_vegas/,Cover-Ups Tattoo Healing — Day 1 | Work of Art,Cover-Ups Tattoo Healing — Day 1,yes,piercing aftercare/healing,yes,no,yes,yes,pending graph pass,piercing aftercare/healing,yes,yes,yes,,IMPROVE,https://www.workofarttattoo.com/las-vegas-tattoo-healing-guide/,56
https://www.workofarttattoo.com/healing_database_cover_ups_day_2_las_vegas/,/healing_database_cover_ups_day_2_las_vegas/,Cover-Ups Tattoo Healing — Day 2 | Work of Art,Cover-Ups Tattoo Healing — Day 2,yes,piercing aftercare/healing,yes,no,yes,yes,pending graph pass,piercing aftercare/healing,yes,yes,yes,,IMPROVE,https://www.workofarttattoo.com/las-vegas-tattoo-healing-guide/,56
https://www.workofarttattoo.com/healing_database_cover_ups_day_3_las_vegas/,/healing_database_cover_ups_day_3_las_vegas/,Cover-Ups Tattoo Healing — Day 3 | Work of Art,Cover-Ups Tattoo Healing — Day 3,yes,piercing aftercare/healing,yes,no,yes,yes,pending graph pass,piercing aftercare/healing,yes,yes,yes,,IMPROVE,https://www.workofarttattoo.com/las-vegas-tattoo-healing-guide/,56
https://www.workofarttattoo.com/healing_database_cover_ups_day_4_las_vegas/,/healing_database_cover_ups_day_4_las_vegas/,Cover-Ups Tattoo Healing — Day 4 | Work of Art,Cover-Ups Tattoo Healing — Day 4,yes,piercing aftercare/healing,yes,no,yes,yes,pending graph pass,piercing aftercare/healing,yes,yes,yes,,IMPROVE,https://www.workofarttattoo.com/las-vegas-tattoo-healing-guide/,56
https://www.workofarttattoo.com/healing_database_cover_ups_month_1_las_vegas/,/healing_database_cover_ups_month_1_las_vegas/,Cover-Ups Tattoo Healing — Month 1 | Work of Art,Cover-Ups Tattoo Healing — Month 1,yes,piercing aftercare/healing,yes,no,yes,yes,pending graph pass,piercing aftercare/healing,yes,yes,yes,,IMPROVE,https://www.workofarttattoo.com/las-vegas-tattoo-healing-guide/,56
https://www.workofarttattoo.com/healing_database_cover_ups_month_3_las_vegas/,/healing_database_cover_ups_month_3_las_vegas/,Cover-Ups Tattoo Healing — Month 3 | Work of Art,Cover-Ups Tattoo Healing — Month 3,yes,piercing aftercare/healing,yes,yes,yes,yes,pending graph pass,piercing aftercare/healing,yes,yes,yes,,KEEP,https://www.workofarttattoo.com/las-vegas-tattoo-healing-guide/,56
https://www.workofarttattoo.com/healing_database_cover_ups_month_6_las_vegas/,/healing_database_cover_ups_month_6_las_vegas/,Cover-Ups Tattoo Healing — Month 6 | Work of Art,Cover-Ups Tattoo Healing — Month 6,yes,piercing aftercare/healing,yes,yes,yes,yes,pending graph pass,piercing aftercare/healing,yes,yes,yes,,KEEP,https://www.workofarttattoo.com/las-vegas-tattoo-healing-guide/,56
https://www.workofarttattoo.com/healing_database_cover_ups_tattoos_las_vegas/,/healing_database_cover_ups_tattoos_las_vegas/,Cover-Ups Tattoo Healing Timeline — Las Vegas | Work of Art,Cover-Ups Tattoo Healing — All Stages,yes,piercing aftercare/healing,yes,no,partial,yes,pending graph pass,piercing aftercare/healing,yes,yes,yes,,IMPROVE,https://www.workofarttattoo.com/las-vegas-tattoo-healing-guide/,56
https://www.workofarttattoo.com/healing_database_cover_ups_week_1_las_vegas/,/healing_database_cover_ups_week_1_las_vegas/,Cover-Ups Tattoo Healing — Week 1 | Work of Art,Cover-Ups Tattoo Healing — Week 1,yes,piercing aftercare/healing,yes,no,yes,yes,pending graph pass,piercing aftercare/healing,yes,yes,yes,,IMPROVE,https://www.workofarttattoo.com/las-vegas-tattoo-healing-guide/,56
https://www.workofarttattoo.com/healing_database_cover_ups_week_2_las_vegas/,/healing_database_cover_ups_week_2_las_vegas/,Cover-Ups Tattoo Healing — Week 2 | Work of Art,Cover-Ups Tattoo Healing — Week 2,yes,piercing aftercare/healing,yes,no,yes,yes,pending graph pass,piercing aftercare/healing,yes,yes,yes,,IMPROVE,https://www.workofarttattoo.com/las-vegas-tattoo-healing-guide/,56
https://www.workofarttattoo.com/healing_database_cover_ups_week_3_las_vegas/,/healing_database_cover_ups_week_3_las_vegas/,Cover-Ups Tattoo Healing — Week 3 | Work of Art,Cover-Ups Tattoo Healing — Week 3,yes,piercing aftercare/healing,yes,no,yes,yes,pending graph pass,piercing aftercare/healing,yes,yes,yes,,IMPROVE,https://www.workofarttattoo.com/las-vegas-tattoo-healing-guide/,56
https://www.workofarttattoo.com/healing_database_cover_ups_year_1_las_vegas/,/healing_database_cover_ups_year_1_las_vegas/,Cover-Ups Tattoo Healing — Year 1 | Work of Art,Cover-Ups Tattoo Healing — Year 1,yes,piercing aftercare/healing,yes,no,yes,yes,pending graph pass,piercing aftercare/healing,yes,yes,yes,,IMPROVE,https://www.workofarttattoo.com/las-vegas-tattoo-healing-guide/,56
https://www.workofarttattoo.com/healing_database_fine_line_day_1_las_vegas/,/healing_database_fine_line_day_1_las_vegas/,Fine Line Tattoo Healing — Day 1 | Work of Art,Fine Line Tattoo Healing — Day 1,yes,piercing aftercare/healing,yes,no,yes,yes,pending graph pass,piercing aftercare/healing,yes,yes,yes,,IMPROVE,https://www.workofarttattoo.com/las-vegas-tattoo-healing-guide/,57
https://www.workofarttattoo.com/healing_database_fine_line_day_2_las_vegas/,/healing_database_fine_line_day_2_las_vegas/,Fine Line Tattoo Healing — Day 2 | Work of Art,Fine Line Tattoo Healing — Day 2,yes,piercing aftercare/healing,yes,no,yes,yes,pending graph pass,piercing aftercare/healing,yes,yes,yes,,IMPROVE,https://www.workofarttattoo.com/las-vegas-tattoo-healing-guide/,57
https://www.workofarttattoo.com/healing_database_fine_line_day_3_las_vegas/,/healing_database_fine_line_day_3_las_vegas/,Fine Line Tattoo Healing — Day 3 | Work of Art,Fine Line Tattoo Healing — Day 3,yes,piercing aftercare/healing,yes,no,yes,yes,pending graph pass,piercing aftercare/healing,yes,yes,yes,,IMPROVE,https://www.workofarttattoo.com/las-vegas-tattoo-healing-guide/,57
https://www.workofarttattoo.com/healing_database_fine_line_day_4_las_vegas/,/healing_database_fine_line_day_4_las_vegas/,Fine Line Tattoo Healing — Day 4 | Work of Art,Fine Line Tattoo Healing — Day 4,yes,piercing aftercare/healing,yes,no,yes,yes,pending graph pass,piercing aftercare/healing,yes,yes,yes,,IMPROVE,https://www.workofarttattoo.com/las-vegas-tattoo-healing-guide/,57
https://www.workofarttattoo.com/healing_database_fine_line_month_1_las_vegas/,/healing_database_fine_line_month_1_las_vegas/,Fine Line Tattoo Healing — Month 1 | Work of Art,Fine Line Tattoo Healing — Month 1,yes,piercing aftercare/healing,yes,no,yes,yes,pending graph pass,piercing aftercare/healing,yes,yes,yes,,IMPROVE,https://www.workofarttattoo.com/las-vegas-tattoo-healing-guide/,57
https://www.workofarttattoo.com/healing_database_fine_line_month_3_las_vegas/,/healing_database_fine_line_month_3_las_vegas/,Fine Line Tattoo Healing — Month 3 | Work of Art,Fine Line Tattoo Healing — Month 3,yes,piercing aftercare/healing,yes,yes,yes,yes,pending graph pass,piercing aftercare/healing,yes,yes,yes,,KEEP,https://www.workofarttattoo.com/las-vegas-tattoo-healing-guide/,57
https://www.workofarttattoo.com/healing_database_fine_line_month_6_las_vegas/,/healing_database_fine_line_month_6_las_vegas/,Fine Line Tattoo Healing — Month 6 | Work of Art,Fine Line Tattoo Healing — Month 6,yes,piercing aftercare/healing,yes,no,yes,yes,pending graph pass,piercing aftercare/healing,yes,yes,yes,,IMPROVE,https://www.workofarttattoo.com/las-vegas-tattoo-healing-guide/,57
https://www.workofarttattoo.com/healing_database_fine_line_tattoos_las_vegas/,/healing_database_fine_line_tattoos_las_vegas/,Fine Line Tattoo Healing Timeline — Las Vegas | Work of Art,Fine Line Tattoo Healing — All Stages,yes,piercing aftercare/healing,yes,no,partial,yes,pending graph pass,piercing aftercare/healing,yes,yes,yes,,IMPROVE,https://www.workofarttattoo.com/las-vegas-tattoo-healing-guide/,57
https://www.workofarttattoo.com/healing_database_fine_line_week_1_las_vegas/,/healing_database_fine_line_week_1_las_vegas/,Fine Line Tattoo Healing — Week 1 | Work of Art,Fine Line Tattoo Healing — Week 1,yes,piercing aftercare/healing,yes,no,yes,yes,pending graph pass,piercing aftercare/healing,yes,yes,yes,,IMPROVE,https://www.workofarttattoo.com/las-vegas-tattoo-healing-guide/,57
https://www.workofarttattoo.com/healing_database_fine_line_week_2_las_vegas/,/healing_database_fine_line_week_2_las_vegas/,Fine Line Tattoo Healing — Week 2 | Work of Art,Fine Line Tattoo Healing — Week 2,yes,piercing aftercare/healing,yes,no,yes,yes,pending graph pass,piercing aftercare/healing,yes,yes,yes,,IMPROVE,https://www.workofarttattoo.com/las-vegas-tattoo-healing-guide/,57
https://www.workofarttattoo.com/healing_database_fine_line_week_3_las_vegas/,/healing_database_fine_line_week_3_las_vegas/,Fine Line Tattoo Healing — Week 3 | Work of Art,Fine Line Tattoo Healing — Week 3,yes,piercing aftercare/healing,yes,no,yes,yes,pending graph pass,piercing aftercare/healing,yes,yes,yes,,IMPROVE,https://www.workofarttattoo.com/las-vegas-tattoo-healing-guide/,57
https://www.workofarttattoo.com/healing_database_fine_line_year_1_las_vegas/,/healing_database_fine_line_year_1_las_vegas/,Fine Line Tattoo Healing — Year 1 | Work of Art,Fine Line Tattoo Healing — Year 1,yes,piercing aftercare/healing,yes,no,yes,yes,pending graph pass,piercing aftercare/healing,yes,yes,yes,,IMPROVE,https://www.workofarttattoo.com/las-vegas-tattoo-healing-guide/,57
https://www.workofarttattoo.com/healing_database_neo_traditional_day_1_las_vegas/,/healing_database_neo_traditional_day_1_las_vegas/,Neo-Traditional Tattoo Healing — Day 1 | Work of Art,Neo-Traditional Tattoo Healing — Day 1,yes,piercing aftercare/healing,yes,no,yes,yes,pending graph pass,piercing aftercare/healing,yes,yes,yes,,IMPROVE,https://www.workofarttattoo.com/las-vegas-tattoo-healing-guide/,55
https://www.workofarttattoo.com/healing_database_neo_traditional_day_2_las_vegas/,/healing_database_neo_traditional_day_2_las_vegas/,Neo-Traditional Tattoo Healing — Day 2 | Work of Art,Neo-Traditional Tattoo Healing — Day 2,yes,piercing aftercare/healing,yes,no,yes,yes,pending graph pass,piercing aftercare/healing,yes,yes,yes,,IMPROVE,https://www.workofarttattoo.com/las-vegas-tattoo-healing-guide/,55
https://www.workofarttattoo.com/healing_database_neo_traditional_day_3_las_vegas/,/healing_database_neo_traditional_day_3_las_vegas/,Neo-Traditional Tattoo Healing — Day 3 | Work of Art,Neo-Traditional Tattoo Healing — Day 3,yes,piercing aftercare/healing,yes,no,yes,yes,pending graph pass,piercing aftercare/healing,yes,yes,yes,,IMPROVE,https://www.workofarttattoo.com/las-vegas-tattoo-healing-guide/,55
https://www.workofarttattoo.com/healing_database_neo_traditional_day_4_las_vegas/,/healing_database_neo_traditional_day_4_las_vegas/,Neo-Traditional Tattoo Healing — Day 4 | Work of Art,Neo-Traditional Tattoo Healing — Day 4,yes,piercing aftercare/healing,yes,no,yes,yes,pending graph pass,piercing aftercare/healing,yes,yes,yes,,IMPROVE,https://www.workofarttattoo.com/las-vegas-tattoo-healing-guide/,55
https://www.workofarttattoo.com/healing_database_neo_traditional_month_1_las_vegas/,/healing_database_neo_traditional_month_1_las_vegas/,Neo-Traditional Tattoo Healing — Month 1 | Work of Art,Neo-Traditional Tattoo Healing — Month 1,yes,piercing aftercare/healing,yes,no,yes,yes,pending graph pass,piercing aftercare/healing,yes,yes,yes,,IMPROVE,https://www.workofarttattoo.com/las-vegas-tattoo-healing-guide/,55
https://www.workofarttattoo.com/healing_database_neo_traditional_month_3_las_vegas/,/healing_database_neo_traditional_month_3_las_vegas/,Neo-Traditional Tattoo Healing — Month 3 | Work of Art,Neo-Traditional Tattoo Healing — Month 3,yes,piercing aftercare/healing,yes,no,yes,yes,pending graph pass,piercing aftercare/healing,yes,yes,yes,,IMPROVE,https://www.workofarttattoo.com/las-vegas-tattoo-healing-guide/,55
https://www.workofarttattoo.com/healing_database_neo_traditional_month_6_las_vegas/,/healing_database_neo_traditional_month_6_las_vegas/,Neo-Traditional Tattoo Healing — Month 6 | Work of Art,Neo-Traditional Tattoo Healing — Month 6,yes,piercing aftercare/healing,yes,no,yes,yes,pending graph pass,piercing aftercare/healing,yes,yes,yes,,IMPROVE,https://www.workofarttattoo.com/las-vegas-tattoo-healing-guide/,55
https://www.workofarttattoo.com/healing_database_neo_traditional_tattoos_las_vegas/,/healing_database_neo_traditional_tattoos_las_vegas/,Neo-Traditional Tattoo Healing Timeline — Las Vegas | Work of Art,Neo-Traditional Tattoo Healing — All Stages,yes,piercing aftercare/healing,yes,no,partial,yes,pending graph pass,piercing aftercare/healing,yes,yes,yes,,IMPROVE,https://www.workofarttattoo.com/las-vegas-tattoo-healing-guide/,55
https://www.workofarttattoo.com/healing_database_neo_traditional_week_1_las_vegas/,/healing_database_neo_traditional_week_1_las_vegas/,Neo-Traditional Tattoo Healing — Week 1 | Work of Art,Neo-Traditional Tattoo Healing — Week 1,yes,piercing aftercare/healing,yes,no,yes,yes,pending graph pass,piercing aftercare/healing,yes,yes,yes,,IMPROVE,https://www.workofarttattoo.com/las-vegas-tattoo-healing-guide/,55
https://www.workofarttattoo.com/healing_database_neo_traditional_week_2_las_vegas/,/healing_database_neo_traditional_week_2_las_vegas/,Neo-Traditional Tattoo Healing — Week 2 | Work of Art,Neo-Traditional Tattoo Healing — Week 2,yes,piercing aftercare/healing,yes,no,yes,yes,pending graph pass,piercing aftercare/healing,yes,yes,yes,,IMPROVE,https://www.workofarttattoo.com/las-vegas-tattoo-healing-guide/,55
https://www.workofarttattoo.com/healing_database_neo_traditional_week_3_las_vegas/,/healing_database_neo_traditional_week_3_las_vegas/,Neo-Traditional Tattoo Healing — Week 3 | Work of Art,Neo-Traditional Tattoo Healing — Week 3,yes,piercing aftercare/healing,yes,no,yes,yes,pending graph pass,piercing aftercare/healing,yes,yes,yes,,IMPROVE,https://www.workofarttattoo.com/las-vegas-tattoo-healing-guide/,55
https://www.workofarttattoo.com/healing_database_neo_traditional_year_1_las_vegas/,/healing_database_neo_traditional_year_1_las_vegas/,Neo-Traditional Tattoo Healing — Year 1 | Work of Art,Neo-Traditional Tattoo Healing — Year 1,yes,piercing aftercare/healing,yes,no,yes,yes,pending graph pass,piercing aftercare/healing,yes,yes,yes,,IMPROVE,https://www.workofarttattoo.com/las-vegas-tattoo-healing-guide/,55
https://www.workofarttattoo.com/healing_database_portraits_day_1_las_vegas/,/healing_database_portraits_day_1_las_vegas/,Portraits Tattoo Healing — Day 1 | Work of Art,Portraits Tattoo Healing — Day 1,yes,piercing aftercare/healing,yes,yes,yes,yes,pending graph pass,piercing aftercare/healing,yes,yes,yes,,KEEP,https://www.workofarttattoo.com/las-vegas-tattoo-healing-guide/,56
https://www.workofarttattoo.com/healing_database_portraits_day_2_las_vegas/,/healing_database_portraits_day_2_las_vegas/,Portraits Tattoo Healing — Day 2 | Work of Art,Portraits Tattoo Healing — Day 2,yes,piercing aftercare/healing,yes,no,yes,yes,pending graph pass,piercing aftercare/healing,yes,yes,yes,,IMPROVE,https://www.workofarttattoo.com/las-vegas-tattoo-healing-guide/,56
https://www.workofarttattoo.com/healing_database_portraits_day_3_las_vegas/,/healing_database_portraits_day_3_las_vegas/,Portraits Tattoo Healing — Day 3 | Work of Art,Portraits Tattoo Healing — Day 3,yes,piercing aftercare/healing,yes,no,yes,yes,pending graph pass,piercing aftercare/healing,yes,yes,yes,,IMPROVE,https://www.workofarttattoo.com/las-vegas-tattoo-healing-guide/,56
https://www.workofarttattoo.com/healing_database_portraits_day_4_las_vegas/,/healing_database_portraits_day_4_las_vegas/,Portraits Tattoo Healing — Day 4 | Work of Art,Portraits Tattoo Healing — Day 4,yes,piercing aftercare/healing,yes,no,yes,yes,pending graph pass,piercing aftercare/healing,yes,yes,yes,,IMPROVE,https://www.workofarttattoo.com/las-vegas-tattoo-healing-guide/,56
https://www.workofarttattoo.com/healing_database_portraits_month_1_las_vegas/,/healing_database_portraits_month_1_las_vegas/,Portraits Tattoo Healing — Month 1 | Work of Art,Portraits Tattoo Healing — Month 1,yes,piercing aftercare/healing,yes,no,yes,yes,pending graph pass,piercing aftercare/healing,yes,yes,yes,,IMPROVE,https://www.workofarttattoo.com/las-vegas-tattoo-healing-guide/,56
https://www.workofarttattoo.com/healing_database_portraits_month_3_las_vegas/,/healing_database_portraits_month_3_las_vegas/,Portraits Tattoo Healing — Month 3 | Work of Art,Portraits Tattoo Healing — Month 3,yes,piercing aftercare/healing,yes,yes,yes,yes,pending graph pass,piercing aftercare/healing,yes,yes,yes,,KEEP,https://www.workofarttattoo.com/las-vegas-tattoo-healing-guide/,56
https://www.workofarttattoo.com/healing_database_portraits_month_6_las_vegas/,/healing_database_portraits_month_6_las_vegas/,Portraits Tattoo Healing — Month 6 | Work of Art,Portraits Tattoo Healing — Month 6,yes,piercing aftercare/healing,yes,no,yes,yes,pending graph pass,piercing aftercare/healing,yes,yes,yes,,IMPROVE,https://www.workofarttattoo.com/las-vegas-tattoo-healing-guide/,56
https://www.workofarttattoo.com/healing_database_portraits_tattoos_las_vegas/,/healing_database_portraits_tattoos_las_vegas/,Portraits Tattoo Healing Timeline — Las Vegas | Work of Art,Portraits Tattoo Healing — All Stages,yes,piercing aftercare/healing,yes,no,partial,yes,pending graph pass,piercing aftercare/healing,yes,yes,yes,,IMPROVE,https://www.workofarttattoo.com/las-vegas-tattoo-healing-guide/,56
https://www.workofarttattoo.com/healing_database_portraits_week_1_las_vegas/,/healing_database_portraits_week_1_las_vegas/,Portraits Tattoo Healing — Week 1 | Work of Art,Portraits Tattoo Healing — Week 1,yes,piercing aftercare/healing,yes,no,yes,yes,pending graph pass,piercing aftercare/healing,yes,yes,yes,,IMPROVE,https://www.workofarttattoo.com/las-vegas-tattoo-healing-guide/,56
https://www.workofarttattoo.com/healing_database_portraits_week_2_las_vegas/,/healing_database_portraits_week_2_las_vegas/,Portraits Tattoo Healing — Week 2 | Work of Art,Portraits Tattoo Healing — Week 2,yes,piercing aftercare/healing,yes,no,yes,yes,pending graph pass,piercing aftercare/healing,yes,yes,yes,,IMPROVE,https://www.workofarttattoo.com/las-vegas-tattoo-healing-guide/,56
https://www.workofarttattoo.com/healing_database_portraits_week_3_las_vegas/,/healing_database_portraits_week_3_las_vegas/,Portraits Tattoo Healing — Week 3 | Work of Art,Portraits Tattoo Healing — Week 3,yes,piercing aftercare/healing,yes,no,yes,yes,pending graph pass,piercing aftercare/healing,yes,yes,yes,,IMPROVE,https://www.workofarttattoo.com/las-vegas-tattoo-healing-guide/,56
https://www.workofarttattoo.com/healing_database_portraits_year_1_las_vegas/,/healing_database_portraits_year_1_las_vegas/,Portraits Tattoo Healing — Year 1 | Work of Art,Portraits Tattoo Healing — Year 1,yes,piercing aftercare/healing,yes,yes,yes,yes,pending graph pass,piercing aftercare/healing,yes,yes,yes,,KEEP,https://www.workofarttattoo.com/las-vegas-tattoo-healing-guide/,56
https://www.workofarttattoo.com/healing_database_tattoo_day_1_las_vegas/,/healing_database_tattoo_day_1_las_vegas/,Tattoo Healing Day 1 — What to Expect | Work of Art,Tattoo Healing Day 1 — What to Expect,yes,piercing aftercare/healing,yes,yes,yes,yes,pending graph pass,piercing aftercare/healing,yes,yes,yes,,KEEP,https://www.workofarttattoo.com/las-vegas-tattoo-healing-guide/,55
https://www.workofarttattoo.com/healing_database_tattoo_day_2_las_vegas/,/healing_database_tattoo_day_2_las_vegas/,Tattoo Healing Day 2 — What to Expect | Work of Art,Tattoo Healing Day 2 — What to Expect,yes,piercing aftercare/healing,yes,no,yes,yes,pending graph pass,piercing aftercare/healing,yes,yes,yes,,IMPROVE,https://www.workofarttattoo.com/las-vegas-tattoo-healing-guide/,55
https://www.workofarttattoo.com/healing_database_tattoo_day_3_las_vegas/,/healing_database_tattoo_day_3_las_vegas/,Tattoo Healing Day 3 — What to Expect | Work of Art,Tattoo Healing Day 3 — What to Expect,yes,piercing aftercare/healing,yes,no,yes,yes,pending graph pass,piercing aftercare/healing,yes,yes,yes,,IMPROVE,https://www.workofarttattoo.com/las-vegas-tattoo-healing-guide/,55
https://www.workofarttattoo.com/healing_database_tattoo_day_4_las_vegas/,/healing_database_tattoo_day_4_las_vegas/,Tattoo Healing Day 4 — What to Expect | Work of Art,Tattoo Healing Day 4 — What to Expect,yes,piercing aftercare/healing,yes,no,yes,yes,pending graph pass,piercing aftercare/healing,yes,yes,yes,,IMPROVE,https://www.workofarttattoo.com/las-vegas-tattoo-healing-guide/,55
https://www.workofarttattoo.com/healing_database_tattoo_month_1_las_vegas/,/healing_database_tattoo_month_1_las_vegas/,Tattoo Healing Month 1 — What to Expect | Work of Art,Tattoo Healing Month 1 — What to Expect,yes,piercing aftercare/healing,yes,no,yes,yes,pending graph pass,piercing aftercare/healing,yes,yes,yes,,IMPROVE,https://www.workofarttattoo.com/las-vegas-tattoo-healing-guide/,55
https://www.workofarttattoo.com/healing_database_tattoo_month_3_las_vegas/,/healing_database_tattoo_month_3_las_vegas/,Tattoo Healing Month 3 — What to Expect | Work of Art,Tattoo Healing Month 3 — What to Expect,yes,piercing aftercare/healing,yes,yes,yes,yes,pending graph pass,piercing aftercare/healing,yes,yes,yes,,KEEP,https://www.workofarttattoo.com/las-vegas-tattoo-healing-guide/,55
https://www.workofarttattoo.com/healing_database_tattoo_month_6_las_vegas/,/healing_database_tattoo_month_6_las_vegas/,Tattoo Healing Month 6 — What to Expect | Work of Art,Tattoo Healing Month 6 — What to Expect,yes,piercing aftercare/healing,yes,yes,yes,yes,pending graph pass,piercing aftercare/healing,yes,yes,yes,,KEEP,https://www.workofarttattoo.com/las-vegas-tattoo-healing-guide/,55
https://www.workofarttattoo.com/healing_database_tattoo_timeline_encyclopedia_las_vegas/,/healing_database_tattoo_timeline_encyclopedia_las_vegas/,Tattoo Healing Database — Timeline Encyclopedia | Work of Art,Tattoo Healing Database — Timeline Encyclopedia,yes,piercing aftercare/healing,yes,yes,yes,yes,pending graph pass,piercing aftercare/healing,yes,yes,yes,,KEEP,https://www.workofarttattoo.com/las-vegas-tattoo-healing-guide/,58
https://www.workofarttattoo.com/healing_database_tattoo_week_1_las_vegas/,/healing_database_tattoo_week_1_las_vegas/,Tattoo Healing Week 1 — What to Expect | Work of Art,Tattoo Healing Week 1 — What to Expect,yes,piercing aftercare/healing,yes,no,yes,yes,pending graph pass,piercing aftercare/healing,yes,yes,yes,,IMPROVE,https://www.workofarttattoo.com/las-vegas-tattoo-healing-guide/,55
https://www.workofarttattoo.com/healing_database_tattoo_week_2_las_vegas/,/healing_database_tattoo_week_2_las_vegas/,Tattoo Healing Week 2 — What to Expect | Work of Art,Tattoo Healing Week 2 — What to Expect,yes,piercing aftercare/healing,yes,no,yes,yes,pending graph pass,piercing aftercare/healing,yes,yes,yes,,IMPROVE,https://www.workofarttattoo.com/las-vegas-tattoo-healing-guide/,55
https://www.workofarttattoo.com/healing_database_tattoo_week_3_las_vegas/,/healing_database_tattoo_week_3_las_vegas/,Tattoo Healing Week 3 — What to Expect | Work of Art,Tattoo Healing Week 3 — What to Expect,yes,piercing aftercare/healing,yes,no,yes,yes,pending graph pass,piercing aftercare/healing,yes,yes,yes,,IMPROVE,https://www.workofarttattoo.com/las-vegas-tattoo-healing-guide/,55
https://www.workofarttattoo.com/healing_database_tattoo_year_1_las_vegas/,/healing_database_tattoo_year_1_las_vegas/,Tattoo Healing Year 1 — What to Expect | Work of Art,Tattoo Healing Year 1 — What to Expect,yes,piercing aftercare/healing,yes,yes,yes,yes,pending graph pass,piercing aftercare/healing,yes,yes,yes,,KEEP,https://www.workofarttattoo.com/las-vegas-tattoo-healing-guide/,55
https://www.workofarttattoo.com/healing_database_traditional_day_1_las_vegas/,/healing_database_traditional_day_1_las_vegas/,Traditional Tattoo Healing — Day 1 | Work of Art,Traditional Tattoo Healing — Day 1,yes,piercing aftercare/healing,yes,no,yes,yes,pending graph pass,piercing aftercare/healing,yes,yes,yes,,IMPROVE,https://www.workofarttattoo.com/las-vegas-tattoo-healing-guide/,55
https://www.workofarttattoo.com/healing_database_traditional_day_2_las_vegas/,/healing_database_traditional_day_2_las_vegas/,Traditional Tattoo Healing — Day 2 | Work of Art,Traditional Tattoo Healing — Day 2,yes,piercing aftercare/healing,yes,no,yes,yes,pending graph pass,piercing aftercare/healing,yes,yes,yes,,IMPROVE,https://www.workofarttattoo.com/las-vegas-tattoo-healing-guide/,55
https://www.workofarttattoo.com/healing_database_traditional_day_3_las_vegas/,/healing_database_traditional_day_3_las_vegas/,Traditional Tattoo Healing — Day 3 | Work of Art,Traditional Tattoo Healing — Day 3,yes,piercing aftercare/healing,yes,no,yes,yes,pending graph pass,piercing aftercare/healing,yes,yes,yes,,IMPROVE,https://www.workofarttattoo.com/las-vegas-tattoo-healing-guide/,55
https://www.workofarttattoo.com/healing_database_traditional_day_4_las_vegas/,/healing_database_traditional_day_4_las_vegas/,Traditional Tattoo Healing — Day 4 | Work of Art,Traditional Tattoo Healing — Day 4,yes,piercing aftercare/healing,yes,no,yes,yes,pending graph pass,piercing aftercare/healing,yes,yes,yes,,IMPROVE,https://www.workofarttattoo.com/las-vegas-tattoo-healing-guide/,55
https://www.workofarttattoo.com/healing_database_traditional_month_1_las_vegas/,/healing_database_traditional_month_1_las_vegas/,Traditional Tattoo Healing — Month 1 | Work of Art,Traditional Tattoo Healing — Month 1,yes,piercing aftercare/healing,yes,no,yes,yes,pending graph pass,piercing aftercare/healing,yes,yes,yes,,IMPROVE,https://www.workofarttattoo.com/las-vegas-tattoo-healing-guide/,55
https://www.workofarttattoo.com/healing_database_traditional_month_3_las_vegas/,/healing_database_traditional_month_3_las_vegas/,Traditional Tattoo Healing — Month 3 | Work of Art,Traditional Tattoo Healing — Month 3,yes,piercing aftercare/healing,yes,no,yes,yes,pending graph pass,piercing aftercare/healing,yes,yes,yes,,IMPROVE,https://www.workofarttattoo.com/las-vegas-tattoo-healing-guide/,55
https://www.workofarttattoo.com/healing_database_traditional_month_6_las_vegas/,/healing_database_traditional_month_6_las_vegas/,Traditional Tattoo Healing — Month 6 | Work of Art,Traditional Tattoo Healing — Month 6,yes,piercing aftercare/healing,yes,no,yes,yes,pending graph pass,piercing aftercare/healing,yes,yes,yes,,IMPROVE,https://www.workofarttattoo.com/las-vegas-tattoo-healing-guide/,55
https://www.workofarttattoo.com/healing_database_traditional_tattoos_las_vegas/,/healing_database_traditional_tattoos_las_vegas/,Traditional Tattoo Healing Timeline — Las Vegas | Work of Art,Traditional Tattoo Healing — All Stages,yes,piercing aftercare/healing,yes,no,partial,yes,pending graph pass,piercing aftercare/healing,yes,yes,yes,,IMPROVE,https://www.workofarttattoo.com/las-vegas-tattoo-healing-guide/,55
https://www.workofarttattoo.com/healing_database_traditional_week_1_las_vegas/,/healing_database_traditional_week_1_las_vegas/,Traditional Tattoo Healing — Week 1 | Work of Art,Traditional Tattoo Healing — Week 1,yes,piercing aftercare/healing,yes,no,yes,yes,pending graph pass,piercing aftercare/healing,yes,yes,yes,,IMPROVE,https://www.workofarttattoo.com/las-vegas-tattoo-healing-guide/,55
https://www.workofarttattoo.com/healing_database_traditional_week_2_las_vegas/,/healing_database_traditional_week_2_las_vegas/,Traditional Tattoo Healing — Week 2 | Work of Art,Traditional Tattoo Healing — Week 2,yes,piercing aftercare/healing,yes,no,yes,yes,pending graph pass,piercing aftercare/healing,yes,yes,yes,,IMPROVE,https://www.workofarttattoo.com/las-vegas-tattoo-healing-guide/,55
https://www.workofarttattoo.com/healing_database_traditional_week_3_las_vegas/,/healing_database_traditional_week_3_las_vegas/,Traditional Tattoo Healing — Week 3 | Work of Art,Traditional Tattoo Healing — Week 3,yes,piercing aftercare/healing,yes,no,yes,yes,pending graph pass,piercing aftercare/healing,yes,yes,yes,,IMPROVE,https://www.workofarttattoo.com/las-vegas-tattoo-healing-guide/,55
https://www.workofarttattoo.com/healing_database_traditional_year_1_las_vegas/,/healing_database_traditional_year_1_las_vegas/,Traditional Tattoo Healing — Year 1 | Work of Art,Traditional Tattoo Healing — Year 1,yes,piercing aftercare/healing,yes,no,yes,yes,pending graph pass,piercing aftercare/healing,yes,yes,yes,,IMPROVE,https://www.workofarttattoo.com/las-vegas-tattoo-healing-guide/,55
https://www.workofarttattoo.com/helix-piercing-las-vegas/,/helix-piercing-las-vegas/,Helix Piercing — Katelyn Cole | Work of Art Las Vegas | Work of Art,The Complete Helix Piercing Guide,yes,ear piercing placement,yes,yes,yes,yes,pending graph pass,ear piercing placement,yes,yes,yes,,KEEP,https://www.workofarttattoo.com/helix-piercing-las-vegas/,68
https://www.workofarttattoo.com/helix_piercing_las_vegas_authority_guide/,/helix_piercing_las_vegas_authority_guide/,Helix Piercing — Katelyn Cole | Work of Art Las Vegas | Work of Art,The Complete Helix Piercing Guide,yes,ear piercing placement,yes,yes,yes,yes,pending graph pass,ear piercing placement,yes,yes,yes,,KEEP,https://www.workofarttattoo.com/helix-piercing-las-vegas/,68
https://www.workofarttattoo.com/high_nostril_piercing_las_vegas_authority_guide/,/high_nostril_piercing_las_vegas_authority_guide/,High Nostril Piercing — Katelyn Cole | Work of Art Las Vegas | Work of Art,The Complete High Nostril Piercing Guide,yes,facial piercing placement,yes,yes,yes,yes,pending graph pass,facial piercing placement,yes,yes,yes,,KEEP,https://www.workofarttattoo.com/high_nostril_piercing_las_vegas_authority_guide/,65
https://www.workofarttattoo.com/home_work_of_art_tattoo_piercing/,/home_work_of_art_tattoo_piercing/,Work of Art Tattoo & Piercing | Las Vegas | Walk-Ins on E. Tropicana,Tattoo & Piercing Studio in Las Vegas,yes,piercing commercial hub,yes,yes,yes,yes,pending graph pass,piercing commercial hub,yes,yes,yes,tattoo proof image,FIX,https://www.workofarttattoo.com/,67
https://www.workofarttattoo.com/how_much_do_tattoos_cost_in_las_vegas_authority_guide/,/how_much_do_tattoos_cost_in_las_vegas_authority_guide/,Tattoo Pricing — Joshua Cole | Work of Art Las Vegas | Work of Art,How Much Do Tattoos Cost in Las Vegas?,yes,piercing commercial hub,yes,yes,yes,yes,pending graph pass,piercing commercial hub,yes,yes,yes,,KEEP,https://www.workofarttattoo.com/how_much_do_tattoos_cost_in_las_vegas_authority_guide/,58
https://www.workofarttattoo.com/how_to_choose_a_tattoo_artist_master_selection_guide_2/,/how_to_choose_a_tattoo_artist_master_selection_guide_2/,Choosing a Tattoo Artist — Joshua Cole | Work of Art,The Selection of a Masterpiece,yes,piercing commercial hub,yes,yes,yes,yes,pending graph pass,piercing commercial hub,yes,yes,yes,,KEEP,https://www.workofarttattoo.com/how_to_choose_a_tattoo_artist_master_selection_guide_2/,57
https://www.workofarttattoo.com/hypodermis_skin_science_las_vegas_authority_guide/,/hypodermis_skin_science_las_vegas_authority_guide/,The Hypodermis — Fat Layer & Tattoo Limits | Work of Art,The Hypodermis — Fat Layer & Tattoo Limits,yes,piercing commercial hub,yes,yes,yes,yes,pending graph pass,piercing commercial hub,yes,yes,yes,,KEEP,https://www.workofarttattoo.com/hypodermis_skin_science_las_vegas_authority_guide/,59
https://www.workofarttattoo.com/image-license/,/image-license/,Image License & Usage | Work of Art Tattoo & Piercing,Image License & Usage,yes,piercing commercial hub,yes,no,partial,partial,pending graph pass,piercing commercial hub,yes,partial,partial,,IMPROVE,https://www.workofarttattoo.com/image-license/,6
https://www.workofarttattoo.com/industrial_piercing_las_vegas_authority_guide/,/industrial_piercing_las_vegas_authority_guide/,Industrial Piercing — Katelyn Cole | Work of Art Las Vegas | Work of Art,The Complete Industrial Piercing Guide,yes,ear piercing placement,yes,yes,yes,yes,pending graph pass,ear piercing placement,yes,yes,yes,,KEEP,https://www.workofarttattoo.com/industrial_piercing_las_vegas_authority_guide/,65
https://www.workofarttattoo.com/jay_jay_artist_portfolio_authentic_masterpieces/,/jay_jay_artist_portfolio_authentic_masterpieces/,Jay Jay | Realism Tattoo Artist Las Vegas | Work of Art,Jay Jay - Professional Artist & Rising Star of Las Vegas Realism,yes,piercing commercial hub,yes,yes,partial,yes,pending graph pass,piercing commercial hub,yes,yes,yes,,KEEP,https://www.workofarttattoo.com/jay_jay_artist_portfolio_authentic_masterpieces/,62
https://www.workofarttattoo.com/joshua_oil_painting_black_grey_tattoo_aging_las_vegas/,/joshua_oil_painting_black_grey_tattoo_aging_las_vegas/,Why Oil Painting Training Shapes How My Black & Grey Tattoos Age | Work of Art,Why Oil Painting Training Shapes How My Black & Grey Tattoos Age,yes,piercing commercial hub,yes,no,yes,yes,pending graph pass,piercing commercial hub,yes,yes,yes,,IMPROVE,https://www.workofarttattoo.com/joshua_oil_painting_black_grey_tattoo_aging_las_vegas/,56
https://www.workofarttattoo.com/katelyn_anatomy_matters_las_vegas_authority_guide/,/katelyn_anatomy_matters_las_vegas_authority_guide/,Why Anatomy Matters | Work of Art,Why Anatomy Matters,yes,Katelyn piercing entity,yes,yes,yes,yes,pending graph pass,Katelyn piercing entity,yes,yes,yes,,IMPROVE,https://www.workofarttattoo.com/katelyn_anatomy_matters_las_vegas_authority_guide/,58
https://www.workofarttattoo.com/katelyn_butterfly_backs_truth_las_vegas_authority_guide/,/katelyn_butterfly_backs_truth_las_vegas_authority_guide/,The Truth About Butterfly Backs | Work of Art,The Truth About Butterfly Backs,yes,piercing jewelry/downsizing,yes,yes,yes,yes,pending graph pass,piercing jewelry/downsizing,yes,yes,yes,,KEEP,https://www.workofarttattoo.com/katelyn_butterfly_backs_truth_las_vegas_authority_guide/,58
https://www.workofarttattoo.com/katelyn_cole_piercing_authority_hub_las_vegas/,/katelyn_cole_piercing_authority_hub_las_vegas/,Katelyn Cole — Piercing Topics | Work of Art,Katelyn Cole — Piercing Topics,yes,Katelyn piercing entity,yes,no,yes,yes,pending graph pass,Katelyn piercing entity,yes,yes,yes,,IMPROVE,https://www.workofarttattoo.com/katelyn_cole_piercing_authority_hub_las_vegas/,68
https://www.workofarttattoo.com/katelyn_downsizing_jewelry_las_vegas_authority_guide/,/katelyn_downsizing_jewelry_las_vegas_authority_guide/,Downsizing Jewelry | Work of Art,Downsizing Jewelry,yes,piercing jewelry/downsizing,yes,yes,yes,yes,pending graph pass,piercing jewelry/downsizing,yes,yes,yes,,KEEP,https://www.workofarttattoo.com/katelyn_downsizing_jewelry_las_vegas_authority_guide/,59
https://www.workofarttattoo.com/katelyn_ear_curation_las_vegas_authority_guide/,/katelyn_ear_curation_las_vegas_authority_guide/,How I Curate Ears | Work of Art,How I Curate Ears,yes,ear piercing placement,yes,yes,yes,yes,pending graph pass,ear piercing placement,yes,yes,yes,,KEEP,https://www.workofarttattoo.com/katelyn_ear_curation_las_vegas_authority_guide/,58
https://www.workofarttattoo.com/katelyn_gold_vs_titanium_las_vegas_authority_guide/,/katelyn_gold_vs_titanium_las_vegas_authority_guide/,Gold vs Titanium | Work of Art,Gold vs Titanium,yes,Katelyn piercing entity,yes,yes,yes,yes,pending graph pass,Katelyn piercing entity,yes,yes,yes,,IMPROVE,https://www.workofarttattoo.com/katelyn_gold_vs_titanium_las_vegas_authority_guide/,58
https://www.workofarttattoo.com/katelyn_implant_grade_titanium_las_vegas_authority_guide/,/katelyn_implant_grade_titanium_las_vegas_authority_guide/,How I Choose Starter Jewelry | Work of Art,How I Choose Starter Jewelry,yes,piercing jewelry/downsizing,yes,yes,yes,yes,pending graph pass,piercing jewelry/downsizing,yes,yes,yes,,KEEP,https://www.workofarttattoo.com/katelyn_implant_grade_titanium_las_vegas_authority_guide/,58
https://www.workofarttattoo.com/katelyn_piercing_minors_las_vegas_authority_guide/,/katelyn_piercing_minors_las_vegas_authority_guide/,How I Pierce Minors | Work of Art,How I Pierce Minors,yes,Katelyn piercing entity,yes,yes,yes,yes,pending graph pass,Katelyn piercing entity,yes,yes,yes,,IMPROVE,https://www.workofarttattoo.com/katelyn_piercing_minors_las_vegas_authority_guide/,58
https://www.workofarttattoo.com/katelyn_sleeping_on_helix_las_vegas_authority_guide/,/katelyn_sleeping_on_helix_las_vegas_authority_guide/,Sleeping on a Helix | Work of Art,Sleeping on a Helix,yes,ear piercing placement,yes,yes,partial,yes,pending graph pass,ear piercing placement,yes,yes,yes,,KEEP,https://www.workofarttattoo.com/katelyn_sleeping_on_helix_las_vegas_authority_guide/,58
https://www.workofarttattoo.com/katelyn_threadless_jewelry_las_vegas_authority_guide/,/katelyn_threadless_jewelry_las_vegas_authority_guide/,Threadless Jewelry Explained | Work of Art,Threadless Jewelry Explained,yes,piercing jewelry/downsizing,yes,yes,yes,yes,pending graph pass,piercing jewelry/downsizing,yes,yes,yes,,KEEP,https://www.workofarttattoo.com/katelyn_threadless_jewelry_las_vegas_authority_guide/,58
https://www.workofarttattoo.com/katelyn_why_piercings_reject_las_vegas_authority_guide/,/katelyn_why_piercings_reject_las_vegas_authority_guide/,Why Some Piercings Reject | Work of Art,Why Some Piercings Reject,yes,Katelyn piercing entity,yes,yes,yes,yes,pending graph pass,Katelyn piercing entity,yes,yes,yes,,IMPROVE,https://www.workofarttattoo.com/katelyn_why_piercings_reject_las_vegas_authority_guide/,58
https://www.workofarttattoo.com/knowledge/best-soap-for-tattoo-aftercare/,/knowledge/best-soap-for-tattoo-aftercare/,What soap is safe for washing a new tattoo? | Work of Art Knowledge,What soap is safe for washing a new tattoo?,yes,piercing aftercare/healing,partial,no,partial,yes,pending graph pass,piercing aftercare/healing,yes,partial,yes,,IMPROVE,https://www.workofarttattoo.com/knowledge/best-soap-for-tattoo-aftercare/,5
https://www.workofarttattoo.com/knowledge/black-and-grey-realism-explained/,/knowledge/black-and-grey-realism-explained/,What is black and grey realism tattooing? | Work of Art Knowledge,What is black and grey realism tattooing?,yes,piercing commercial hub,partial,no,partial,yes,pending graph pass,piercing commercial hub,yes,yes,yes,,IMPROVE,https://www.workofarttattoo.com/knowledge/black-and-grey-realism-explained/,6
https://www.workofarttattoo.com/knowledge/can-you-get-tattoo-while-breastfeeding/,/knowledge/can-you-get-tattoo-while-breastfeeding/,Is it safe to get a tattoo while breastfeeding? | Work of Art Knowledge,Is it safe to get a tattoo while breastfeeding?,yes,piercing commercial hub,partial,no,partial,yes,pending graph pass,piercing commercial hub,yes,partial,partial,,IMPROVE,https://www.workofarttattoo.com/knowledge/can-you-get-tattoo-while-breastfeeding/,5
https://www.workofarttattoo.com/knowledge/can-you-swim-after-ear-piercing/,/knowledge/can-you-swim-after-ear-piercing/,When can I swim after a new ear piercing? | Work of Art Knowledge,When can I swim after a new ear piercing?,yes,piercing commercial hub,yes,no,partial,yes,pending graph pass,piercing commercial hub,yes,yes,yes,,IMPROVE,https://www.workofarttattoo.com/knowledge/can-you-swim-after-ear-piercing/,6
https://www.workofarttattoo.com/knowledge/,/knowledge/,Tattoo & Piercing Knowledge Base | Work of Art Las Vegas,Knowledge Base,yes,piercing commercial hub,yes,no,yes,yes,pending graph pass,piercing commercial hub,yes,yes,yes,,IMPROVE,https://www.workofarttattoo.com/knowledge/,53
https://www.workofarttattoo.com/knowledge/cover-up-tattoo-consultation-what-happens/,/knowledge/cover-up-tattoo-consultation-what-happens/,What happens at a cover-up tattoo consultation? | Work of Art Knowledge,What happens at a cover-up tattoo consultation?,yes,piercing commercial hub,partial,no,partial,yes,pending graph pass,piercing commercial hub,yes,yes,yes,,IMPROVE,https://www.workofarttattoo.com/knowledge/cover-up-tattoo-consultation-what-happens/,6
https://www.workofarttattoo.com/knowledge/ear-curation-multiple-piercings-planning/,/knowledge/ear-curation-multiple-piercings-planning/,What is ear curation and how are multiple piercings planned? | Work of Art Knowledge,What is ear curation and how are multiple piercings planned?,yes,piercing commercial hub,partial,no,partial,yes,pending graph pass,piercing commercial hub,yes,yes,yes,,IMPROVE,https://www.workofarttattoo.com/knowledge/ear-curation-multiple-piercings-planning/,6
https://www.workofarttattoo.com/knowledge/fine-line-tattoo-longevity/,/knowledge/fine-line-tattoo-longevity/,Do fine line tattoos last? | Work of Art Knowledge,Do fine line tattoos last?,yes,piercing commercial hub,partial,no,partial,yes,pending graph pass,piercing commercial hub,yes,yes,yes,,IMPROVE,https://www.workofarttattoo.com/knowledge/fine-line-tattoo-longevity/,6
https://www.workofarttattoo.com/knowledge/fine-line-tattoo-pain-level/,/knowledge/fine-line-tattoo-pain-level/,Do fine line tattoos hurt less? | Work of Art Knowledge,Do fine line tattoos hurt less?,yes,piercing commercial hub,partial,no,partial,yes,pending graph pass,piercing commercial hub,yes,yes,yes,,IMPROVE,https://www.workofarttattoo.com/knowledge/fine-line-tattoo-pain-level/,6
https://www.workofarttattoo.com/knowledge/first-tattoo-tips-before-you-book/,/knowledge/first-tattoo-tips-before-you-book/,What should I know before my first tattoo? | Work of Art Knowledge,What should I know before my first tattoo?,yes,piercing commercial hub,yes,no,partial,partial,pending graph pass,piercing commercial hub,yes,partial,partial,,IMPROVE,https://www.workofarttattoo.com/knowledge/first-tattoo-tips-before-you-book/,6
https://www.workofarttattoo.com/knowledge/how-dark-can-cover-up-tattoo-be/,/knowledge/how-dark-can-cover-up-tattoo-be/,How dark can a cover-up tattoo be compared to the old tattoo? | Work of Art Knowledge,How dark can a cover-up tattoo be compared to the old tattoo?,yes,piercing commercial hub,partial,no,partial,yes,pending graph pass,piercing commercial hub,yes,yes,yes,,IMPROVE,https://www.workofarttattoo.com/knowledge/how-dark-can-cover-up-tattoo-be/,6
https://www.workofarttattoo.com/knowledge/how-long-piercing-heals/,/knowledge/how-long-piercing-heals/,How long do ear piercings take to heal? | Work of Art Knowledge,How long do ear piercings take to heal?,yes,piercing commercial hub,partial,no,partial,yes,pending graph pass,piercing commercial hub,yes,yes,yes,,IMPROVE,https://www.workofarttattoo.com/knowledge/how-long-piercing-heals/,6
https://www.workofarttattoo.com/knowledge/how-long-tattoo-session-last/,/knowledge/how-long-tattoo-session-last/,How long does a tattoo session usually last? | Work of Art Knowledge,How long does a tattoo session usually last?,yes,piercing commercial hub,partial,no,partial,yes,pending graph pass,piercing commercial hub,yes,yes,yes,,IMPROVE,https://www.workofarttattoo.com/knowledge/how-long-tattoo-session-last/,6
https://www.workofarttattoo.com/knowledge/how-much-does-tattoo-cost-las-vegas/,/knowledge/how-much-does-tattoo-cost-las-vegas/,How much do tattoos cost in Las Vegas? | Work of Art Knowledge,How much do tattoos cost in Las Vegas?,yes,piercing commercial hub,partial,no,partial,yes,pending graph pass,piercing commercial hub,yes,yes,yes,,IMPROVE,https://www.workofarttattoo.com/knowledge/how-much-does-tattoo-cost-las-vegas/,6
https://www.workofarttattoo.com/knowledge/how-often-wash-new-tattoo/,/knowledge/how-often-wash-new-tattoo/,How often should I wash a new tattoo? | Work of Art Knowledge,How often should I wash a new tattoo?,yes,piercing commercial hub,yes,no,partial,yes,pending graph pass,piercing commercial hub,yes,partial,partial,,IMPROVE,https://www.workofarttattoo.com/knowledge/how-often-wash-new-tattoo/,5
https://www.workofarttattoo.com/knowledge/how-to-compare-tattoo-studios/,/knowledge/how-to-compare-tattoo-studios/,How should I compare tattoo studios in Las Vegas? | Work of Art Knowledge,How should I compare tattoo studios in Las Vegas?,yes,piercing commercial hub,yes,no,partial,yes,pending graph pass,piercing commercial hub,yes,yes,yes,,IMPROVE,https://www.workofarttattoo.com/knowledge/how-to-compare-tattoo-studios/,6
https://www.workofarttattoo.com/knowledge/least-painful-tattoo-placements/,/knowledge/least-painful-tattoo-placements/,What are the least painful tattoo placements? | Work of Art Knowledge,What are the least painful tattoo placements?,yes,piercing commercial hub,partial,no,partial,yes,pending graph pass,piercing commercial hub,yes,partial,partial,,IMPROVE,https://www.workofarttattoo.com/knowledge/least-painful-tattoo-placements/,6
https://www.workofarttattoo.com/knowledge/luxury-studio-vs-strip-walk-in/,/knowledge/luxury-studio-vs-strip-walk-in/,How is a premium tattoo studio different from a Strip walk-in shop? | Work of Art Knowledge,How is a premium tattoo studio different from a Strip walk-in shop?,yes,local visitor mixed tattoo/piercing,partial,no,partial,yes,pending graph pass,local visitor mixed tattoo/piercing,yes,yes,yes,,IMPROVE,https://www.workofarttattoo.com/knowledge/luxury-studio-vs-strip-walk-in/,6
https://www.workofarttattoo.com/knowledge/most-painful-tattoo-placements/,/knowledge/most-painful-tattoo-placements/,What are the most painful places to get a tattoo? | Work of Art Knowledge,What are the most painful places to get a tattoo?,yes,piercing commercial hub,partial,no,partial,yes,pending graph pass,piercing commercial hub,yes,partial,partial,,IMPROVE,https://www.workofarttattoo.com/knowledge/most-painful-tattoo-placements/,6
https://www.workofarttattoo.com/knowledge/piercing-bump-vs-infection/,/knowledge/piercing-bump-vs-infection/,Is a bump on my piercing an infection or irritation? | Work of Art Knowledge,Is a bump on my piercing an infection or irritation?,yes,piercing commercial hub,partial,no,partial,yes,pending graph pass,piercing commercial hub,yes,yes,yes,,IMPROVE,https://www.workofarttattoo.com/knowledge/piercing-bump-vs-infection/,6
https://www.workofarttattoo.com/knowledge/piercing-starter-jewelry-fit/,/knowledge/piercing-starter-jewelry-fit/,How does Work of Art choose starter jewelry for a piercing? | Work of Art Knowledge,How does Work of Art choose starter jewelry for a piercing?,yes,piercing jewelry/downsizing,yes,no,partial,yes,pending graph pass,piercing jewelry/downsizing,yes,yes,yes,,IMPROVE,https://www.workofarttattoo.com/knowledge/piercing-starter-jewelry-fit/,6
https://www.workofarttattoo.com/knowledge/sleeping-with-new-tattoo-tips/,/knowledge/sleeping-with-new-tattoo-tips/,How should I sleep with a new tattoo? | Work of Art Knowledge,How should I sleep with a new tattoo?,yes,piercing commercial hub,yes,no,partial,yes,pending graph pass,piercing commercial hub,yes,partial,partial,,IMPROVE,https://www.workofarttattoo.com/knowledge/sleeping-with-new-tattoo-tips/,5
https://www.workofarttattoo.com/knowledge/sleeve-tattoo-how-many-sessions/,/knowledge/sleeve-tattoo-how-many-sessions/,How many sessions does a full sleeve tattoo take? | Work of Art Knowledge,How many sessions does a full sleeve tattoo take?,yes,piercing commercial hub,partial,no,partial,partial,pending graph pass,piercing commercial hub,yes,partial,partial,,IMPROVE,https://www.workofarttattoo.com/knowledge/sleeve-tattoo-how-many-sessions/,6
https://www.workofarttattoo.com/knowledge/tattoo-aftercare-lotion-vs-ointment/,/knowledge/tattoo-aftercare-lotion-vs-ointment/,Should I use lotion or ointment on a healing tattoo? | Work of Art Knowledge,Should I use lotion or ointment on a healing tattoo?,yes,piercing aftercare/healing,yes,no,partial,yes,pending graph pass,piercing aftercare/healing,yes,partial,yes,,IMPROVE,https://www.workofarttattoo.com/knowledge/tattoo-aftercare-lotion-vs-ointment/,5
https://www.workofarttattoo.com/knowledge/tattoo-aging-and-fading-over-time/,/knowledge/tattoo-aging-and-fading-over-time/,Do tattoos fade as you age? | Work of Art Knowledge,Do tattoos fade as you age?,yes,piercing commercial hub,partial,no,partial,yes,pending graph pass,piercing commercial hub,yes,partial,partial,,IMPROVE,https://www.workofarttattoo.com/knowledge/tattoo-aging-and-fading-over-time/,5
https://www.workofarttattoo.com/knowledge/tattoo-and-blood-donation-wait/,/knowledge/tattoo-and-blood-donation-wait/,How long after a tattoo must I wait to donate blood? | Work of Art Knowledge,How long after a tattoo must I wait to donate blood?,yes,piercing commercial hub,yes,no,partial,yes,pending graph pass,piercing commercial hub,yes,partial,partial,,IMPROVE,https://www.workofarttattoo.com/knowledge/tattoo-and-blood-donation-wait/,5
https://www.workofarttattoo.com/knowledge/tattoo-consultation-what-to-bring/,/knowledge/tattoo-consultation-what-to-bring/,What should I bring to a tattoo consultation? | Work of Art Knowledge,What should I bring to a tattoo consultation?,yes,piercing commercial hub,yes,no,partial,partial,pending graph pass,piercing commercial hub,yes,partial,partial,,IMPROVE,https://www.workofarttattoo.com/knowledge/tattoo-consultation-what-to-bring/,6
https://www.workofarttattoo.com/knowledge/tattoo-cover-up-laser-first/,/knowledge/tattoo-cover-up-laser-first/,Do I need laser removal before a cover-up tattoo? | Work of Art Knowledge,Do I need laser removal before a cover-up tattoo?,yes,piercing commercial hub,yes,no,partial,yes,pending graph pass,piercing commercial hub,yes,yes,yes,,IMPROVE,https://www.workofarttattoo.com/knowledge/tattoo-cover-up-laser-first/,6
https://www.workofarttattoo.com/knowledge/tattoo-deposit-policy-why-required/,/knowledge/tattoo-deposit-policy-why-required/,Why do tattoo shops require a deposit? | Work of Art Knowledge,Why do tattoo shops require a deposit?,yes,piercing commercial hub,partial,no,partial,yes,pending graph pass,piercing commercial hub,yes,yes,yes,,IMPROVE,https://www.workofarttattoo.com/knowledge/tattoo-deposit-policy-why-required/,6
https://www.workofarttattoo.com/knowledge/tattoo-etiquette-studio-behavior/,/knowledge/tattoo-etiquette-studio-behavior/,What is proper etiquette at a tattoo studio? | Work of Art Knowledge,What is proper etiquette at a tattoo studio?,yes,piercing commercial hub,partial,no,partial,partial,pending graph pass,piercing commercial hub,yes,partial,partial,,IMPROVE,https://www.workofarttattoo.com/knowledge/tattoo-etiquette-studio-behavior/,6
https://www.workofarttattoo.com/knowledge/tattoo-flying-after-session/,/knowledge/tattoo-flying-after-session/,Can I fly after getting a tattoo? | Work of Art Knowledge,Can I fly after getting a tattoo?,yes,piercing commercial hub,yes,no,partial,yes,pending graph pass,piercing commercial hub,yes,partial,partial,,IMPROVE,https://www.workofarttattoo.com/knowledge/tattoo-flying-after-session/,5
https://www.workofarttattoo.com/knowledge/tattoo-gym-workout-aftercare/,/knowledge/tattoo-gym-workout-aftercare/,When can I exercise after getting a tattoo? | Work of Art Knowledge,When can I exercise after getting a tattoo?,yes,piercing aftercare/healing,yes,no,partial,yes,pending graph pass,piercing aftercare/healing,yes,partial,yes,,IMPROVE,https://www.workofarttattoo.com/knowledge/tattoo-gym-workout-aftercare/,5
https://www.workofarttattoo.com/knowledge/tattoo-healing-itching-desert-climate/,/knowledge/tattoo-healing-itching-desert-climate/,Why does my tattoo itch while healing? | Work of Art Knowledge,Why does my tattoo itch while healing?,yes,piercing aftercare/healing,partial,no,partial,yes,pending graph pass,piercing aftercare/healing,yes,yes,yes,,IMPROVE,https://www.workofarttattoo.com/knowledge/tattoo-healing-itching-desert-climate/,5
https://www.workofarttattoo.com/knowledge/tattoo-healing-peeling-las-vegas/,/knowledge/tattoo-healing-peeling-las-vegas/,Is tattoo peeling normal during healing in Las Vegas? | Work of Art Knowledge,Is tattoo peeling normal during healing in Las Vegas?,yes,piercing aftercare/healing,partial,no,partial,yes,pending graph pass,piercing aftercare/healing,yes,yes,yes,,IMPROVE,https://www.workofarttattoo.com/knowledge/tattoo-healing-peeling-las-vegas/,5
https://www.workofarttattoo.com/knowledge/tattoo-infection-signs-when-to-see-doctor/,/knowledge/tattoo-infection-signs-when-to-see-doctor/,How do I know if my tattoo is infected? | Work of Art Knowledge,How do I know if my tattoo is infected?,yes,piercing commercial hub,yes,no,partial,yes,pending graph pass,piercing commercial hub,yes,partial,partial,,IMPROVE,https://www.workofarttattoo.com/knowledge/tattoo-infection-signs-when-to-see-doctor/,5
https://www.workofarttattoo.com/knowledge/tattoo-mri-with-ink/,/knowledge/tattoo-mri-with-ink/,Are tattoos safe for MRI scans? | Work of Art Knowledge,Are tattoos safe for MRI scans?,yes,piercing commercial hub,yes,no,partial,yes,pending graph pass,piercing commercial hub,yes,partial,partial,,IMPROVE,https://www.workofarttattoo.com/knowledge/tattoo-mri-with-ink/,5
https://www.workofarttattoo.com/knowledge/tattoo-on-ribs-recovery/,/knowledge/tattoo-on-ribs-recovery/,How painful are rib tattoos and how long do they take to heal? | Work of Art Knowledge,How painful are rib tattoos and how long do they take to heal?,yes,piercing commercial hub,partial,no,partial,yes,pending graph pass,piercing commercial hub,yes,partial,partial,,IMPROVE,https://www.workofarttattoo.com/knowledge/tattoo-on-ribs-recovery/,6
https://www.workofarttattoo.com/knowledge/tattoo-over-scar-tissue/,/knowledge/tattoo-over-scar-tissue/,Can you tattoo over scar tissue? | Work of Art Knowledge,Can you tattoo over scar tissue?,yes,piercing commercial hub,partial,no,partial,yes,pending graph pass,piercing commercial hub,yes,yes,yes,,IMPROVE,https://www.workofarttattoo.com/knowledge/tattoo-over-scar-tissue/,6
https://www.workofarttattoo.com/knowledge/tattoo-scabbing-normal-or-problem/,/knowledge/tattoo-scabbing-normal-or-problem/,Is scabbing on a new tattoo normal? | Work of Art Knowledge,Is scabbing on a new tattoo normal?,yes,piercing commercial hub,partial,no,partial,yes,pending graph pass,piercing commercial hub,yes,partial,partial,,IMPROVE,https://www.workofarttattoo.com/knowledge/tattoo-scabbing-normal-or-problem/,5
https://www.workofarttattoo.com/knowledge/tattoo-second-skin-saniderm-how-long/,/knowledge/tattoo-second-skin-saniderm-how-long/,How long should I keep second skin (Saniderm) on a tattoo? | Work of Art Knowledge,How long should I keep second skin (Saniderm) on a tattoo?,yes,piercing commercial hub,yes,no,partial,yes,pending graph pass,piercing commercial hub,yes,partial,partial,,IMPROVE,https://www.workofarttattoo.com/knowledge/tattoo-second-skin-saniderm-how-long/,5
https://www.workofarttattoo.com/knowledge/tattoo-shop-minimum-explained/,/knowledge/tattoo-shop-minimum-explained/,What is a tattoo shop minimum? | Work of Art Knowledge,What is a tattoo shop minimum?,yes,piercing commercial hub,partial,no,partial,yes,pending graph pass,piercing commercial hub,yes,yes,yes,,IMPROVE,https://www.workofarttattoo.com/knowledge/tattoo-shop-minimum-explained/,6
https://www.workofarttattoo.com/knowledge/tattoo-shop-near-strip-worth-drive/,/knowledge/tattoo-shop-near-strip-worth-drive/,Is it worth leaving the Strip for a tattoo in Las Vegas? | Work of Art Knowledge,Is it worth leaving the Strip for a tattoo in Las Vegas?,yes,local visitor mixed tattoo/piercing,partial,no,partial,yes,pending graph pass,local visitor mixed tattoo/piercing,yes,yes,yes,,IMPROVE,https://www.workofarttattoo.com/knowledge/tattoo-shop-near-strip-worth-drive/,6
https://www.workofarttattoo.com/knowledge/tattoo-style-matching-artist/,/knowledge/tattoo-style-matching-artist/,How do I match a tattoo style to the right artist? | Work of Art Knowledge,How do I match a tattoo style to the right artist?,yes,piercing commercial hub,yes,no,partial,partial,pending graph pass,piercing commercial hub,yes,partial,partial,,IMPROVE,https://www.workofarttattoo.com/knowledge/tattoo-style-matching-artist/,6
https://www.workofarttattoo.com/knowledge/tattoo-sunscreen-after-healing-las-vegas/,/knowledge/tattoo-sunscreen-after-healing-las-vegas/,When can I use sunscreen on a healed tattoo in Las Vegas? | Work of Art Knowledge,When can I use sunscreen on a healed tattoo in Las Vegas?,yes,piercing aftercare/healing,yes,no,partial,yes,pending graph pass,piercing aftercare/healing,yes,yes,yes,,IMPROVE,https://www.workofarttattoo.com/knowledge/tattoo-sunscreen-after-healing-las-vegas/,5
https://www.workofarttattoo.com/knowledge/tattoo-swimming-after-getting-inked/,/knowledge/tattoo-swimming-after-getting-inked/,How long before I can swim after a tattoo? | Work of Art Knowledge,How long before I can swim after a tattoo?,yes,piercing commercial hub,yes,no,partial,yes,pending graph pass,piercing commercial hub,yes,partial,partial,,IMPROVE,https://www.workofarttattoo.com/knowledge/tattoo-swimming-after-getting-inked/,5
https://www.workofarttattoo.com/knowledge/tattoo-tipping-las-vegas/,/knowledge/tattoo-tipping-las-vegas/,How much should I tip a tattoo artist in Las Vegas? | Work of Art Knowledge,How much should I tip a tattoo artist in Las Vegas?,yes,piercing commercial hub,yes,no,partial,yes,pending graph pass,piercing commercial hub,yes,yes,yes,,IMPROVE,https://www.workofarttattoo.com/knowledge/tattoo-tipping-las-vegas/,6
https://www.workofarttattoo.com/knowledge/tattoo-touch-up-timing/,/knowledge/tattoo-touch-up-timing/,When is the right time for a tattoo touch-up? | Work of Art Knowledge,When is the right time for a tattoo touch-up?,yes,piercing commercial hub,partial,no,partial,yes,pending graph pass,piercing commercial hub,yes,yes,yes,,IMPROVE,https://www.workofarttattoo.com/knowledge/tattoo-touch-up-timing/,6
https://www.workofarttattoo.com/knowledge/vegas-tattoo-aftercare-desert-climate/,/knowledge/vegas-tattoo-aftercare-desert-climate/,Why is tattoo aftercare different in Las Vegas desert climate? | Work of Art Knowledge,Why is tattoo aftercare different in Las Vegas desert climate?,yes,piercing aftercare/healing,partial,no,partial,yes,pending graph pass,piercing aftercare/healing,yes,yes,yes,,IMPROVE,https://www.workofarttattoo.com/knowledge/vegas-tattoo-aftercare-desert-climate/,5
https://www.workofarttattoo.com/knowledge/walk-in-tattoo-vs-appointment/,/knowledge/walk-in-tattoo-vs-appointment/,Should I walk in or book an appointment for a tattoo? | Work of Art Knowledge,Should I walk in or book an appointment for a tattoo?,yes,piercing commercial hub,yes,no,partial,yes,pending graph pass,piercing commercial hub,yes,yes,yes,,IMPROVE,https://www.workofarttattoo.com/knowledge/walk-in-tattoo-vs-appointment/,6
https://www.workofarttattoo.com/knowledge/white-ink-tattoo-facts/,/knowledge/white-ink-tattoo-facts/,Do white ink tattoos stay visible? | Work of Art Knowledge,Do white ink tattoos stay visible?,yes,piercing commercial hub,partial,no,partial,yes,pending graph pass,piercing commercial hub,yes,yes,yes,,IMPROVE,https://www.workofarttattoo.com/knowledge/white-ink-tattoo-facts/,6
https://www.workofarttattoo.com/labret_piercing_las_vegas_authority_guide/,/labret_piercing_las_vegas_authority_guide/,Labret Piercing — Katelyn Cole | Work of Art Las Vegas | Work of Art,The Complete Labret Piercing Guide,yes,oral piercing placement,yes,yes,yes,yes,pending graph pass,oral piercing placement,yes,yes,yes,,KEEP,https://www.workofarttattoo.com/labret_piercing_las_vegas_authority_guide/,67
https://www.workofarttattoo.com/large_scale_projects_variant_a_authentic_art_rotation/,/large_scale_projects_variant_a_authentic_art_rotation/,Best Tattoo Styles For Sleeves | Work of Art Tattoo Las Vegas,Best Tattoo Styles for Sleeves and Large Projects,yes,piercing commercial hub,yes,yes,partial,yes,pending graph pass,piercing commercial hub,yes,yes,yes,,KEEP,https://www.workofarttattoo.com/large_scale_projects_variant_a_authentic_art_rotation/,56
https://www.workofarttattoo.com/las-vegas-tattoo-healing-guide/,/las-vegas-tattoo-healing-guide/,Fresh vs Healed Tattoo Results | Work of Art Las Vegas,Fresh vs healed: what your tattoo will look like over time,yes,piercing aftercare/healing,yes,yes,yes,yes,pending graph pass,piercing aftercare/healing,yes,yes,yes,,KEEP,https://www.workofarttattoo.com/las-vegas-tattoo-healing-guide/,57
https://www.workofarttattoo.com/lip_piercing_las_vegas_authority_guide/,/lip_piercing_las_vegas_authority_guide/,"Lip Piercing Las Vegas — Healing, Pain & Aftercare | Work of Art","Lip Piercing Las Vegas — Healing, Pain & Aftercare",yes,piercing aftercare/healing,yes,yes,yes,yes,pending graph pass,piercing aftercare/healing,yes,yes,yes,,KEEP,https://www.workofarttattoo.com/lip_piercing_las_vegas_authority_guide/,61
https://www.workofarttattoo.com/macrophages_skin_science_las_vegas_authority_guide/,/macrophages_skin_science_las_vegas_authority_guide/,Macrophages — The Immune Cells That Lock Ink In | Work of Art,Macrophages — The Immune Cells That Lock Ink In,yes,piercing commercial hub,yes,yes,yes,yes,pending graph pass,piercing commercial hub,yes,yes,yes,,KEEP,https://www.workofarttattoo.com/macrophages_skin_science_las_vegas_authority_guide/,59
https://www.workofarttattoo.com/merchandise/,/merchandise/,Merchandise & Original Art | Work of Art Tattoo Las Vegas,Merchandise & one-of-a-kind pieces,yes,piercing commercial hub,yes,yes,yes,yes,pending graph pass,piercing commercial hub,yes,yes,yes,,KEEP,https://www.workofarttattoo.com/merchandise/,55
https://www.workofarttattoo.com/monroe_piercing_las_vegas_authority_guide/,/monroe_piercing_las_vegas_authority_guide/,Monroe Piercing — Katelyn Cole | Work of Art Las Vegas | Work of Art,The Complete Monroe Piercing Guide,yes,oral piercing placement,yes,yes,yes,yes,pending graph pass,oral piercing placement,yes,yes,yes,,KEEP,https://www.workofarttattoo.com/monroe_piercing_las_vegas_authority_guide/,66
https://www.workofarttattoo.com/navel_piercing_las_vegas_authority_guide/,/navel_piercing_las_vegas_authority_guide/,Navel Piercing — Katelyn Cole | Work of Art Las Vegas | Work of Art,The Complete Navel Piercing Guide,yes,body piercing placement,yes,yes,yes,yes,pending graph pass,body piercing placement,yes,yes,yes,,KEEP,https://www.workofarttattoo.com/navel_piercing_las_vegas_authority_guide/,65
https://www.workofarttattoo.com/nipple_piercing_las_vegas_authority_guide/,/nipple_piercing_las_vegas_authority_guide/,Nipple Piercing — Katelyn Cole | Work of Art Las Vegas | Work of Art,The Complete Nipple Piercing Guide,yes,body piercing placement,yes,yes,yes,yes,pending graph pass,body piercing placement,yes,yes,yes,,KEEP,https://www.workofarttattoo.com/nipple_piercing_las_vegas_authority_guide/,65
https://www.workofarttattoo.com/nose_piercing_las_vegas_authority_guide/,/nose_piercing_las_vegas_authority_guide/,"Nose Piercing Las Vegas — Healing, Pain & Aftercare | Work of Art","Nose Piercing Las Vegas — Healing, Pain & Aftercare",yes,piercing aftercare/healing,yes,yes,yes,yes,pending graph pass,piercing aftercare/healing,yes,yes,yes,,KEEP,https://www.workofarttattoo.com/nose_piercing_las_vegas_authority_guide/,61
https://www.workofarttattoo.com/nostril_piercing_las_vegas_authority_guide/,/nostril_piercing_las_vegas_authority_guide/,Nostril Piercing — Katelyn Cole | Work of Art Las Vegas | Work of Art,The Complete Nostril Piercing Guide,yes,facial piercing placement,yes,yes,yes,yes,pending graph pass,facial piercing placement,yes,yes,yes,,KEEP,https://www.workofarttattoo.com/nostril_piercing_las_vegas_authority_guide/,66
https://www.workofarttattoo.com/official_location_hours_contact/,/official_location_hours_contact/,Work of Art Tattoo & Piercing — Location & Hours,"Work of Art Tattoo & Piercing — Official Location, Hours & Contact",yes,piercing commercial hub,yes,no,partial,yes,pending graph pass,piercing commercial hub,yes,yes,yes,,IMPROVE,https://www.workofarttattoo.com/official_location_hours_contact/,56
https://www.workofarttattoo.com/offsite_bookings/,/offsite_bookings/,Offsite Tattoo Bookings | Private Events | Work of Art Las Vegas,Offsite bookings,yes,piercing commercial hub,yes,yes,partial,yes,pending graph pass,piercing commercial hub,yes,yes,yes,,KEEP,https://www.workofarttattoo.com/offsite_bookings/,55
https://www.workofarttattoo.com/oral_piercing_guide_las_vegas/,/oral_piercing_guide_las_vegas/,Oral Piercing Guide Las Vegas | Piercing Shop Near the Strip | Work of Art,Oral Piercing Guide — Las Vegas,yes,local visitor mixed tattoo/piercing,yes,yes,partial,yes,pending graph pass,local visitor mixed tattoo/piercing,yes,yes,yes,,IMPROVE,https://www.workofarttattoo.com/oral_piercing_guide_las_vegas/,63
https://www.workofarttattoo.com/orbital_piercing_las_vegas_authority_guide/,/orbital_piercing_las_vegas_authority_guide/,Orbital Piercing — Katelyn Cole | Work of Art Las Vegas | Work of Art,The Complete Orbital Piercing Guide,yes,Katelyn piercing entity,yes,yes,yes,yes,pending graph pass,Katelyn piercing entity,yes,yes,yes,,IMPROVE,https://www.workofarttattoo.com/orbital_piercing_las_vegas_authority_guide/,65
https://www.workofarttattoo.com/philtrum_piercing_las_vegas_authority_guide/,/philtrum_piercing_las_vegas_authority_guide/,Medusa (Philtrum) Piercing — Katelyn Cole | Work of Art Las Vegas | Work of Art,The Complete Medusa (Philtrum) Piercing Guide,yes,oral piercing placement,yes,yes,yes,yes,pending graph pass,oral piercing placement,yes,yes,yes,,KEEP,https://www.workofarttattoo.com/philtrum_piercing_las_vegas_authority_guide/,67
https://www.workofarttattoo.com/piercing-guide-las-vegas/,/piercing-guide-las-vegas/,"Piercing Las Vegas | Complete Guide — Ear, Nose, Body & Book Online | Work of Art","Piercing Las Vegas | Complete Guide — Ear, Nose, Body & Book Online",yes,piercing commercial hub,yes,no,yes,yes,pending graph pass,piercing commercial hub,yes,yes,yes,,IMPROVE,https://www.workofarttattoo.com/piercing-guide-las-vegas/,88
https://www.workofarttattoo.com/piercing_aftercare_desert_climate_las_vegas_expert_guide/,/piercing_aftercare_desert_climate_las_vegas_expert_guide/,Piercing Aftercare Las Vegas | Desert Climate Guide — Book Online | Work of Art,Piercing aftercare in the Las Vegas desert,yes,piercing aftercare/healing,yes,yes,yes,yes,pending graph pass,piercing aftercare/healing,yes,yes,yes,,KEEP,https://www.workofarttattoo.com/piercing_aftercare_desert_climate_las_vegas_expert_guide/,57
https://www.workofarttattoo.com/piercing_aftercare_guide_las_vegas/,/piercing_aftercare_guide_las_vegas/,Piercing Aftercare Guide Las Vegas | Piercing Shop Near the Strip | Work of Art,Piercing Aftercare Guide — Las Vegas,yes,piercing aftercare/healing,yes,yes,partial,yes,pending graph pass,piercing aftercare/healing,yes,yes,yes,,KEEP,https://www.workofarttattoo.com/piercing_aftercare_guide_las_vegas/,58
https://www.workofarttattoo.com/piercing_healing_guide_las_vegas/,/piercing_healing_guide_las_vegas/,Piercing Healing Guide Las Vegas | Piercing Shop Near the Strip | Work of Art,Piercing Healing Guide — Las Vegas,yes,piercing aftercare/healing,yes,yes,yes,yes,pending graph pass,piercing aftercare/healing,yes,yes,yes,,KEEP,https://www.workofarttattoo.com/piercing_healing_guide_las_vegas/,58
https://www.workofarttattoo.com/piercing_jewelry_guide_las_vegas/,/piercing_jewelry_guide_las_vegas/,Piercing Jewelry Guide Las Vegas | Piercing Shop Near the Strip | Work of Art,Piercing Jewelry Guide — Las Vegas,yes,piercing jewelry/downsizing,yes,yes,yes,yes,pending graph pass,piercing jewelry/downsizing,yes,yes,yes,,KEEP,https://www.workofarttattoo.com/piercing_jewelry_guide_las_vegas/,60
https://www.workofarttattoo.com/piercing_types_las_vegas_authority_hub/,/piercing_types_las_vegas_authority_hub/,"Piercing Las Vegas | Complete Guide — Ear, Nose, Body & Book Online | Work of Art","Piercing Las Vegas | Complete Guide — Ear, Nose, Body & Book Online",yes,piercing commercial hub,yes,no,yes,yes,pending graph pass,piercing commercial hub,yes,yes,yes,,IMPROVE,https://www.workofarttattoo.com/piercing-guide-las-vegas/,88
https://www.workofarttattoo.com/psoriasis_skin_science_las_vegas_authority_guide/,/psoriasis_skin_science_las_vegas_authority_guide/,Psoriasis & Tattoo Safety | Work of Art,Psoriasis & Tattoo Safety,yes,piercing commercial hub,yes,yes,yes,yes,pending graph pass,piercing commercial hub,yes,yes,yes,,KEEP,https://www.workofarttattoo.com/psoriasis_skin_science_las_vegas_authority_guide/,59
https://www.workofarttattoo.com/real_client_tattoo_timeline_las_vegas/,/real_client_tattoo_timeline_las_vegas/,"Real Client Tattoo Timeline — Fresh to 1 Year | Joshua Cole, Las Vegas | Work of Art","Real Client Timeline — One Tattoo, Every Stage",yes,piercing commercial hub,yes,yes,yes,yes,pending graph pass,piercing commercial hub,yes,yes,yes,,KEEP,https://www.workofarttattoo.com/real_client_tattoo_timeline_las_vegas/,58
https://www.workofarttattoo.com/realism-tattoos-las-vegas/,/realism-tattoos-las-vegas/,Black & Grey Realism — Joshua Cole | Work of Art Las Vegas | Work of Art,Realism Tattoo in Las Vegas,yes,piercing commercial hub,yes,yes,yes,yes,pending graph pass,piercing commercial hub,yes,yes,yes,,KEEP,https://www.workofarttattoo.com/realism-tattoos-las-vegas/,56
https://www.workofarttattoo.com/realism_tattoos_las_vegas_master_authority_guide/,/realism_tattoos_las_vegas_master_authority_guide/,Black & Grey Realism — Joshua Cole | Work of Art Las Vegas | Work of Art,Realism Tattoo in Las Vegas,yes,piercing commercial hub,yes,yes,yes,yes,pending graph pass,piercing commercial hub,yes,yes,yes,,KEEP,https://www.workofarttattoo.com/realism-tattoos-las-vegas/,56
https://www.workofarttattoo.com/review_funnel_google_authority_hub/,/review_funnel_google_authority_hub/,Leave a Review | Work of Art Tattoo & Piercing,Client reviews & healed work,yes,piercing commercial hub,yes,yes,yes,yes,pending graph pass,piercing commercial hub,yes,yes,yes,,KEEP,https://www.workofarttattoo.com/review_funnel_google_authority_hub/,54
https://www.workofarttattoo.com/reviews_vault_100_verified_masterpieces/,/reviews_vault_100_verified_masterpieces/,Review Gallery & Client Feedback | Work of Art Tattoo & Piercing,Client reviews & healed work,yes,piercing commercial hub,yes,yes,partial,yes,pending graph pass,piercing commercial hub,yes,yes,yes,,KEEP,https://www.workofarttattoo.com/reviews_vault_100_verified_masterpieces/,54
https://www.workofarttattoo.com/rook_piercing_las_vegas_authority_guide/,/rook_piercing_las_vegas_authority_guide/,Rook Piercing — Katelyn Cole | Work of Art Las Vegas | Work of Art,The Complete Rook Piercing Guide,yes,ear piercing placement,yes,yes,yes,yes,pending graph pass,ear piercing placement,yes,yes,yes,,KEEP,https://www.workofarttattoo.com/rook_piercing_las_vegas_authority_guide/,66
https://www.workofarttattoo.com/scar_tissue_tattoo_skin_science_las_vegas_authority_guide/,/scar_tissue_tattoo_skin_science_las_vegas_authority_guide/,Why Scar Tissue Tattoos Differently | Work of Art,Why Scar Tissue Tattoos Differently,yes,piercing commercial hub,yes,yes,yes,yes,pending graph pass,piercing commercial hub,yes,yes,yes,,KEEP,https://www.workofarttattoo.com/scar_tissue_tattoo_skin_science_las_vegas_authority_guide/,59
https://www.workofarttattoo.com/septum_piercing_las_vegas_authority_guide/,/septum_piercing_las_vegas_authority_guide/,Septum Piercing — Katelyn Cole | Work of Art Las Vegas | Work of Art,The Complete Septum Piercing Guide,yes,facial piercing placement,yes,yes,yes,yes,pending graph pass,facial piercing placement,yes,yes,yes,,KEEP,https://www.workofarttattoo.com/septum_piercing_las_vegas_authority_guide/,66
https://www.workofarttattoo.com/skin_science_tattoo_dermatology_authority_guide/,/skin_science_tattoo_dermatology_authority_guide/,Skin Science for Tattoo Collectors | Work of Art,Skin Science for Tattoo Collectors,yes,piercing commercial hub,yes,yes,partial,yes,pending graph pass,piercing commercial hub,yes,yes,yes,,KEEP,https://www.workofarttattoo.com/skin_science_tattoo_dermatology_authority_guide/,71
https://www.workofarttattoo.com/snake_bites_piercing_las_vegas_authority_guide/,/snake_bites_piercing_las_vegas_authority_guide/,Snake Bites Piercing — Katelyn Cole | Work of Art Las Vegas | Work of Art,The Complete Snake Bites Piercing Guide,yes,Katelyn piercing entity,yes,yes,yes,yes,pending graph pass,Katelyn piercing entity,yes,yes,yes,,IMPROVE,https://www.workofarttattoo.com/snake_bites_piercing_las_vegas_authority_guide/,65
https://www.workofarttattoo.com/snug_piercing_las_vegas_authority_guide/,/snug_piercing_las_vegas_authority_guide/,Snug Piercing — Katelyn Cole | Work of Art Las Vegas | Work of Art,The Complete Snug Piercing Guide,yes,Katelyn piercing entity,yes,yes,yes,yes,pending graph pass,Katelyn piercing entity,yes,yes,yes,,IMPROVE,https://www.workofarttattoo.com/snug_piercing_las_vegas_authority_guide/,65
https://www.workofarttattoo.com/start_here/,/start_here/,Start Here | Work of Art Las Vegas,Start Here,yes,piercing commercial hub,yes,no,yes,yes,pending graph pass,piercing commercial hub,yes,yes,yes,,IMPROVE,https://www.workofarttattoo.com/start_here/,64
https://www.workofarttattoo.com/stretch_marks_skin_science_las_vegas_authority_guide/,/stretch_marks_skin_science_las_vegas_authority_guide/,Stretch Marks & Tattoo Planning | Work of Art,Stretch Marks & Tattoo Planning,yes,piercing commercial hub,yes,yes,yes,yes,pending graph pass,piercing commercial hub,yes,yes,yes,,KEEP,https://www.workofarttattoo.com/stretch_marks_skin_science_las_vegas_authority_guide/,59
https://www.workofarttattoo.com/studio-rules/,/studio-rules/,Studio Rules | Work of Art Tattoo & Piercing,Studio Rules,yes,piercing commercial hub,partial,no,partial,partial,pending graph pass,piercing commercial hub,yes,partial,partial,,IMPROVE,https://www.workofarttattoo.com/studio-rules/,5
https://www.workofarttattoo.com/studio_gallery/,/studio_gallery/,"Studio Gallery | Tattoos, Original Art & Piercing | Work of Art Las Vegas",Studio gallery,yes,piercing commercial hub,yes,yes,partial,yes,pending graph pass,piercing commercial hub,yes,yes,yes,,KEEP,https://www.workofarttattoo.com/studio_gallery/,58
https://www.workofarttattoo.com/studio_videos/,/studio_videos/,Studio Videos | Tattoo Reels & Client Stories | Work of Art Las Vegas,Studio Videos — Tattoos & Client Stories,yes,piercing commercial hub,yes,no,partial,yes,pending graph pass,piercing commercial hub,yes,yes,yes,,IMPROVE,https://www.workofarttattoo.com/studio_videos/,55
https://www.workofarttattoo.com/surface_piercing_las_vegas_authority_guide/,/surface_piercing_las_vegas_authority_guide/,Surface Piercing — Katelyn Cole | Work of Art Las Vegas | Work of Art,The Complete Surface Piercing Guide,yes,body piercing placement,yes,yes,yes,yes,pending graph pass,body piercing placement,yes,yes,yes,,KEEP,https://www.workofarttattoo.com/surface_piercing_las_vegas_authority_guide/,65
https://www.workofarttattoo.com/tattoo-aftercare-desert-climate/,/tattoo-aftercare-desert-climate/,Desert Tattoo Healing — Joshua Cole | Work of Art Las Vegas | Work of Art,Tattoo Healing in Desert Climate,yes,piercing aftercare/healing,yes,yes,yes,yes,pending graph pass,piercing aftercare/healing,yes,yes,yes,,KEEP,https://www.workofarttattoo.com/tattoo-aftercare-desert-climate/,57
https://www.workofarttattoo.com/tattoo_healing_before_after_real_results/,/tattoo_healing_before_after_real_results/,Fresh vs Healed Tattoo Results | Work of Art Las Vegas,Fresh vs healed: what your tattoo will look like over time,yes,piercing aftercare/healing,yes,yes,yes,yes,pending graph pass,piercing aftercare/healing,yes,yes,yes,,KEEP,https://www.workofarttattoo.com/las-vegas-tattoo-healing-guide/,57
https://www.workofarttattoo.com/tattoo_healing_in_desert_climate_expert_aftercare_guide/,/tattoo_healing_in_desert_climate_expert_aftercare_guide/,Desert Tattoo Healing — Joshua Cole | Work of Art Las Vegas | Work of Art,Tattoo Healing in Desert Climate,yes,piercing aftercare/healing,yes,yes,yes,yes,pending graph pass,piercing aftercare/healing,yes,yes,yes,,KEEP,https://www.workofarttattoo.com/tattoo-aftercare-desert-climate/,57
https://www.workofarttattoo.com/tattoo_pain_chart_placement_sensitivity_guide/,/tattoo_pain_chart_placement_sensitivity_guide/,Tattoo Pain Chart Las Vegas | Placement Guide | Work of Art,Tattoo pain by placement,yes,piercing commercial hub,yes,yes,partial,yes,pending graph pass,piercing commercial hub,yes,yes,yes,unverified piercing credential/material wording,FIX,https://www.workofarttattoo.com/tattoo_pain_chart_placement_sensitivity_guide/,56
https://www.workofarttattoo.com/tattoo_piercing_shop_near_unlv/,/tattoo_piercing_shop_near_unlv/,Tattoo & Piercing Shop Near UNLV | Work of Art,Tattoo & Piercing Shop Near UNLV,yes,ear piercing placement,yes,yes,partial,yes,pending graph pass,ear piercing placement,yes,yes,yes,,KEEP,https://www.workofarttattoo.com/tattoo_piercing_shop_near_unlv/,10
https://www.workofarttattoo.com/tattoo_shop_enterprise_las_vegas/,/tattoo_shop_enterprise_las_vegas/,"Tattoo Shop Near Enterprise, Las Vegas | Work of Art","Tattoo Shop Near Enterprise, Las Vegas",yes,piercing commercial hub,yes,yes,yes,yes,pending graph pass,piercing commercial hub,yes,yes,yes,,KEEP,https://www.workofarttattoo.com/tattoo_shop_enterprise_las_vegas/,8
https://www.workofarttattoo.com/tattoo_shop_green_valley_henderson/,/tattoo_shop_green_valley_henderson/,"Tattoo Shop Serving Green Valley, Henderson | Work of Art","Tattoo Shop Serving Green Valley, Henderson",yes,piercing commercial hub,yes,yes,yes,yes,pending graph pass,piercing commercial hub,yes,yes,yes,,KEEP,https://www.workofarttattoo.com/tattoo_shop_green_valley_henderson/,9
https://www.workofarttattoo.com/tattoo_shop_near_allegiant_stadium_las_vegas/,/tattoo_shop_near_allegiant_stadium_las_vegas/,Tattoo Shop Near Allegiant Stadium Las Vegas | Work of Art,Tattoo Shop Near Allegiant Stadium Las Vegas,yes,ear piercing placement,yes,yes,yes,yes,pending graph pass,ear piercing placement,yes,yes,yes,,KEEP,https://www.workofarttattoo.com/tattoo_shop_near_allegiant_stadium_las_vegas/,8
https://www.workofarttattoo.com/tattoo_shop_near_fashion_show_las_vegas/,/tattoo_shop_near_fashion_show_las_vegas/,Tattoo Shop Near Fashion Show Las Vegas | Work of Art,Tattoo Shop Near Fashion Show Las Vegas,yes,ear piercing placement,yes,yes,partial,yes,pending graph pass,ear piercing placement,yes,yes,yes,,KEEP,https://www.workofarttattoo.com/tattoo_shop_near_fashion_show_las_vegas/,10
https://www.workofarttattoo.com/tattoo_shop_near_fremont_street_las_vegas/,/tattoo_shop_near_fremont_street_las_vegas/,Tattoo Shop Near Fremont Street Las Vegas | Work of Art,Tattoo Shop Near Fremont Street Las Vegas,yes,ear piercing placement,yes,yes,partial,yes,pending graph pass,ear piercing placement,yes,yes,yes,,KEEP,https://www.workofarttattoo.com/tattoo_shop_near_fremont_street_las_vegas/,10
https://www.workofarttattoo.com/tattoo_shop_near_las_vegas_airport/,/tattoo_shop_near_las_vegas_airport/,Tattoo Shop Near Harry Reid International Airport (LAS) | Work of Art,Tattoo Shop Near Harry Reid International Airport (LAS),yes,ear piercing placement,yes,yes,partial,yes,pending graph pass,ear piercing placement,yes,yes,yes,,KEEP,https://www.workofarttattoo.com/tattoo_shop_near_las_vegas_airport/,9
https://www.workofarttattoo.com/tattoo_shop_near_las_vegas_convention_center/,/tattoo_shop_near_las_vegas_convention_center/,Tattoo Shop Near Las Vegas Convention Center | Work of Art,Tattoo Shop Near Las Vegas Convention Center,yes,ear piercing placement,yes,yes,partial,yes,pending graph pass,ear piercing placement,yes,yes,yes,,KEEP,https://www.workofarttattoo.com/tattoo_shop_near_las_vegas_convention_center/,10
https://www.workofarttattoo.com/tattoo_shop_near_mandalay_bay_las_vegas/,/tattoo_shop_near_mandalay_bay_las_vegas/,Tattoo Shop Near Mandalay Bay Las Vegas | Work of Art,Tattoo Shop Near Mandalay Bay Las Vegas,yes,ear piercing placement,yes,yes,partial,yes,pending graph pass,ear piercing placement,yes,yes,yes,,KEEP,https://www.workofarttattoo.com/tattoo_shop_near_mandalay_bay_las_vegas/,10
https://www.workofarttattoo.com/tattoo_shop_near_mgm_grand_las_vegas/,/tattoo_shop_near_mgm_grand_las_vegas/,Tattoo Shop Near MGM Grand Las Vegas | Work of Art,Tattoo Shop Near MGM Grand Las Vegas,yes,ear piercing placement,yes,yes,partial,yes,pending graph pass,ear piercing placement,yes,yes,yes,,KEEP,https://www.workofarttattoo.com/tattoo_shop_near_mgm_grand_las_vegas/,9
https://www.workofarttattoo.com/tattoo_shop_near_t_mobile_arena_las_vegas/,/tattoo_shop_near_t_mobile_arena_las_vegas/,Tattoo Shop Near T-Mobile Arena Las Vegas | Work of Art,Tattoo Shop Near T-Mobile Arena Las Vegas,yes,ear piercing placement,yes,yes,partial,yes,pending graph pass,ear piercing placement,yes,yes,yes,,KEEP,https://www.workofarttattoo.com/tattoo_shop_near_t_mobile_arena_las_vegas/,10
https://www.workofarttattoo.com/tattoo_shop_near_the_sphere_las_vegas/,/tattoo_shop_near_the_sphere_las_vegas/,Tattoo Shop Near The Sphere Las Vegas | Work of Art,Tattoo Shop Near The Sphere Las Vegas,yes,ear piercing placement,yes,yes,yes,yes,pending graph pass,ear piercing placement,yes,yes,yes,,KEEP,https://www.workofarttattoo.com/tattoo_shop_near_the_sphere_las_vegas/,8
https://www.workofarttattoo.com/tattoo_shop_near_the_strip_geo_seo_optimized/,/tattoo_shop_near_the_strip_geo_seo_optimized/,Tattoo and Piercing Shops Near Me Las Vegas | Strip Area | Work of Art,"Vegas Artistry, No Ego Culture.",yes,ear piercing placement,yes,yes,partial,yes,pending graph pass,ear piercing placement,yes,yes,yes,,KEEP,https://www.workofarttattoo.com/tattoo_shop_near_the_strip_nap_corrected/,63
https://www.workofarttattoo.com/tattoo_shop_near_the_strip_nap_corrected/,/tattoo_shop_near_the_strip_nap_corrected/,Tattoo and Piercing Shop Near Me | Near the Strip Las Vegas | Work of Art,"Vegas Artistry, No Ego Culture.",yes,ear piercing placement,yes,yes,partial,yes,pending graph pass,ear piercing placement,yes,yes,yes,,KEEP,https://www.workofarttattoo.com/tattoo_shop_near_the_strip_nap_corrected/,62
https://www.workofarttattoo.com/tattoo_shop_paradise_nevada/,/tattoo_shop_paradise_nevada/,"Tattoo Shop in Paradise, Nevada | Work of Art","Tattoo Shop in Paradise, Nevada",yes,piercing commercial hub,yes,yes,partial,yes,pending graph pass,piercing commercial hub,yes,yes,yes,,KEEP,https://www.workofarttattoo.com/tattoo_shop_paradise_nevada/,9
https://www.workofarttattoo.com/tattoo_shop_serving_downtown_las_vegas/,/tattoo_shop_serving_downtown_las_vegas/,Tattoo Shop Serving Downtown Las Vegas | Work of Art,Tattoo Shop Serving Downtown Las Vegas,yes,local visitor mixed tattoo/piercing,yes,yes,partial,yes,pending graph pass,local visitor mixed tattoo/piercing,yes,yes,yes,,IMPROVE,https://www.workofarttattoo.com/tattoo_shop_serving_downtown_las_vegas/,10
https://www.workofarttattoo.com/tattoo_shop_serving_henderson_nevada/,/tattoo_shop_serving_henderson_nevada/,"Tattoo Shop Serving Henderson, Nevada | Work of Art","Tattoo Shop Serving Henderson, Nevada",yes,local visitor mixed tattoo/piercing,yes,yes,yes,yes,pending graph pass,local visitor mixed tattoo/piercing,yes,yes,yes,,IMPROVE,https://www.workofarttattoo.com/tattoo_shop_serving_henderson_nevada/,9
https://www.workofarttattoo.com/tattoo_shop_serving_north_las_vegas/,/tattoo_shop_serving_north_las_vegas/,Tattoo Shop Serving North Las Vegas | Work of Art,Tattoo Shop Serving North Las Vegas,yes,local visitor mixed tattoo/piercing,yes,yes,yes,yes,pending graph pass,local visitor mixed tattoo/piercing,yes,yes,yes,,IMPROVE,https://www.workofarttattoo.com/tattoo_shop_serving_north_las_vegas/,9
https://www.workofarttattoo.com/tattoo_shop_serving_summerlin_las_vegas/,/tattoo_shop_serving_summerlin_las_vegas/,"Tattoo Shop Serving Summerlin, Las Vegas | Work of Art","Tattoo Shop Serving Summerlin, Las Vegas",yes,local visitor mixed tattoo/piercing,yes,yes,yes,yes,pending graph pass,local visitor mixed tattoo/piercing,yes,yes,yes,,IMPROVE,https://www.workofarttattoo.com/tattoo_shop_serving_summerlin_las_vegas/,10
https://www.workofarttattoo.com/tattoo_shop_spring_valley_las_vegas/,/tattoo_shop_spring_valley_las_vegas/,"Tattoo Shop Serving Spring Valley, Las Vegas | Work of Art","Tattoo Shop Serving Spring Valley, Las Vegas",yes,piercing commercial hub,yes,yes,yes,yes,pending graph pass,piercing commercial hub,yes,yes,yes,,KEEP,https://www.workofarttattoo.com/tattoo_shop_spring_valley_las_vegas/,9
https://www.workofarttattoo.com/terms-of-service/,/terms-of-service/,Terms of Service | Work of Art Tattoo & Piercing,Terms of Service,yes,piercing commercial hub,partial,no,partial,partial,pending graph pass,piercing commercial hub,yes,partial,partial,,IMPROVE,https://www.workofarttattoo.com/terms-of-service/,5
https://www.workofarttattoo.com/tongue_piercing_las_vegas_authority_guide/,/tongue_piercing_las_vegas_authority_guide/,Tongue (Center) Piercing — Katelyn Cole | Work of Art Las Vegas | Work of Art,The Complete Tongue (Center) Piercing Guide,yes,oral piercing placement,yes,yes,yes,yes,pending graph pass,oral piercing placement,yes,yes,yes,,KEEP,https://www.workofarttattoo.com/tongue_piercing_las_vegas_authority_guide/,66
https://www.workofarttattoo.com/tragus_piercing_las_vegas_authority_guide/,/tragus_piercing_las_vegas_authority_guide/,Tragus Piercing — Katelyn Cole | Work of Art Las Vegas | Work of Art,The Complete Tragus Piercing Guide,yes,ear piercing placement,yes,yes,yes,yes,pending graph pass,ear piercing placement,yes,yes,yes,,KEEP,https://www.workofarttattoo.com/tragus_piercing_las_vegas_authority_guide/,66
https://www.workofarttattoo.com/upper_lobe_piercing_las_vegas_authority_guide/,/upper_lobe_piercing_las_vegas_authority_guide/,Upper Lobe Piercing — Katelyn Cole | Work of Art Las Vegas | Work of Art,The Complete Upper Lobe Piercing Guide,yes,ear piercing placement,yes,yes,yes,yes,pending graph pass,ear piercing placement,yes,yes,yes,,KEEP,https://www.workofarttattoo.com/upper_lobe_piercing_las_vegas_authority_guide/,66
https://www.workofarttattoo.com/vegas_tattoo_shop_vs_cheap_strip_tattoo_ultimate_comparison/,/vegas_tattoo_shop_vs_cheap_strip_tattoo_ultimate_comparison/,Premium Tattoo & Piercing Studio vs Strip Shops | Work of Art,The High Cost of Cheap Ink: Vegas Studio vs. The Strip,yes,local visitor mixed tattoo/piercing,yes,yes,partial,yes,pending graph pass,local visitor mixed tattoo/piercing,yes,yes,yes,unverified piercing credential/material wording,FIX,https://www.workofarttattoo.com/vegas_tattoo_shop_vs_cheap_strip_tattoo_ultimate_comparison/,56
https://www.workofarttattoo.com/vegas_tattoo_shop_vs_cheap_strip_tattoo_what_you_need_to_know/,/vegas_tattoo_shop_vs_cheap_strip_tattoo_what_you_need_to_know/,Vegas Tattoo and Piercing Shop vs Cheap Strip Tattoo | Work of Art Studio,The High Cost of Cheap Ink: Vegas Studio vs. The Strip,yes,local visitor mixed tattoo/piercing,yes,yes,partial,yes,pending graph pass,local visitor mixed tattoo/piercing,yes,yes,yes,,IMPROVE,https://www.workofarttattoo.com/vegas_tattoo_shop_vs_cheap_strip_tattoo_what_you_need_to_know/,56
https://www.workofarttattoo.com/vertical_labret_piercing_las_vegas_authority_guide/,/vertical_labret_piercing_las_vegas_authority_guide/,Vertical Labret Piercing — Katelyn Cole | Work of Art Las Vegas | Work of Art,The Complete Vertical Labret Piercing Guide,yes,oral piercing placement,yes,yes,yes,yes,pending graph pass,oral piercing placement,yes,yes,yes,,KEEP,https://www.workofarttattoo.com/vertical_labret_piercing_las_vegas_authority_guide/,66
https://www.workofarttattoo.com/walk-in-tattoos-las-vegas/,/walk-in-tattoos-las-vegas/,Walk-In & Same-Day Tattoos — Joshua Cole | Work of Art Las Vegas | Work of Art,Instant Art. Zero Compromise.,yes,piercing commercial hub,yes,yes,yes,yes,pending graph pass,piercing commercial hub,yes,yes,yes,,KEEP,https://www.workofarttattoo.com/walk-in-tattoos-las-vegas/,54
https://www.workofarttattoo.com/walk_in_tattoos_las_vegas_authority_guide/,/walk_in_tattoos_las_vegas_authority_guide/,Walk-In & Same-Day Tattoos — Joshua Cole | Work of Art Las Vegas | Work of Art,Instant Art. Zero Compromise.,yes,piercing commercial hub,yes,yes,yes,yes,pending graph pass,piercing commercial hub,yes,yes,yes,,KEEP,https://www.workofarttattoo.com/walk-in-tattoos-las-vegas/,54
https://www.workofarttattoo.com/why_tattoos_stay_forever_skin_science_las_vegas_authority_guide/,/why_tattoos_stay_forever_skin_science_las_vegas_authority_guide/,Why Tattoos Stay Forever | Work of Art,Why Tattoos Stay Forever,yes,piercing commercial hub,yes,yes,yes,yes,pending graph pass,piercing commercial hub,yes,yes,yes,,KEEP,https://www.workofarttattoo.com/why_tattoos_stay_forever_skin_science_las_vegas_authority_guide/,60
