url,source_file,page_type,title,h1,canonical,index_status,primary_topic,primary_search_intent,author,reviewer,location_target,duplicate_cluster,recommended_action,notes
https://www.workofarttattoo.com/,code.html,piercing guide,Tattoo and Piercing Shop Near the Strip | Work of Art Las Vegas,You're welcome here — questions included.,https://www.workofarttattoo.com/,index,piercing,research piercing service,Joshua Cole,,"Las Vegas, NV",https://www.workofarttattoo.com/ | https://www.workofarttattoo.com/home_work_of_art_tattoo_piercing/,keep,duplicate canonical/title cluster
https://www.workofarttattoo.com/aging_skin_skin_science_las_vegas_authority_guide/,aging_skin_skin_science_las_vegas_authority_guide/code.html,guide,Aging Skin & Long-Term Tattoo Clarity | Work of Art,Aging Skin & Long-Term Tattoo Clarity,https://www.workofarttattoo.com/aging_skin_skin_science_las_vegas_authority_guide/,index,tattoo,local service research,Joshua Cole,Joshua Cole,,,redirect to clean URL,recommended clean URL: https://www.workofarttattoo.com/aging-skin-skin-science/
https://www.workofarttattoo.com/anti_eyebrow_piercing_las_vegas_authority_guide/,anti_eyebrow_piercing_las_vegas_authority_guide/code.html,guide,Anti-Eyebrow Piercing — Katelyn Cole | Work of Art Las Vegas | Work of Art,The Complete Anti-Eyebrow Piercing Guide,https://www.workofarttattoo.com/anti_eyebrow_piercing_las_vegas_authority_guide/,index,artist,local service research,Joshua Cole,Katelyn Morgen Cole,"Las Vegas, NV",,redirect to clean URL,recommended clean URL: https://www.workofarttattoo.com/anti-eyebrow-piercing/
https://www.workofarttattoo.com/anti_tragus_piercing_las_vegas_authority_guide/,anti_tragus_piercing_las_vegas_authority_guide/code.html,guide,Anti-Tragus Piercing — Katelyn Cole | Work of Art Las Vegas | Work of Art,The Complete Anti-Tragus Piercing Guide,https://www.workofarttattoo.com/anti_tragus_piercing_las_vegas_authority_guide/,index,artist,local service research,Joshua Cole,Katelyn Morgen Cole,"Las Vegas, NV",,redirect to clean URL,recommended clean URL: https://www.workofarttattoo.com/anti-tragus-piercing/
https://www.workofarttattoo.com/appointments/,appointments/code.html,piercing guide,Book an Appointment | Work of Art Tattoo & Piercing Las Vegas,Book your appointment,https://www.workofarttattoo.com/appointments/,index,piercing,research piercing service,Joshua Cole,,"Las Vegas, NV",,keep,
https://www.workofarttattoo.com/appointments/woa-booking-forms.html,appointments/woa-booking-forms.html,guide,,,,index,tattoo,local service research,Joshua Cole,,,,repair metadata,missing title; missing h1
https://www.workofarttattoo.com/artists/,artists/code.html,artist,Artists | Work of Art Tattoo & Piercing Las Vegas,Artists at Work of Art,https://www.workofarttattoo.com/artists/,index,artist,view artist portfolio and book,Joshua Cole,,"Las Vegas, NV",,keep,
https://www.workofarttattoo.com/artists/teralyn/,artists/teralyn/code.html,artist,Teralyn | Fine Line Tattoo Artist Las Vegas | Work of Art,Teralyn,https://www.workofarttattoo.com/artists/teralyn/,index,artist,view artist portfolio and book,Teralyn,,"Las Vegas, NV",https://www.workofarttattoo.com/artists/teralyn/ | https://www.workofarttattoo.com/artists_build/teralyn.html,keep,duplicate canonical/title cluster
https://www.workofarttattoo.com/artists_build/joshua-cole.html,artists_build/joshua-cole.html,artist,Joshua Cole | Realism Tattoo Artist Las Vegas | Work of Art,Joshua Cole — Realism Tattoo Artist Las Vegas,https://www.workofarttattoo.com/artists/joshua-cole/,index,artist,view artist portfolio and book,Joshua Cole,,"Las Vegas, NV",,keep,canonical differs from file URL
https://www.workofarttattoo.com/artists_build/katelyn-cole.html,artists_build/katelyn-cole.html,artist,Female Piercer Las Vegas | Katelyn Cole | Work of Art,Katelyn Cole — Female Piercer in Las Vegas,https://www.workofarttattoo.com/artists/katelyn-cole/,index,artist,view artist portfolio and book,Joshua Cole,,"Las Vegas, NV",,keep,canonical differs from file URL
https://www.workofarttattoo.com/artists_build/teralyn.html,artists_build/teralyn.html,artist,Teralyn | Fine Line Tattoo Artist Las Vegas | Work of Art,Teralyn,https://www.workofarttattoo.com/artists/teralyn/,index,artist,view artist portfolio and book,Teralyn,,"Las Vegas, NV",https://www.workofarttattoo.com/artists/teralyn/ | https://www.workofarttattoo.com/artists_build/teralyn.html,keep,canonical differs from file URL; duplicate canonical/title cluster
https://www.workofarttattoo.com/artists_raw/joshua.raw.html,artists_raw/joshua.raw.html,artist,Joshua Cole - Best Black & Grey Realism Tattoo Artist in Las Vegas | Work of Art Tattoo,Joshua Cole - Best Black & Grey Realism Tattoo Artist in Las Vegas,,index,artist,view artist portfolio and book,Joshua Cole,,"Las Vegas, NV",,keep,
https://www.workofarttattoo.com/artists_raw/katelyn.raw.html,artists_raw/katelyn.raw.html,artist,Katelyn Cole - Best Body Piercer & Fine Line Artist in Las Vegas | Work of Art Tattoo,Katelyn Cole - Best Body Piercer & Fine Line Artist in Las Vegas,,index,artist,view artist portfolio and book,Katelyn Cole,,"Las Vegas, NV",,keep,
https://www.workofarttattoo.com/best_fine_line_tattoos_in_vegas_ultimate_authority_guide/,best_fine_line_tattoos_in_vegas_ultimate_authority_guide/code.html,guide,Fine Line Tattoos in Vegas — Joshua Cole | Work of Art Las Vegas | Work of Art,Fine Line Tattoos in Vegas,https://www.workofarttattoo.com/best_fine_line_tattoos_in_vegas_ultimate_authority_guide/,index,artist,local service research,Joshua Cole,Joshua Cole,"Las Vegas, NV",,redirect to clean URL,recommended clean URL: https://www.workofarttattoo.com/tattoos/fine-line/
https://www.workofarttattoo.com/best_piercing_shop_las_vegas_updated_jewelry_standards/,best_piercing_shop_las_vegas_updated_jewelry_standards/code.html,piercing guide,Tattoo and Piercing Shop Near the Strip Las Vegas | Work of Art,Ear Piercing & Body Piercing — Las Vegas,https://www.workofarttattoo.com/best_piercing_shop_las_vegas_updated_jewelry_standards/,index,piercing,research piercing service,Joshua Cole,,"Las Vegas, NV",,redirect to clean URL,recommended clean URL: https://www.workofarttattoo.com/best-piercing-shop-jewelry-standards/
https://www.workofarttattoo.com/best_tattoo_styles_for_sleeves_large_scale_project_hub/,best_tattoo_styles_for_sleeves_large_scale_project_hub/code.html,guide,Sleeve Tattoo Styles & Planning | Joshua Cole Las Vegas | Work of Art,Best Tattoo Styles For Sleeves: what to know before you plan,https://www.workofarttattoo.com/best_tattoo_styles_for_sleeves_large_scale_project_hub/,index,artist,local service research,Joshua Cole,Joshua Cole,"Las Vegas, NV",,redirect to clean URL,recommended clean URL: https://www.workofarttattoo.com/best-tattoo-styles-for-sleeves-large-scale-project/
https://www.workofarttattoo.com/body_piercing_guide_las_vegas/,body_piercing_guide_las_vegas/code.html,piercing guide,Body Piercing Las Vegas | Consults Near the Strip | Work of Art,Body Piercing Guide — Las Vegas,https://www.workofarttattoo.com/body_piercing_guide_las_vegas/,index,piercing,research piercing service,Joshua Cole,Katelyn Morgen Cole,"Las Vegas, NV",,redirect to clean URL,recommended clean URL: https://www.workofarttattoo.com/body-piercing/
https://www.workofarttattoo.com/bridge_piercing_las_vegas_authority_guide/,bridge_piercing_las_vegas_authority_guide/code.html,guide,Bridge Piercing — Katelyn Cole | Work of Art Las Vegas | Work of Art,The Complete Bridge Piercing Guide,https://www.workofarttattoo.com/bridge_piercing_las_vegas_authority_guide/,index,artist,local service research,Joshua Cole,Katelyn Morgen Cole,"Las Vegas, NV",,redirect to clean URL,recommended clean URL: https://www.workofarttattoo.com/bridge-piercing/
https://www.workofarttattoo.com/cartilage_piercing_las_vegas_authority_guide/,cartilage_piercing_las_vegas_authority_guide/code.html,piercing guide,"Cartilage (Overview) Piercing Las Vegas — Healing, Pain & Aftercare | Work of Art","Cartilage (Overview) Piercing Las Vegas — Healing, Pain & Aftercare",https://www.workofarttattoo.com/cartilage_piercing_las_vegas_authority_guide/,index,piercing,research piercing service,Joshua Cole,,"Las Vegas, NV",,redirect to clean URL,recommended clean URL: https://www.workofarttattoo.com/cartilage-piercing/
https://www.workofarttattoo.com/collagen_skin_science_las_vegas_authority_guide/,collagen_skin_science_las_vegas_authority_guide/code.html,guide,Collagen — Structure That Holds Your Tattoo Together | Work of Art,Collagen — Structure That Holds Your Tattoo Together,https://www.workofarttattoo.com/collagen_skin_science_las_vegas_authority_guide/,index,tattoo,local service research,Joshua Cole,Joshua Cole,,,redirect to clean URL,recommended clean URL: https://www.workofarttattoo.com/collagen-skin-science/
https://www.workofarttattoo.com/conch_piercing_las_vegas_authority_guide/,conch_piercing_las_vegas_authority_guide/code.html,guide,Conch Piercing — Katelyn Cole | Work of Art Las Vegas | Work of Art,The Complete Conch Piercing Guide,https://www.workofarttattoo.com/conch_piercing_las_vegas_authority_guide/,index,artist,local service research,Joshua Cole,Katelyn Morgen Cole,"Las Vegas, NV",,redirect to clean URL,recommended clean URL: https://www.workofarttattoo.com/conch-piercing/
https://www.workofarttattoo.com/cover-up-tattoos-las-vegas/,cover-up-tattoos-las-vegas/code.html,artist,Cover Up Tattoo Artist Las Vegas | Joshua Cole | Work of Art,Cover Up Tattoos Las Vegas,https://www.workofarttattoo.com/cover-up-tattoos-las-vegas/,index,artist,view artist portfolio and book,Joshua Cole,Joshua Cole,"Las Vegas, NV",https://www.workofarttattoo.com/cover-up-tattoos-las-vegas/ | https://www.workofarttattoo.com/cover_up_tattoos_las_vegas_master_authority_guide/,redirect to clean URL,recommended clean URL: https://www.workofarttattoo.com/tattoos/cover-ups/; duplicate canonical/title cluster
https://www.workofarttattoo.com/cover_up_tattoos_las_vegas_master_authority_guide/,cover_up_tattoos_las_vegas_master_authority_guide/code.html,guide,Tattoo Cover-Ups — Joshua Cole | Work of Art Las Vegas | Work of Art,Cover Up Tattoos Las Vegas,https://www.workofarttattoo.com/cover-up-tattoos-las-vegas/,index,artist,local service research,Joshua Cole,Joshua Cole,"Las Vegas, NV",https://www.workofarttattoo.com/cover-up-tattoos-las-vegas/ | https://www.workofarttattoo.com/cover_up_tattoos_las_vegas_master_authority_guide/,redirect to clean URL,canonical differs from file URL; recommended clean URL: https://www.workofarttattoo.com/tattoos/cover-ups/; duplicate canonical/title cluster
https://www.workofarttattoo.com/daith_piercing_las_vegas_authority_guide/,daith_piercing_las_vegas_authority_guide/code.html,guide,Daith Piercing — Katelyn Cole | Work of Art Las Vegas | Work of Art,The Complete Daith Piercing Guide,https://www.workofarttattoo.com/daith_piercing_las_vegas_authority_guide/,index,artist,local service research,Joshua Cole,Katelyn Morgen Cole,"Las Vegas, NV",,redirect to clean URL,recommended clean URL: https://www.workofarttattoo.com/daith-piercing/
https://www.workofarttattoo.com/dermis_skin_science_las_vegas_authority_guide/,dermis_skin_science_las_vegas_authority_guide/code.html,guide,The Dermis — Where Tattoo Ink Lives | Work of Art,The Dermis — Where Tattoo Ink Lives,https://www.workofarttattoo.com/dermis_skin_science_las_vegas_authority_guide/,index,tattoo,local service research,Joshua Cole,Joshua Cole,,,redirect to clean URL,recommended clean URL: https://www.workofarttattoo.com/dermis-skin-science/
https://www.workofarttattoo.com/diabetes_skin_science_las_vegas_authority_guide/,diabetes_skin_science_las_vegas_authority_guide/code.html,guide,Diabetes — Skin Healing & Tattoo Considerations | Work of Art,Diabetes — Skin Healing & Tattoo Considerations,https://www.workofarttattoo.com/diabetes_skin_science_las_vegas_authority_guide/,index,tattoo,local service research,Joshua Cole,Joshua Cole,,,redirect to clean URL,recommended clean URL: https://www.workofarttattoo.com/diabetes-skin-science/
https://www.workofarttattoo.com/ear_curation_piercing_las_vegas_authority_guide/,ear_curation_piercing_las_vegas_authority_guide/code.html,guide,Ear Curation Piercing — Katelyn Cole | Work of Art Las Vegas | Work of Art,The Complete Ear Curation Piercing Guide,https://www.workofarttattoo.com/ear_curation_piercing_las_vegas_authority_guide/,index,artist,local service research,Joshua Cole,Katelyn Morgen Cole,"Las Vegas, NV",,redirect to clean URL,recommended clean URL: https://www.workofarttattoo.com/ear-curation-piercing/
https://www.workofarttattoo.com/ear_lobe_piercing_las_vegas_authority_guide/,ear_lobe_piercing_las_vegas_authority_guide/code.html,guide,Lobe Piercing — Katelyn Cole | Work of Art Las Vegas | Work of Art,The Complete Lobe Piercing Guide,https://www.workofarttattoo.com/ear_lobe_piercing_las_vegas_authority_guide/,index,artist,local service research,Joshua Cole,Katelyn Morgen Cole,"Las Vegas, NV",,redirect to clean URL,recommended clean URL: https://www.workofarttattoo.com/ear-lobe-piercing/
https://www.workofarttattoo.com/ear_piercing_guide_las_vegas/,ear_piercing_guide_las_vegas/code.html,piercing guide,Ear Piercing Las Vegas | Female Piercer Near the Strip | Work of Art,Ear Piercing Guide — Las Vegas,https://www.workofarttattoo.com/ear_piercing_guide_las_vegas/,index,piercing,research piercing service,Joshua Cole,Katelyn Morgen Cole,"Las Vegas, NV",,redirect to clean URL,recommended clean URL: https://www.workofarttattoo.com/ear-piercing/
https://www.workofarttattoo.com/ear_piercing_las_vegas_authority_guide/,ear_piercing_las_vegas_authority_guide/code.html,piercing guide,"Ear Piercing Las Vegas — Healing, Pain & Aftercare | Work of Art","Ear Piercing Las Vegas — Healing, Pain & Aftercare",https://www.workofarttattoo.com/ear_piercing_las_vegas_authority_guide/,index,piercing,research piercing service,Joshua Cole,,"Las Vegas, NV",,redirect to clean URL,recommended clean URL: https://www.workofarttattoo.com/ear-piercing/
https://www.workofarttattoo.com/eczema_skin_science_las_vegas_authority_guide/,eczema_skin_science_las_vegas_authority_guide/code.html,guide,Eczema (Atopic Dermatitis) & Tattoos | Work of Art,Eczema (Atopic Dermatitis) & Tattoos,https://www.workofarttattoo.com/eczema_skin_science_las_vegas_authority_guide/,index,tattoo,local service research,Joshua Cole,Joshua Cole,,,redirect to clean URL,recommended clean URL: https://www.workofarttattoo.com/eczema-skin-science/
https://www.workofarttattoo.com/epidermis_skin_science_las_vegas_authority_guide/,epidermis_skin_science_las_vegas_authority_guide/code.html,guide,The Epidermis — Your Skin's Outer Shield | Work of Art,The Epidermis — Your Skin's Outer Shield,https://www.workofarttattoo.com/epidermis_skin_science_las_vegas_authority_guide/,index,tattoo,local service research,Joshua Cole,Joshua Cole,,,redirect to clean URL,recommended clean URL: https://www.workofarttattoo.com/epidermis-skin-science/
https://www.workofarttattoo.com/eyebrow_piercing_las_vegas_authority_guide/,eyebrow_piercing_las_vegas_authority_guide/code.html,guide,Eyebrow Piercing — Katelyn Cole | Work of Art Las Vegas | Work of Art,The Complete Eyebrow Piercing Guide,https://www.workofarttattoo.com/eyebrow_piercing_las_vegas_authority_guide/,index,artist,local service research,Joshua Cole,Katelyn Morgen Cole,"Las Vegas, NV",,redirect to clean URL,recommended clean URL: https://www.workofarttattoo.com/eyebrow-piercing/
https://www.workofarttattoo.com/facial_piercing_guide_las_vegas/,facial_piercing_guide_las_vegas/code.html,piercing guide,Facial Piercing Las Vegas | Walk-Ins Near the Strip | Work of Art,Facial Piercing Guide — Las Vegas,https://www.workofarttattoo.com/facial_piercing_guide_las_vegas/,index,piercing,research piercing service,Joshua Cole,Katelyn Morgen Cole,"Las Vegas, NV",,redirect to clean URL,recommended clean URL: https://www.workofarttattoo.com/facial-piercing/
https://www.workofarttattoo.com/fine_line_tattoos_las_vegas_master_authority_guide/,fine_line_tattoos_las_vegas_master_authority_guide/code.html,guide,Fine Line Tattoos — Joshua Cole | Work of Art Las Vegas | Work of Art,"Fine line tattoos: needle depth, ink, and healing",https://www.workofarttattoo.com/fine_line_tattoos_las_vegas_master_authority_guide/,index,artist,local service research,Joshua Cole,Joshua Cole,"Las Vegas, NV",,redirect to clean URL,recommended clean URL: https://www.workofarttattoo.com/tattoos/fine-line/
https://www.workofarttattoo.com/flash_art_deals_under_100/,flash_art_deals_under_100/code.html,pricing,Flash Tattoo Deals Under $100 | Palm-Size | Work of Art Las Vegas,Flash art deals under $100,https://www.workofarttattoo.com/flash_art_deals_under_100/,index,pricing,compare tattoo pricing,Joshua Cole,,"Las Vegas, NV",,redirect to clean URL,recommended clean URL: https://www.workofarttattoo.com/flash-art-deals-under-100/
https://www.workofarttattoo.com/flat_piercing_las_vegas_authority_guide/,flat_piercing_las_vegas_authority_guide/code.html,guide,Flat Piercing — Katelyn Cole | Work of Art Las Vegas | Work of Art,The Complete Flat Piercing Guide,https://www.workofarttattoo.com/flat_piercing_las_vegas_authority_guide/,index,artist,local service research,Joshua Cole,Katelyn Morgen Cole,"Las Vegas, NV",,redirect to clean URL,recommended clean URL: https://www.workofarttattoo.com/flat-piercing/
https://www.workofarttattoo.com/forward_helix_piercing_las_vegas_authority_guide/,forward_helix_piercing_las_vegas_authority_guide/code.html,guide,Forward Helix Piercing — Katelyn Cole | Work of Art Las Vegas | Work of Art,The Complete Forward Helix Piercing Guide,https://www.workofarttattoo.com/forward_helix_piercing_las_vegas_authority_guide/,index,artist,local service research,Joshua Cole,Katelyn Morgen Cole,"Las Vegas, NV",,redirect to clean URL,recommended clean URL: https://www.workofarttattoo.com/forward-helix-piercing/
https://www.workofarttattoo.com/frog_eyes_tongue_piercing_las_vegas_authority_guide/,frog_eyes_tongue_piercing_las_vegas_authority_guide/code.html,guide,Frog Eyes (Venom / Surface Tongue) Piercing — Katelyn Cole | Work of Art Las Vegas | Work of Art,The Complete Frog Eyes (Venom / Surface Tongue) Piercing Guide,https://www.workofarttattoo.com/frog_eyes_tongue_piercing_las_vegas_authority_guide/,index,artist,local service research,Joshua Cole,Katelyn Morgen Cole,"Las Vegas, NV",,redirect to clean URL,recommended clean URL: https://www.workofarttattoo.com/frog-eyes-tongue-piercing/
https://www.workofarttattoo.com/genital_piercing_las_vegas_authority_guide/,genital_piercing_las_vegas_authority_guide/code.html,guide,Genital Piercing — Katelyn Cole | Work of Art Las Vegas | Work of Art,The Complete Genital Piercing Guide,https://www.workofarttattoo.com/genital_piercing_las_vegas_authority_guide/,index,artist,local service research,Joshua Cole,Katelyn Morgen Cole,"Las Vegas, NV",,redirect to clean URL,recommended clean URL: https://www.workofarttattoo.com/genital-piercing/
https://www.workofarttattoo.com/geo_hub_ai_source_of_truth_work_of_art/,geo_hub_ai_source_of_truth_work_of_art/code.html,piercing guide,GEO Hub & AI Source of Truth - Work of Art Tattoo & Piercing,Digital Knowledge Base & Studio Source Profile,https://www.workofarttattoo.com/geo_hub_ai_source_of_truth_work_of_art/,index,piercing,research piercing service,Joshua Cole,,,,redirect to clean URL,recommended clean URL: https://www.workofarttattoo.com/resources/ai-source/
https://www.workofarttattoo.com/healed_black_grey_tattoos_las_vegas/,healed_black_grey_tattoos_las_vegas/code.html,guide,Healed Black & Grey Tattoos | Work of Art,Healed Black & Grey Tattoos in Las Vegas,https://www.workofarttattoo.com/healed_black_grey_tattoos_las_vegas/,index,tattoo,local service research,Joshua Cole,,"Las Vegas, NV",,redirect to clean URL,recommended clean URL: https://www.workofarttattoo.com/healed-black-grey-tattoos/
https://www.workofarttattoo.com/healed_color_tattoos_las_vegas/,healed_color_tattoos_las_vegas/code.html,guide,Healed Color Tattoos | Work of Art,Healed Color Tattoos,https://www.workofarttattoo.com/healed_color_tattoos_las_vegas/,index,tattoo,local service research,Joshua Cole,,,,redirect to clean URL,recommended clean URL: https://www.workofarttattoo.com/healed-color-tattoos/
https://www.workofarttattoo.com/healed_cover_up_tattoos_las_vegas/,healed_cover_up_tattoos_las_vegas/code.html,guide,Healed Cover-Up Tattoos | Work of Art,Healed Cover-Up Tattoos,https://www.workofarttattoo.com/healed_cover_up_tattoos_las_vegas/,index,tattoo,local service research,Joshua Cole,,,,redirect to clean URL,recommended clean URL: https://www.workofarttattoo.com/healed-cover-up-tattoos/
https://www.workofarttattoo.com/healed_fine_line_tattoos_las_vegas/,healed_fine_line_tattoos_las_vegas/code.html,guide,Healed Fine Line Tattoos | Work of Art,Healed Fine Line Tattoos,https://www.workofarttattoo.com/healed_fine_line_tattoos_las_vegas/,index,tattoo,local service research,Joshua Cole,,,,redirect to clean URL,recommended clean URL: https://www.workofarttattoo.com/healed-fine-line-tattoos/
https://www.workofarttattoo.com/healed_portrait_tattoos_las_vegas/,healed_portrait_tattoos_las_vegas/code.html,guide,Healed Portrait Tattoos | Work of Art,Healed Portrait Tattoos,https://www.workofarttattoo.com/healed_portrait_tattoos_las_vegas/,index,tattoo,local service research,Joshua Cole,,,,redirect to clean URL,recommended clean URL: https://www.workofarttattoo.com/healed-portrait-tattoos/
https://www.workofarttattoo.com/healed_sleeve_tattoos_las_vegas/,healed_sleeve_tattoos_las_vegas/code.html,guide,Healed Sleeve Tattoos | Work of Art,Healed Sleeve Tattoos,https://www.workofarttattoo.com/healed_sleeve_tattoos_las_vegas/,index,tattoo,local service research,Joshua Cole,,,,redirect to clean URL,recommended clean URL: https://www.workofarttattoo.com/healed-sleeve-tattoos/
https://www.workofarttattoo.com/healed_tattoo_gallery_las_vegas/,healed_tattoo_gallery_las_vegas/code.html,guide,Healed Tattoo Gallery | Work of Art,Healed tattoo gallery — Las Vegas studio results,https://www.workofarttattoo.com/healed_tattoo_gallery_las_vegas/,index,tattoo,local service research,Joshua Cole,,"Las Vegas, NV",,redirect to clean URL,recommended clean URL: https://www.workofarttattoo.com/healed-tattoo-gallery/
https://www.workofarttattoo.com/healing_database_black_grey_day_1_las_vegas/,healing_database_black_grey_day_1_las_vegas/code.html,guide,Black & Grey Tattoo Healing — Day 1 | Work of Art,Black & Grey Tattoo Healing — Day 1,https://www.workofarttattoo.com/healing_database_black_grey_day_1_las_vegas/,index,tattoo,local service research,Joshua Cole,Joshua Cole,,,redirect to clean URL,recommended clean URL: https://www.workofarttattoo.com/healing-database-black-grey-day-1/
https://www.workofarttattoo.com/healing_database_black_grey_day_2_las_vegas/,healing_database_black_grey_day_2_las_vegas/code.html,guide,Black & Grey Tattoo Healing — Day 2 | Work of Art,Black & Grey Tattoo Healing — Day 2,https://www.workofarttattoo.com/healing_database_black_grey_day_2_las_vegas/,index,tattoo,local service research,Joshua Cole,Joshua Cole,,,redirect to clean URL,recommended clean URL: https://www.workofarttattoo.com/healing-database-black-grey-day-2/
https://www.workofarttattoo.com/healing_database_black_grey_day_3_las_vegas/,healing_database_black_grey_day_3_las_vegas/code.html,guide,Black & Grey Tattoo Healing — Day 3 | Work of Art,Black & Grey Tattoo Healing — Day 3,https://www.workofarttattoo.com/healing_database_black_grey_day_3_las_vegas/,index,tattoo,local service research,Joshua Cole,Joshua Cole,,,redirect to clean URL,recommended clean URL: https://www.workofarttattoo.com/healing-database-black-grey-day-3/
https://www.workofarttattoo.com/healing_database_black_grey_day_4_las_vegas/,healing_database_black_grey_day_4_las_vegas/code.html,guide,Black & Grey Tattoo Healing — Day 4 | Work of Art,Black & Grey Tattoo Healing — Day 4,https://www.workofarttattoo.com/healing_database_black_grey_day_4_las_vegas/,index,tattoo,local service research,Joshua Cole,Joshua Cole,,,redirect to clean URL,recommended clean URL: https://www.workofarttattoo.com/healing-database-black-grey-day-4/
https://www.workofarttattoo.com/healing_database_black_grey_month_1_las_vegas/,healing_database_black_grey_month_1_las_vegas/code.html,guide,Black & Grey Tattoo Healing — Month 1 | Work of Art,Black & Grey Tattoo Healing — Month 1,https://www.workofarttattoo.com/healing_database_black_grey_month_1_las_vegas/,index,tattoo,local service research,Joshua Cole,Joshua Cole,,,redirect to clean URL,recommended clean URL: https://www.workofarttattoo.com/healing-database-black-grey-month-1/
https://www.workofarttattoo.com/healing_database_black_grey_month_3_las_vegas/,healing_database_black_grey_month_3_las_vegas/code.html,guide,Black & Grey Tattoo Healing — Month 3 | Work of Art,Black & Grey Tattoo Healing — Month 3,https://www.workofarttattoo.com/healing_database_black_grey_month_3_las_vegas/,index,tattoo,local service research,Joshua Cole,Joshua Cole,,,redirect to clean URL,recommended clean URL: https://www.workofarttattoo.com/healing-database-black-grey-month-3/
https://www.workofarttattoo.com/healing_database_black_grey_month_6_las_vegas/,healing_database_black_grey_month_6_las_vegas/code.html,guide,Black & Grey Tattoo Healing — Month 6 | Work of Art,Black & Grey Tattoo Healing — Month 6,https://www.workofarttattoo.com/healing_database_black_grey_month_6_las_vegas/,index,tattoo,local service research,Joshua Cole,Joshua Cole,,,redirect to clean URL,recommended clean URL: https://www.workofarttattoo.com/healing-database-black-grey-month-6/
https://www.workofarttattoo.com/healing_database_black_grey_tattoos_las_vegas/,healing_database_black_grey_tattoos_las_vegas/code.html,guide,Black & Grey Tattoo Healing Timeline — Las Vegas | Work of Art,Black & Grey Tattoo Healing — All Stages,https://www.workofarttattoo.com/healing_database_black_grey_tattoos_las_vegas/,index,tattoo,local service research,Joshua Cole,Joshua Cole,"Las Vegas, NV",,redirect to clean URL,recommended clean URL: https://www.workofarttattoo.com/healing-database-black-grey-tattoos/
https://www.workofarttattoo.com/healing_database_black_grey_week_1_las_vegas/,healing_database_black_grey_week_1_las_vegas/code.html,guide,Black & Grey Tattoo Healing — Week 1 | Work of Art,Black & Grey Tattoo Healing — Week 1,https://www.workofarttattoo.com/healing_database_black_grey_week_1_las_vegas/,index,tattoo,local service research,Joshua Cole,Joshua Cole,,,redirect to clean URL,recommended clean URL: https://www.workofarttattoo.com/healing-database-black-grey-week-1/
https://www.workofarttattoo.com/healing_database_black_grey_week_2_las_vegas/,healing_database_black_grey_week_2_las_vegas/code.html,guide,Black & Grey Tattoo Healing — Week 2 | Work of Art,Black & Grey Tattoo Healing — Week 2,https://www.workofarttattoo.com/healing_database_black_grey_week_2_las_vegas/,index,tattoo,local service research,Joshua Cole,Joshua Cole,,,redirect to clean URL,recommended clean URL: https://www.workofarttattoo.com/healing-database-black-grey-week-2/
https://www.workofarttattoo.com/healing_database_black_grey_week_3_las_vegas/,healing_database_black_grey_week_3_las_vegas/code.html,guide,Black & Grey Tattoo Healing — Week 3 | Work of Art,Black & Grey Tattoo Healing — Week 3,https://www.workofarttattoo.com/healing_database_black_grey_week_3_las_vegas/,index,tattoo,local service research,Joshua Cole,Joshua Cole,,,redirect to clean URL,recommended clean URL: https://www.workofarttattoo.com/healing-database-black-grey-week-3/
https://www.workofarttattoo.com/healing_database_black_grey_year_1_las_vegas/,healing_database_black_grey_year_1_las_vegas/code.html,piercing guide,Black & Grey Tattoo Healing — Year 1 | Work of Art,Black & Grey Tattoo Healing — Year 1,https://www.workofarttattoo.com/healing_database_black_grey_year_1_las_vegas/,index,piercing,research piercing service,Joshua Cole,Joshua Cole,,,redirect to clean URL,recommended clean URL: https://www.workofarttattoo.com/healing-database-black-grey-year-1/
https://www.workofarttattoo.com/healing_database_color_day_1_las_vegas/,healing_database_color_day_1_las_vegas/code.html,guide,Color Tattoo Healing — Day 1 | Work of Art,Color Tattoo Healing — Day 1,https://www.workofarttattoo.com/healing_database_color_day_1_las_vegas/,index,tattoo,local service research,Joshua Cole,Joshua Cole,,,redirect to clean URL,recommended clean URL: https://www.workofarttattoo.com/healing-database-color-day-1/
https://www.workofarttattoo.com/healing_database_color_day_2_las_vegas/,healing_database_color_day_2_las_vegas/code.html,guide,Color Tattoo Healing — Day 2 | Work of Art,Color Tattoo Healing — Day 2,https://www.workofarttattoo.com/healing_database_color_day_2_las_vegas/,index,tattoo,local service research,Joshua Cole,Joshua Cole,,,redirect to clean URL,recommended clean URL: https://www.workofarttattoo.com/healing-database-color-day-2/
https://www.workofarttattoo.com/healing_database_color_day_3_las_vegas/,healing_database_color_day_3_las_vegas/code.html,guide,Color Tattoo Healing — Day 3 | Work of Art,Color Tattoo Healing — Day 3,https://www.workofarttattoo.com/healing_database_color_day_3_las_vegas/,index,tattoo,local service research,Joshua Cole,Joshua Cole,,,redirect to clean URL,recommended clean URL: https://www.workofarttattoo.com/healing-database-color-day-3/
https://www.workofarttattoo.com/healing_database_color_day_4_las_vegas/,healing_database_color_day_4_las_vegas/code.html,guide,Color Tattoo Healing — Day 4 | Work of Art,Color Tattoo Healing — Day 4,https://www.workofarttattoo.com/healing_database_color_day_4_las_vegas/,index,tattoo,local service research,Joshua Cole,Joshua Cole,,,redirect to clean URL,recommended clean URL: https://www.workofarttattoo.com/healing-database-color-day-4/
https://www.workofarttattoo.com/healing_database_color_month_1_las_vegas/,healing_database_color_month_1_las_vegas/code.html,guide,Color Tattoo Healing — Month 1 | Work of Art,Color Tattoo Healing — Month 1,https://www.workofarttattoo.com/healing_database_color_month_1_las_vegas/,index,tattoo,local service research,Joshua Cole,Joshua Cole,,,redirect to clean URL,recommended clean URL: https://www.workofarttattoo.com/healing-database-color-month-1/
https://www.workofarttattoo.com/healing_database_color_month_3_las_vegas/,healing_database_color_month_3_las_vegas/code.html,guide,Color Tattoo Healing — Month 3 | Work of Art,Color Tattoo Healing — Month 3,https://www.workofarttattoo.com/healing_database_color_month_3_las_vegas/,index,tattoo,local service research,Joshua Cole,Joshua Cole,,,redirect to clean URL,recommended clean URL: https://www.workofarttattoo.com/healing-database-color-month-3/
https://www.workofarttattoo.com/healing_database_color_month_6_las_vegas/,healing_database_color_month_6_las_vegas/code.html,guide,Color Tattoo Healing — Month 6 | Work of Art,Color Tattoo Healing — Month 6,https://www.workofarttattoo.com/healing_database_color_month_6_las_vegas/,index,tattoo,local service research,Joshua Cole,Joshua Cole,,,redirect to clean URL,recommended clean URL: https://www.workofarttattoo.com/healing-database-color-month-6/
https://www.workofarttattoo.com/healing_database_color_tattoos_las_vegas/,healing_database_color_tattoos_las_vegas/code.html,guide,Color Tattoo Healing Timeline — Las Vegas | Work of Art,Color Tattoo Healing — All Stages,https://www.workofarttattoo.com/healing_database_color_tattoos_las_vegas/,index,tattoo,local service research,Joshua Cole,Joshua Cole,"Las Vegas, NV",,redirect to clean URL,recommended clean URL: https://www.workofarttattoo.com/healing-database-color-tattoos/
https://www.workofarttattoo.com/healing_database_color_week_1_las_vegas/,healing_database_color_week_1_las_vegas/code.html,guide,Color Tattoo Healing — Week 1 | Work of Art,Color Tattoo Healing — Week 1,https://www.workofarttattoo.com/healing_database_color_week_1_las_vegas/,index,tattoo,local service research,Joshua Cole,Joshua Cole,,,redirect to clean URL,recommended clean URL: https://www.workofarttattoo.com/healing-database-color-week-1/
https://www.workofarttattoo.com/healing_database_color_week_2_las_vegas/,healing_database_color_week_2_las_vegas/code.html,guide,Color Tattoo Healing — Week 2 | Work of Art,Color Tattoo Healing — Week 2,https://www.workofarttattoo.com/healing_database_color_week_2_las_vegas/,index,tattoo,local service research,Joshua Cole,Joshua Cole,,,redirect to clean URL,recommended clean URL: https://www.workofarttattoo.com/healing-database-color-week-2/
https://www.workofarttattoo.com/healing_database_color_week_3_las_vegas/,healing_database_color_week_3_las_vegas/code.html,guide,Color Tattoo Healing — Week 3 | Work of Art,Color Tattoo Healing — Week 3,https://www.workofarttattoo.com/healing_database_color_week_3_las_vegas/,index,tattoo,local service research,Joshua Cole,Joshua Cole,,,redirect to clean URL,recommended clean URL: https://www.workofarttattoo.com/healing-database-color-week-3/
https://www.workofarttattoo.com/healing_database_color_year_1_las_vegas/,healing_database_color_year_1_las_vegas/code.html,piercing guide,Color Tattoo Healing — Year 1 | Work of Art,Color Tattoo Healing — Year 1,https://www.workofarttattoo.com/healing_database_color_year_1_las_vegas/,index,piercing,research piercing service,Joshua Cole,Joshua Cole,,,redirect to clean URL,recommended clean URL: https://www.workofarttattoo.com/healing-database-color-year-1/
https://www.workofarttattoo.com/healing_database_cover_ups_day_1_las_vegas/,healing_database_cover_ups_day_1_las_vegas/code.html,guide,Cover-Ups Tattoo Healing — Day 1 | Work of Art,Cover-Ups Tattoo Healing — Day 1,https://www.workofarttattoo.com/healing_database_cover_ups_day_1_las_vegas/,index,tattoo,local service research,Joshua Cole,Joshua Cole,,,redirect to clean URL,recommended clean URL: https://www.workofarttattoo.com/healing-database-cover-ups-day-1/
https://www.workofarttattoo.com/healing_database_cover_ups_day_2_las_vegas/,healing_database_cover_ups_day_2_las_vegas/code.html,guide,Cover-Ups Tattoo Healing — Day 2 | Work of Art,Cover-Ups Tattoo Healing — Day 2,https://www.workofarttattoo.com/healing_database_cover_ups_day_2_las_vegas/,index,tattoo,local service research,Joshua Cole,Joshua Cole,,,redirect to clean URL,recommended clean URL: https://www.workofarttattoo.com/healing-database-cover-ups-day-2/
https://www.workofarttattoo.com/healing_database_cover_ups_day_3_las_vegas/,healing_database_cover_ups_day_3_las_vegas/code.html,guide,Cover-Ups Tattoo Healing — Day 3 | Work of Art,Cover-Ups Tattoo Healing — Day 3,https://www.workofarttattoo.com/healing_database_cover_ups_day_3_las_vegas/,index,tattoo,local service research,Joshua Cole,Joshua Cole,,,redirect to clean URL,recommended clean URL: https://www.workofarttattoo.com/healing-database-cover-ups-day-3/
https://www.workofarttattoo.com/healing_database_cover_ups_day_4_las_vegas/,healing_database_cover_ups_day_4_las_vegas/code.html,guide,Cover-Ups Tattoo Healing — Day 4 | Work of Art,Cover-Ups Tattoo Healing — Day 4,https://www.workofarttattoo.com/healing_database_cover_ups_day_4_las_vegas/,index,tattoo,local service research,Joshua Cole,Joshua Cole,,,redirect to clean URL,recommended clean URL: https://www.workofarttattoo.com/healing-database-cover-ups-day-4/
https://www.workofarttattoo.com/healing_database_cover_ups_month_1_las_vegas/,healing_database_cover_ups_month_1_las_vegas/code.html,guide,Cover-Ups Tattoo Healing — Month 1 | Work of Art,Cover-Ups Tattoo Healing — Month 1,https://www.workofarttattoo.com/healing_database_cover_ups_month_1_las_vegas/,index,tattoo,local service research,Joshua Cole,Joshua Cole,,,redirect to clean URL,recommended clean URL: https://www.workofarttattoo.com/healing-database-cover-ups-month-1/
https://www.workofarttattoo.com/healing_database_cover_ups_month_3_las_vegas/,healing_database_cover_ups_month_3_las_vegas/code.html,guide,Cover-Ups Tattoo Healing — Month 3 | Work of Art,Cover-Ups Tattoo Healing — Month 3,https://www.workofarttattoo.com/healing_database_cover_ups_month_3_las_vegas/,index,tattoo,local service research,Joshua Cole,Joshua Cole,,,redirect to clean URL,recommended clean URL: https://www.workofarttattoo.com/healing-database-cover-ups-month-3/
https://www.workofarttattoo.com/healing_database_cover_ups_month_6_las_vegas/,healing_database_cover_ups_month_6_las_vegas/code.html,guide,Cover-Ups Tattoo Healing — Month 6 | Work of Art,Cover-Ups Tattoo Healing — Month 6,https://www.workofarttattoo.com/healing_database_cover_ups_month_6_las_vegas/,index,tattoo,local service research,Joshua Cole,Joshua Cole,,,redirect to clean URL,recommended clean URL: https://www.workofarttattoo.com/healing-database-cover-ups-month-6/
https://www.workofarttattoo.com/healing_database_cover_ups_tattoos_las_vegas/,healing_database_cover_ups_tattoos_las_vegas/code.html,guide,Cover-Ups Tattoo Healing Timeline — Las Vegas | Work of Art,Cover-Ups Tattoo Healing — All Stages,https://www.workofarttattoo.com/healing_database_cover_ups_tattoos_las_vegas/,index,tattoo,local service research,Joshua Cole,Joshua Cole,"Las Vegas, NV",,redirect to clean URL,recommended clean URL: https://www.workofarttattoo.com/healing-database-cover-ups-tattoos/
https://www.workofarttattoo.com/healing_database_cover_ups_week_1_las_vegas/,healing_database_cover_ups_week_1_las_vegas/code.html,guide,Cover-Ups Tattoo Healing — Week 1 | Work of Art,Cover-Ups Tattoo Healing — Week 1,https://www.workofarttattoo.com/healing_database_cover_ups_week_1_las_vegas/,index,tattoo,local service research,Joshua Cole,Joshua Cole,,,redirect to clean URL,recommended clean URL: https://www.workofarttattoo.com/healing-database-cover-ups-week-1/
https://www.workofarttattoo.com/healing_database_cover_ups_week_2_las_vegas/,healing_database_cover_ups_week_2_las_vegas/code.html,guide,Cover-Ups Tattoo Healing — Week 2 | Work of Art,Cover-Ups Tattoo Healing — Week 2,https://www.workofarttattoo.com/healing_database_cover_ups_week_2_las_vegas/,index,tattoo,local service research,Joshua Cole,Joshua Cole,,,redirect to clean URL,recommended clean URL: https://www.workofarttattoo.com/healing-database-cover-ups-week-2/
https://www.workofarttattoo.com/healing_database_cover_ups_week_3_las_vegas/,healing_database_cover_ups_week_3_las_vegas/code.html,guide,Cover-Ups Tattoo Healing — Week 3 | Work of Art,Cover-Ups Tattoo Healing — Week 3,https://www.workofarttattoo.com/healing_database_cover_ups_week_3_las_vegas/,index,tattoo,local service research,Joshua Cole,Joshua Cole,,,redirect to clean URL,recommended clean URL: https://www.workofarttattoo.com/healing-database-cover-ups-week-3/
https://www.workofarttattoo.com/healing_database_cover_ups_year_1_las_vegas/,healing_database_cover_ups_year_1_las_vegas/code.html,piercing guide,Cover-Ups Tattoo Healing — Year 1 | Work of Art,Cover-Ups Tattoo Healing — Year 1,https://www.workofarttattoo.com/healing_database_cover_ups_year_1_las_vegas/,index,piercing,research piercing service,Joshua Cole,Joshua Cole,,,redirect to clean URL,recommended clean URL: https://www.workofarttattoo.com/healing-database-cover-ups-year-1/
https://www.workofarttattoo.com/healing_database_fine_line_day_1_las_vegas/,healing_database_fine_line_day_1_las_vegas/code.html,guide,Fine Line Tattoo Healing — Day 1 | Work of Art,Fine Line Tattoo Healing — Day 1,https://www.workofarttattoo.com/healing_database_fine_line_day_1_las_vegas/,index,tattoo,local service research,Joshua Cole,Joshua Cole,,,redirect to clean URL,recommended clean URL: https://www.workofarttattoo.com/healing-database-fine-line-day-1/
https://www.workofarttattoo.com/healing_database_fine_line_day_2_las_vegas/,healing_database_fine_line_day_2_las_vegas/code.html,guide,Fine Line Tattoo Healing — Day 2 | Work of Art,Fine Line Tattoo Healing — Day 2,https://www.workofarttattoo.com/healing_database_fine_line_day_2_las_vegas/,index,tattoo,local service research,Joshua Cole,Joshua Cole,,,redirect to clean URL,recommended clean URL: https://www.workofarttattoo.com/healing-database-fine-line-day-2/
https://www.workofarttattoo.com/healing_database_fine_line_day_3_las_vegas/,healing_database_fine_line_day_3_las_vegas/code.html,guide,Fine Line Tattoo Healing — Day 3 | Work of Art,Fine Line Tattoo Healing — Day 3,https://www.workofarttattoo.com/healing_database_fine_line_day_3_las_vegas/,index,tattoo,local service research,Joshua Cole,Joshua Cole,,,redirect to clean URL,recommended clean URL: https://www.workofarttattoo.com/healing-database-fine-line-day-3/
https://www.workofarttattoo.com/healing_database_fine_line_day_4_las_vegas/,healing_database_fine_line_day_4_las_vegas/code.html,guide,Fine Line Tattoo Healing — Day 4 | Work of Art,Fine Line Tattoo Healing — Day 4,https://www.workofarttattoo.com/healing_database_fine_line_day_4_las_vegas/,index,tattoo,local service research,Joshua Cole,Joshua Cole,,,redirect to clean URL,recommended clean URL: https://www.workofarttattoo.com/healing-database-fine-line-day-4/
https://www.workofarttattoo.com/healing_database_fine_line_month_1_las_vegas/,healing_database_fine_line_month_1_las_vegas/code.html,guide,Fine Line Tattoo Healing — Month 1 | Work of Art,Fine Line Tattoo Healing — Month 1,https://www.workofarttattoo.com/healing_database_fine_line_month_1_las_vegas/,index,tattoo,local service research,Joshua Cole,Joshua Cole,,,redirect to clean URL,recommended clean URL: https://www.workofarttattoo.com/healing-database-fine-line-month-1/
https://www.workofarttattoo.com/healing_database_fine_line_month_3_las_vegas/,healing_database_fine_line_month_3_las_vegas/code.html,guide,Fine Line Tattoo Healing — Month 3 | Work of Art,Fine Line Tattoo Healing — Month 3,https://www.workofarttattoo.com/healing_database_fine_line_month_3_las_vegas/,index,tattoo,local service research,Joshua Cole,Joshua Cole,,,redirect to clean URL,recommended clean URL: https://www.workofarttattoo.com/healing-database-fine-line-month-3/
https://www.workofarttattoo.com/healing_database_fine_line_month_6_las_vegas/,healing_database_fine_line_month_6_las_vegas/code.html,guide,Fine Line Tattoo Healing — Month 6 | Work of Art,Fine Line Tattoo Healing — Month 6,https://www.workofarttattoo.com/healing_database_fine_line_month_6_las_vegas/,index,tattoo,local service research,Joshua Cole,Joshua Cole,,,redirect to clean URL,recommended clean URL: https://www.workofarttattoo.com/healing-database-fine-line-month-6/
https://www.workofarttattoo.com/healing_database_fine_line_tattoos_las_vegas/,healing_database_fine_line_tattoos_las_vegas/code.html,guide,Fine Line Tattoo Healing Timeline — Las Vegas | Work of Art,Fine Line Tattoo Healing — All Stages,https://www.workofarttattoo.com/healing_database_fine_line_tattoos_las_vegas/,index,tattoo,local service research,Joshua Cole,Joshua Cole,"Las Vegas, NV",,redirect to clean URL,recommended clean URL: https://www.workofarttattoo.com/healing-database-fine-line-tattoos/
https://www.workofarttattoo.com/healing_database_fine_line_week_1_las_vegas/,healing_database_fine_line_week_1_las_vegas/code.html,guide,Fine Line Tattoo Healing — Week 1 | Work of Art,Fine Line Tattoo Healing — Week 1,https://www.workofarttattoo.com/healing_database_fine_line_week_1_las_vegas/,index,tattoo,local service research,Joshua Cole,Joshua Cole,,,redirect to clean URL,recommended clean URL: https://www.workofarttattoo.com/healing-database-fine-line-week-1/
https://www.workofarttattoo.com/healing_database_fine_line_week_2_las_vegas/,healing_database_fine_line_week_2_las_vegas/code.html,guide,Fine Line Tattoo Healing — Week 2 | Work of Art,Fine Line Tattoo Healing — Week 2,https://www.workofarttattoo.com/healing_database_fine_line_week_2_las_vegas/,index,tattoo,local service research,Joshua Cole,Joshua Cole,,,redirect to clean URL,recommended clean URL: https://www.workofarttattoo.com/healing-database-fine-line-week-2/
https://www.workofarttattoo.com/healing_database_fine_line_week_3_las_vegas/,healing_database_fine_line_week_3_las_vegas/code.html,guide,Fine Line Tattoo Healing — Week 3 | Work of Art,Fine Line Tattoo Healing — Week 3,https://www.workofarttattoo.com/healing_database_fine_line_week_3_las_vegas/,index,tattoo,local service research,Joshua Cole,Joshua Cole,,,redirect to clean URL,recommended clean URL: https://www.workofarttattoo.com/healing-database-fine-line-week-3/
https://www.workofarttattoo.com/healing_database_fine_line_year_1_las_vegas/,healing_database_fine_line_year_1_las_vegas/code.html,piercing guide,Fine Line Tattoo Healing — Year 1 | Work of Art,Fine Line Tattoo Healing — Year 1,https://www.workofarttattoo.com/healing_database_fine_line_year_1_las_vegas/,index,piercing,research piercing service,Joshua Cole,Joshua Cole,,,redirect to clean URL,recommended clean URL: https://www.workofarttattoo.com/healing-database-fine-line-year-1/
https://www.workofarttattoo.com/healing_database_neo_traditional_day_1_las_vegas/,healing_database_neo_traditional_day_1_las_vegas/code.html,guide,Neo-Traditional Tattoo Healing — Day 1 | Work of Art,Neo-Traditional Tattoo Healing — Day 1,https://www.workofarttattoo.com/healing_database_neo_traditional_day_1_las_vegas/,index,tattoo,local service research,Joshua Cole,Joshua Cole,,,redirect to clean URL,recommended clean URL: https://www.workofarttattoo.com/healing-database-neo-traditional-day-1/
https://www.workofarttattoo.com/healing_database_neo_traditional_day_2_las_vegas/,healing_database_neo_traditional_day_2_las_vegas/code.html,guide,Neo-Traditional Tattoo Healing — Day 2 | Work of Art,Neo-Traditional Tattoo Healing — Day 2,https://www.workofarttattoo.com/healing_database_neo_traditional_day_2_las_vegas/,index,tattoo,local service research,Joshua Cole,Joshua Cole,,,redirect to clean URL,recommended clean URL: https://www.workofarttattoo.com/healing-database-neo-traditional-day-2/
https://www.workofarttattoo.com/healing_database_neo_traditional_day_3_las_vegas/,healing_database_neo_traditional_day_3_las_vegas/code.html,guide,Neo-Traditional Tattoo Healing — Day 3 | Work of Art,Neo-Traditional Tattoo Healing — Day 3,https://www.workofarttattoo.com/healing_database_neo_traditional_day_3_las_vegas/,index,tattoo,local service research,Joshua Cole,Joshua Cole,,,redirect to clean URL,recommended clean URL: https://www.workofarttattoo.com/healing-database-neo-traditional-day-3/
https://www.workofarttattoo.com/healing_database_neo_traditional_day_4_las_vegas/,healing_database_neo_traditional_day_4_las_vegas/code.html,guide,Neo-Traditional Tattoo Healing — Day 4 | Work of Art,Neo-Traditional Tattoo Healing — Day 4,https://www.workofarttattoo.com/healing_database_neo_traditional_day_4_las_vegas/,index,tattoo,local service research,Joshua Cole,Joshua Cole,,,redirect to clean URL,recommended clean URL: https://www.workofarttattoo.com/healing-database-neo-traditional-day-4/
https://www.workofarttattoo.com/healing_database_neo_traditional_month_1_las_vegas/,healing_database_neo_traditional_month_1_las_vegas/code.html,guide,Neo-Traditional Tattoo Healing — Month 1 | Work of Art,Neo-Traditional Tattoo Healing — Month 1,https://www.workofarttattoo.com/healing_database_neo_traditional_month_1_las_vegas/,index,tattoo,local service research,Joshua Cole,Joshua Cole,,,redirect to clean URL,recommended clean URL: https://www.workofarttattoo.com/healing-database-neo-traditional-month-1/
https://www.workofarttattoo.com/healing_database_neo_traditional_month_3_las_vegas/,healing_database_neo_traditional_month_3_las_vegas/code.html,guide,Neo-Traditional Tattoo Healing — Month 3 | Work of Art,Neo-Traditional Tattoo Healing — Month 3,https://www.workofarttattoo.com/healing_database_neo_traditional_month_3_las_vegas/,index,tattoo,local service research,Joshua Cole,Joshua Cole,,,redirect to clean URL,recommended clean URL: https://www.workofarttattoo.com/healing-database-neo-traditional-month-3/
https://www.workofarttattoo.com/healing_database_neo_traditional_month_6_las_vegas/,healing_database_neo_traditional_month_6_las_vegas/code.html,guide,Neo-Traditional Tattoo Healing — Month 6 | Work of Art,Neo-Traditional Tattoo Healing — Month 6,https://www.workofarttattoo.com/healing_database_neo_traditional_month_6_las_vegas/,index,tattoo,local service research,Joshua Cole,Joshua Cole,,,redirect to clean URL,recommended clean URL: https://www.workofarttattoo.com/healing-database-neo-traditional-month-6/
https://www.workofarttattoo.com/healing_database_neo_traditional_tattoos_las_vegas/,healing_database_neo_traditional_tattoos_las_vegas/code.html,guide,Neo-Traditional Tattoo Healing Timeline — Las Vegas | Work of Art,Neo-Traditional Tattoo Healing — All Stages,https://www.workofarttattoo.com/healing_database_neo_traditional_tattoos_las_vegas/,index,tattoo,local service research,Joshua Cole,Joshua Cole,"Las Vegas, NV",,redirect to clean URL,recommended clean URL: https://www.workofarttattoo.com/healing-database-neo-traditional-tattoos/
https://www.workofarttattoo.com/healing_database_neo_traditional_week_1_las_vegas/,healing_database_neo_traditional_week_1_las_vegas/code.html,guide,Neo-Traditional Tattoo Healing — Week 1 | Work of Art,Neo-Traditional Tattoo Healing — Week 1,https://www.workofarttattoo.com/healing_database_neo_traditional_week_1_las_vegas/,index,tattoo,local service research,Joshua Cole,Joshua Cole,,,redirect to clean URL,recommended clean URL: https://www.workofarttattoo.com/healing-database-neo-traditional-week-1/
https://www.workofarttattoo.com/healing_database_neo_traditional_week_2_las_vegas/,healing_database_neo_traditional_week_2_las_vegas/code.html,guide,Neo-Traditional Tattoo Healing — Week 2 | Work of Art,Neo-Traditional Tattoo Healing — Week 2,https://www.workofarttattoo.com/healing_database_neo_traditional_week_2_las_vegas/,index,tattoo,local service research,Joshua Cole,Joshua Cole,,,redirect to clean URL,recommended clean URL: https://www.workofarttattoo.com/healing-database-neo-traditional-week-2/
https://www.workofarttattoo.com/healing_database_neo_traditional_week_3_las_vegas/,healing_database_neo_traditional_week_3_las_vegas/code.html,guide,Neo-Traditional Tattoo Healing — Week 3 | Work of Art,Neo-Traditional Tattoo Healing — Week 3,https://www.workofarttattoo.com/healing_database_neo_traditional_week_3_las_vegas/,index,tattoo,local service research,Joshua Cole,Joshua Cole,,,redirect to clean URL,recommended clean URL: https://www.workofarttattoo.com/healing-database-neo-traditional-week-3/
https://www.workofarttattoo.com/healing_database_neo_traditional_year_1_las_vegas/,healing_database_neo_traditional_year_1_las_vegas/code.html,piercing guide,Neo-Traditional Tattoo Healing — Year 1 | Work of Art,Neo-Traditional Tattoo Healing — Year 1,https://www.workofarttattoo.com/healing_database_neo_traditional_year_1_las_vegas/,index,piercing,research piercing service,Joshua Cole,Joshua Cole,,,redirect to clean URL,recommended clean URL: https://www.workofarttattoo.com/healing-database-neo-traditional-year-1/
https://www.workofarttattoo.com/healing_database_portraits_day_1_las_vegas/,healing_database_portraits_day_1_las_vegas/code.html,guide,Portraits Tattoo Healing — Day 1 | Work of Art,Portraits Tattoo Healing — Day 1,https://www.workofarttattoo.com/healing_database_portraits_day_1_las_vegas/,index,tattoo,local service research,Joshua Cole,Joshua Cole,,,redirect to clean URL,recommended clean URL: https://www.workofarttattoo.com/healing-database-portraits-day-1/
https://www.workofarttattoo.com/healing_database_portraits_day_2_las_vegas/,healing_database_portraits_day_2_las_vegas/code.html,guide,Portraits Tattoo Healing — Day 2 | Work of Art,Portraits Tattoo Healing — Day 2,https://www.workofarttattoo.com/healing_database_portraits_day_2_las_vegas/,index,tattoo,local service research,Joshua Cole,Joshua Cole,,,redirect to clean URL,recommended clean URL: https://www.workofarttattoo.com/healing-database-portraits-day-2/
https://www.workofarttattoo.com/healing_database_portraits_day_3_las_vegas/,healing_database_portraits_day_3_las_vegas/code.html,guide,Portraits Tattoo Healing — Day 3 | Work of Art,Portraits Tattoo Healing — Day 3,https://www.workofarttattoo.com/healing_database_portraits_day_3_las_vegas/,index,tattoo,local service research,Joshua Cole,Joshua Cole,,,redirect to clean URL,recommended clean URL: https://www.workofarttattoo.com/healing-database-portraits-day-3/
https://www.workofarttattoo.com/healing_database_portraits_day_4_las_vegas/,healing_database_portraits_day_4_las_vegas/code.html,guide,Portraits Tattoo Healing — Day 4 | Work of Art,Portraits Tattoo Healing — Day 4,https://www.workofarttattoo.com/healing_database_portraits_day_4_las_vegas/,index,tattoo,local service research,Joshua Cole,Joshua Cole,,,redirect to clean URL,recommended clean URL: https://www.workofarttattoo.com/healing-database-portraits-day-4/
https://www.workofarttattoo.com/healing_database_portraits_month_1_las_vegas/,healing_database_portraits_month_1_las_vegas/code.html,guide,Portraits Tattoo Healing — Month 1 | Work of Art,Portraits Tattoo Healing — Month 1,https://www.workofarttattoo.com/healing_database_portraits_month_1_las_vegas/,index,tattoo,local service research,Joshua Cole,Joshua Cole,,,redirect to clean URL,recommended clean URL: https://www.workofarttattoo.com/healing-database-portraits-month-1/
https://www.workofarttattoo.com/healing_database_portraits_month_3_las_vegas/,healing_database_portraits_month_3_las_vegas/code.html,guide,Portraits Tattoo Healing — Month 3 | Work of Art,Portraits Tattoo Healing — Month 3,https://www.workofarttattoo.com/healing_database_portraits_month_3_las_vegas/,index,tattoo,local service research,Joshua Cole,Joshua Cole,,,redirect to clean URL,recommended clean URL: https://www.workofarttattoo.com/healing-database-portraits-month-3/
https://www.workofarttattoo.com/healing_database_portraits_month_6_las_vegas/,healing_database_portraits_month_6_las_vegas/code.html,guide,Portraits Tattoo Healing — Month 6 | Work of Art,Portraits Tattoo Healing — Month 6,https://www.workofarttattoo.com/healing_database_portraits_month_6_las_vegas/,index,tattoo,local service research,Joshua Cole,Joshua Cole,,,redirect to clean URL,recommended clean URL: https://www.workofarttattoo.com/healing-database-portraits-month-6/
https://www.workofarttattoo.com/healing_database_portraits_tattoos_las_vegas/,healing_database_portraits_tattoos_las_vegas/code.html,guide,Portraits Tattoo Healing Timeline — Las Vegas | Work of Art,Portraits Tattoo Healing — All Stages,https://www.workofarttattoo.com/healing_database_portraits_tattoos_las_vegas/,index,tattoo,local service research,Joshua Cole,Joshua Cole,"Las Vegas, NV",,redirect to clean URL,recommended clean URL: https://www.workofarttattoo.com/healing-database-portraits-tattoos/
https://www.workofarttattoo.com/healing_database_portraits_week_1_las_vegas/,healing_database_portraits_week_1_las_vegas/code.html,guide,Portraits Tattoo Healing — Week 1 | Work of Art,Portraits Tattoo Healing — Week 1,https://www.workofarttattoo.com/healing_database_portraits_week_1_las_vegas/,index,tattoo,local service research,Joshua Cole,Joshua Cole,,,redirect to clean URL,recommended clean URL: https://www.workofarttattoo.com/healing-database-portraits-week-1/
https://www.workofarttattoo.com/healing_database_portraits_week_2_las_vegas/,healing_database_portraits_week_2_las_vegas/code.html,guide,Portraits Tattoo Healing — Week 2 | Work of Art,Portraits Tattoo Healing — Week 2,https://www.workofarttattoo.com/healing_database_portraits_week_2_las_vegas/,index,tattoo,local service research,Joshua Cole,Joshua Cole,,,redirect to clean URL,recommended clean URL: https://www.workofarttattoo.com/healing-database-portraits-week-2/
https://www.workofarttattoo.com/healing_database_portraits_week_3_las_vegas/,healing_database_portraits_week_3_las_vegas/code.html,guide,Portraits Tattoo Healing — Week 3 | Work of Art,Portraits Tattoo Healing — Week 3,https://www.workofarttattoo.com/healing_database_portraits_week_3_las_vegas/,index,tattoo,local service research,Joshua Cole,Joshua Cole,,,redirect to clean URL,recommended clean URL: https://www.workofarttattoo.com/healing-database-portraits-week-3/
https://www.workofarttattoo.com/healing_database_portraits_year_1_las_vegas/,healing_database_portraits_year_1_las_vegas/code.html,piercing guide,Portraits Tattoo Healing — Year 1 | Work of Art,Portraits Tattoo Healing — Year 1,https://www.workofarttattoo.com/healing_database_portraits_year_1_las_vegas/,index,piercing,research piercing service,Joshua Cole,Joshua Cole,,,redirect to clean URL,recommended clean URL: https://www.workofarttattoo.com/healing-database-portraits-year-1/
https://www.workofarttattoo.com/healing_database_tattoo_day_1_las_vegas/,healing_database_tattoo_day_1_las_vegas/code.html,guide,Tattoo Healing Day 1 — What to Expect | Work of Art,Tattoo Healing Day 1 — What to Expect,https://www.workofarttattoo.com/healing_database_tattoo_day_1_las_vegas/,index,tattoo,local service research,Joshua Cole,Joshua Cole,,,redirect to clean URL,recommended clean URL: https://www.workofarttattoo.com/healing-database-tattoo-day-1/
https://www.workofarttattoo.com/healing_database_tattoo_day_2_las_vegas/,healing_database_tattoo_day_2_las_vegas/code.html,guide,Tattoo Healing Day 2 — What to Expect | Work of Art,Tattoo Healing Day 2 — What to Expect,https://www.workofarttattoo.com/healing_database_tattoo_day_2_las_vegas/,index,tattoo,local service research,Joshua Cole,Joshua Cole,,,redirect to clean URL,recommended clean URL: https://www.workofarttattoo.com/healing-database-tattoo-day-2/
https://www.workofarttattoo.com/healing_database_tattoo_day_3_las_vegas/,healing_database_tattoo_day_3_las_vegas/code.html,guide,Tattoo Healing Day 3 — What to Expect | Work of Art,Tattoo Healing Day 3 — What to Expect,https://www.workofarttattoo.com/healing_database_tattoo_day_3_las_vegas/,index,tattoo,local service research,Joshua Cole,Joshua Cole,,,redirect to clean URL,recommended clean URL: https://www.workofarttattoo.com/healing-database-tattoo-day-3/
https://www.workofarttattoo.com/healing_database_tattoo_day_4_las_vegas/,healing_database_tattoo_day_4_las_vegas/code.html,guide,Tattoo Healing Day 4 — What to Expect | Work of Art,Tattoo Healing Day 4 — What to Expect,https://www.workofarttattoo.com/healing_database_tattoo_day_4_las_vegas/,index,tattoo,local service research,Joshua Cole,Joshua Cole,,,redirect to clean URL,recommended clean URL: https://www.workofarttattoo.com/healing-database-tattoo-day-4/
https://www.workofarttattoo.com/healing_database_tattoo_month_1_las_vegas/,healing_database_tattoo_month_1_las_vegas/code.html,guide,Tattoo Healing Month 1 — What to Expect | Work of Art,Tattoo Healing Month 1 — What to Expect,https://www.workofarttattoo.com/healing_database_tattoo_month_1_las_vegas/,index,tattoo,local service research,Joshua Cole,Joshua Cole,,,redirect to clean URL,recommended clean URL: https://www.workofarttattoo.com/healing-database-tattoo-month-1/
https://www.workofarttattoo.com/healing_database_tattoo_month_3_las_vegas/,healing_database_tattoo_month_3_las_vegas/code.html,guide,Tattoo Healing Month 3 — What to Expect | Work of Art,Tattoo Healing Month 3 — What to Expect,https://www.workofarttattoo.com/healing_database_tattoo_month_3_las_vegas/,index,tattoo,local service research,Joshua Cole,Joshua Cole,,,redirect to clean URL,recommended clean URL: https://www.workofarttattoo.com/healing-database-tattoo-month-3/
https://www.workofarttattoo.com/healing_database_tattoo_month_6_las_vegas/,healing_database_tattoo_month_6_las_vegas/code.html,guide,Tattoo Healing Month 6 — What to Expect | Work of Art,Tattoo Healing Month 6 — What to Expect,https://www.workofarttattoo.com/healing_database_tattoo_month_6_las_vegas/,index,tattoo,local service research,Joshua Cole,Joshua Cole,,,redirect to clean URL,recommended clean URL: https://www.workofarttattoo.com/healing-database-tattoo-month-6/
https://www.workofarttattoo.com/healing_database_tattoo_timeline_encyclopedia_las_vegas/,healing_database_tattoo_timeline_encyclopedia_las_vegas/code.html,guide,Tattoo Healing Database — Timeline Encyclopedia | Work of Art,Tattoo Healing Database — Timeline Encyclopedia,https://www.workofarttattoo.com/healing_database_tattoo_timeline_encyclopedia_las_vegas/,index,tattoo,local service research,Joshua Cole,Joshua Cole,,,redirect to clean URL,recommended clean URL: https://www.workofarttattoo.com/healing-database-tattoo-timeline-encyclopedia/
https://www.workofarttattoo.com/healing_database_tattoo_week_1_las_vegas/,healing_database_tattoo_week_1_las_vegas/code.html,guide,Tattoo Healing Week 1 — What to Expect | Work of Art,Tattoo Healing Week 1 — What to Expect,https://www.workofarttattoo.com/healing_database_tattoo_week_1_las_vegas/,index,tattoo,local service research,Joshua Cole,Joshua Cole,,,redirect to clean URL,recommended clean URL: https://www.workofarttattoo.com/healing-database-tattoo-week-1/
https://www.workofarttattoo.com/healing_database_tattoo_week_2_las_vegas/,healing_database_tattoo_week_2_las_vegas/code.html,guide,Tattoo Healing Week 2 — What to Expect | Work of Art,Tattoo Healing Week 2 — What to Expect,https://www.workofarttattoo.com/healing_database_tattoo_week_2_las_vegas/,index,tattoo,local service research,Joshua Cole,Joshua Cole,,,redirect to clean URL,recommended clean URL: https://www.workofarttattoo.com/healing-database-tattoo-week-2/
https://www.workofarttattoo.com/healing_database_tattoo_week_3_las_vegas/,healing_database_tattoo_week_3_las_vegas/code.html,guide,Tattoo Healing Week 3 — What to Expect | Work of Art,Tattoo Healing Week 3 — What to Expect,https://www.workofarttattoo.com/healing_database_tattoo_week_3_las_vegas/,index,tattoo,local service research,Joshua Cole,Joshua Cole,,,redirect to clean URL,recommended clean URL: https://www.workofarttattoo.com/healing-database-tattoo-week-3/
https://www.workofarttattoo.com/healing_database_tattoo_year_1_las_vegas/,healing_database_tattoo_year_1_las_vegas/code.html,piercing guide,Tattoo Healing Year 1 — What to Expect | Work of Art,Tattoo Healing Year 1 — What to Expect,https://www.workofarttattoo.com/healing_database_tattoo_year_1_las_vegas/,index,piercing,research piercing service,Joshua Cole,Joshua Cole,,,redirect to clean URL,recommended clean URL: https://www.workofarttattoo.com/healing-database-tattoo-year-1/
https://www.workofarttattoo.com/healing_database_traditional_day_1_las_vegas/,healing_database_traditional_day_1_las_vegas/code.html,guide,Traditional Tattoo Healing — Day 1 | Work of Art,Traditional Tattoo Healing — Day 1,https://www.workofarttattoo.com/healing_database_traditional_day_1_las_vegas/,index,tattoo,local service research,Joshua Cole,Joshua Cole,,,redirect to clean URL,recommended clean URL: https://www.workofarttattoo.com/healing-database-traditional-day-1/
https://www.workofarttattoo.com/healing_database_traditional_day_2_las_vegas/,healing_database_traditional_day_2_las_vegas/code.html,guide,Traditional Tattoo Healing — Day 2 | Work of Art,Traditional Tattoo Healing — Day 2,https://www.workofarttattoo.com/healing_database_traditional_day_2_las_vegas/,index,tattoo,local service research,Joshua Cole,Joshua Cole,,,redirect to clean URL,recommended clean URL: https://www.workofarttattoo.com/healing-database-traditional-day-2/
https://www.workofarttattoo.com/healing_database_traditional_day_3_las_vegas/,healing_database_traditional_day_3_las_vegas/code.html,guide,Traditional Tattoo Healing — Day 3 | Work of Art,Traditional Tattoo Healing — Day 3,https://www.workofarttattoo.com/healing_database_traditional_day_3_las_vegas/,index,tattoo,local service research,Joshua Cole,Joshua Cole,,,redirect to clean URL,recommended clean URL: https://www.workofarttattoo.com/healing-database-traditional-day-3/
https://www.workofarttattoo.com/healing_database_traditional_day_4_las_vegas/,healing_database_traditional_day_4_las_vegas/code.html,guide,Traditional Tattoo Healing — Day 4 | Work of Art,Traditional Tattoo Healing — Day 4,https://www.workofarttattoo.com/healing_database_traditional_day_4_las_vegas/,index,tattoo,local service research,Joshua Cole,Joshua Cole,,,redirect to clean URL,recommended clean URL: https://www.workofarttattoo.com/healing-database-traditional-day-4/
https://www.workofarttattoo.com/healing_database_traditional_month_1_las_vegas/,healing_database_traditional_month_1_las_vegas/code.html,guide,Traditional Tattoo Healing — Month 1 | Work of Art,Traditional Tattoo Healing — Month 1,https://www.workofarttattoo.com/healing_database_traditional_month_1_las_vegas/,index,tattoo,local service research,Joshua Cole,Joshua Cole,,,redirect to clean URL,recommended clean URL: https://www.workofarttattoo.com/healing-database-traditional-month-1/
https://www.workofarttattoo.com/healing_database_traditional_month_3_las_vegas/,healing_database_traditional_month_3_las_vegas/code.html,guide,Traditional Tattoo Healing — Month 3 | Work of Art,Traditional Tattoo Healing — Month 3,https://www.workofarttattoo.com/healing_database_traditional_month_3_las_vegas/,index,tattoo,local service research,Joshua Cole,Joshua Cole,,,redirect to clean URL,recommended clean URL: https://www.workofarttattoo.com/healing-database-traditional-month-3/
https://www.workofarttattoo.com/healing_database_traditional_month_6_las_vegas/,healing_database_traditional_month_6_las_vegas/code.html,guide,Traditional Tattoo Healing — Month 6 | Work of Art,Traditional Tattoo Healing — Month 6,https://www.workofarttattoo.com/healing_database_traditional_month_6_las_vegas/,index,tattoo,local service research,Joshua Cole,Joshua Cole,,,redirect to clean URL,recommended clean URL: https://www.workofarttattoo.com/healing-database-traditional-month-6/
https://www.workofarttattoo.com/healing_database_traditional_tattoos_las_vegas/,healing_database_traditional_tattoos_las_vegas/code.html,guide,Traditional Tattoo Healing Timeline — Las Vegas | Work of Art,Traditional Tattoo Healing — All Stages,https://www.workofarttattoo.com/healing_database_traditional_tattoos_las_vegas/,index,tattoo,local service research,Joshua Cole,Joshua Cole,"Las Vegas, NV",,redirect to clean URL,recommended clean URL: https://www.workofarttattoo.com/healing-database-traditional-tattoos/
https://www.workofarttattoo.com/healing_database_traditional_week_1_las_vegas/,healing_database_traditional_week_1_las_vegas/code.html,guide,Traditional Tattoo Healing — Week 1 | Work of Art,Traditional Tattoo Healing — Week 1,https://www.workofarttattoo.com/healing_database_traditional_week_1_las_vegas/,index,tattoo,local service research,Joshua Cole,Joshua Cole,,,redirect to clean URL,recommended clean URL: https://www.workofarttattoo.com/healing-database-traditional-week-1/
https://www.workofarttattoo.com/healing_database_traditional_week_2_las_vegas/,healing_database_traditional_week_2_las_vegas/code.html,guide,Traditional Tattoo Healing — Week 2 | Work of Art,Traditional Tattoo Healing — Week 2,https://www.workofarttattoo.com/healing_database_traditional_week_2_las_vegas/,index,tattoo,local service research,Joshua Cole,Joshua Cole,,,redirect to clean URL,recommended clean URL: https://www.workofarttattoo.com/healing-database-traditional-week-2/
https://www.workofarttattoo.com/healing_database_traditional_week_3_las_vegas/,healing_database_traditional_week_3_las_vegas/code.html,guide,Traditional Tattoo Healing — Week 3 | Work of Art,Traditional Tattoo Healing — Week 3,https://www.workofarttattoo.com/healing_database_traditional_week_3_las_vegas/,index,tattoo,local service research,Joshua Cole,Joshua Cole,,,redirect to clean URL,recommended clean URL: https://www.workofarttattoo.com/healing-database-traditional-week-3/
https://www.workofarttattoo.com/healing_database_traditional_year_1_las_vegas/,healing_database_traditional_year_1_las_vegas/code.html,piercing guide,Traditional Tattoo Healing — Year 1 | Work of Art,Traditional Tattoo Healing — Year 1,https://www.workofarttattoo.com/healing_database_traditional_year_1_las_vegas/,index,piercing,research piercing service,Joshua Cole,Joshua Cole,,,redirect to clean URL,recommended clean URL: https://www.workofarttattoo.com/healing-database-traditional-year-1/
https://www.workofarttattoo.com/helix-piercing-las-vegas/,helix-piercing-las-vegas/code.html,guide,Helix Piercing Las Vegas | Katelyn Cole | Work of Art,The Complete Helix Piercing Guide,https://www.workofarttattoo.com/helix-piercing-las-vegas/,index,artist,local service research,Joshua Cole,Katelyn Morgen Cole,"Las Vegas, NV",https://www.workofarttattoo.com/helix-piercing-las-vegas/ | https://www.workofarttattoo.com/helix_piercing_las_vegas_authority_guide/,keep,duplicate canonical/title cluster
https://www.workofarttattoo.com/helix_piercing_las_vegas_authority_guide/,helix_piercing_las_vegas_authority_guide/code.html,guide,Helix Piercing — Katelyn Cole | Work of Art Las Vegas | Work of Art,The Complete Helix Piercing Guide,https://www.workofarttattoo.com/helix-piercing-las-vegas/,index,artist,local service research,Joshua Cole,Katelyn Morgen Cole,"Las Vegas, NV",https://www.workofarttattoo.com/helix-piercing-las-vegas/ | https://www.workofarttattoo.com/helix_piercing_las_vegas_authority_guide/,redirect to clean URL,canonical differs from file URL; recommended clean URL: https://www.workofarttattoo.com/helix-piercing/; duplicate canonical/title cluster
https://www.workofarttattoo.com/high_nostril_piercing_las_vegas_authority_guide/,high_nostril_piercing_las_vegas_authority_guide/code.html,guide,High Nostril Piercing — Katelyn Cole | Work of Art Las Vegas | Work of Art,The Complete High Nostril Piercing Guide,https://www.workofarttattoo.com/high_nostril_piercing_las_vegas_authority_guide/,index,artist,local service research,Joshua Cole,Katelyn Morgen Cole,"Las Vegas, NV",,redirect to clean URL,recommended clean URL: https://www.workofarttattoo.com/high-nostril-piercing/
https://www.workofarttattoo.com/home_work_of_art_tattoo_piercing/,home_work_of_art_tattoo_piercing/code.html,piercing guide,Tattoo and Piercing Shop Near the Strip | Work of Art Las Vegas,You're welcome here — questions included.,https://www.workofarttattoo.com/,index,piercing,research piercing service,Joshua Cole,,"Las Vegas, NV",https://www.workofarttattoo.com/ | https://www.workofarttattoo.com/home_work_of_art_tattoo_piercing/,redirect to clean URL,canonical differs from file URL; recommended clean URL: https://www.workofarttattoo.com/home-work-of-art-tattoo-piercing/; duplicate canonical/title cluster
https://www.workofarttattoo.com/how_much_do_tattoos_cost_in_las_vegas_authority_guide/,how_much_do_tattoos_cost_in_las_vegas_authority_guide/code.html,pricing,Tattoo Pricing | Work of Art Las Vegas | Work of Art,How Much Do Tattoos Cost in Las Vegas?,https://www.workofarttattoo.com/how_much_do_tattoos_cost_in_las_vegas_authority_guide/,index,pricing,compare tattoo pricing,Joshua Cole,Joshua Cole,"Las Vegas, NV",,redirect to clean URL,recommended clean URL: https://www.workofarttattoo.com/tattoos/pricing/
https://www.workofarttattoo.com/how_to_choose_a_tattoo_artist_master_selection_guide_2/,how_to_choose_a_tattoo_artist_master_selection_guide_2/code.html,artist,Choosing a Tattoo Artist — Joshua Cole | Work of Art,The Selection of a Masterpiece,https://www.workofarttattoo.com/how_to_choose_a_tattoo_artist_master_selection_guide_2/,index,artist,view artist portfolio and book,Joshua Cole,Joshua Cole,,,redirect to clean URL,recommended clean URL: https://www.workofarttattoo.com/how-to-choose-a-tattoo-artist-2/
https://www.workofarttattoo.com/hypodermis_skin_science_las_vegas_authority_guide/,hypodermis_skin_science_las_vegas_authority_guide/code.html,guide,The Hypodermis — Fat Layer & Tattoo Limits | Work of Art,The Hypodermis — Fat Layer & Tattoo Limits,https://www.workofarttattoo.com/hypodermis_skin_science_las_vegas_authority_guide/,index,tattoo,local service research,Joshua Cole,Joshua Cole,,,redirect to clean URL,recommended clean URL: https://www.workofarttattoo.com/hypodermis-skin-science/
https://www.workofarttattoo.com/image-license/,image-license/code.html,piercing guide,Image License & Usage | Work of Art Tattoo & Piercing,Image License & Usage,https://www.workofarttattoo.com/image-license/,index,piercing,research piercing service,Joshua Cole,,,,keep,
https://www.workofarttattoo.com/industrial_piercing_las_vegas_authority_guide/,industrial_piercing_las_vegas_authority_guide/code.html,guide,Industrial Piercing — Katelyn Cole | Work of Art Las Vegas | Work of Art,The Complete Industrial Piercing Guide,https://www.workofarttattoo.com/industrial_piercing_las_vegas_authority_guide/,index,artist,local service research,Joshua Cole,Katelyn Morgen Cole,"Las Vegas, NV",,redirect to clean URL,recommended clean URL: https://www.workofarttattoo.com/industrial-piercing/
https://www.workofarttattoo.com/jay_jay_artist_portfolio_authentic_masterpieces/,jay_jay_artist_portfolio_authentic_masterpieces/code.html,artist,Jay Jay | Realism Tattoo Artist Las Vegas | Work of Art,Jay Jay - Professional Artist & Rising Star of Las Vegas Realism,https://www.workofarttattoo.com/jay_jay_artist_portfolio_authentic_masterpieces/,index,artist,view artist portfolio and book,Joshua Cole,,"Las Vegas, NV",,redirect to clean URL,recommended clean URL: https://www.workofarttattoo.com/jay-jay-artist-portfolio-authenticpieces/
https://www.workofarttattoo.com/joshua_oil_painting_black_grey_tattoo_aging_las_vegas/,joshua_oil_painting_black_grey_tattoo_aging_las_vegas/code.html,guide,Why Oil Painting Training Shapes How My Black & Grey Tattoos Age | Work of Art,Why Oil Painting Training Shapes How My Black & Grey Tattoos Age,https://www.workofarttattoo.com/joshua_oil_painting_black_grey_tattoo_aging_las_vegas/,index,artist,local service research,Joshua Cole,,,,redirect to clean URL,recommended clean URL: https://www.workofarttattoo.com/joshua-oil-painting-black-grey-tattoo-aging/
https://www.workofarttattoo.com/katelyn_anatomy_matters_las_vegas_authority_guide/,katelyn_anatomy_matters_las_vegas_authority_guide/code.html,guide,Why Anatomy Matters | Work of Art,Why Anatomy Matters,https://www.workofarttattoo.com/katelyn_anatomy_matters_las_vegas_authority_guide/,index,artist,local service research,Joshua Cole,,,,redirect to clean URL,recommended clean URL: https://www.workofarttattoo.com/katelyn-anatomy-matters/
https://www.workofarttattoo.com/katelyn_butterfly_backs_truth_las_vegas_authority_guide/,katelyn_butterfly_backs_truth_las_vegas_authority_guide/code.html,guide,The Truth About Butterfly Backs | Work of Art,The Truth About Butterfly Backs,https://www.workofarttattoo.com/katelyn_butterfly_backs_truth_las_vegas_authority_guide/,index,artist,local service research,Joshua Cole,,,,redirect to clean URL,recommended clean URL: https://www.workofarttattoo.com/katelyn-butterfly-backs-truth/
https://www.workofarttattoo.com/katelyn_cole_piercing_authority_hub_las_vegas/,katelyn_cole_piercing_authority_hub_las_vegas/code.html,guide,Female Piercer Las Vegas | Katelyn Cole Piercing Authority,Katelyn Cole — Female Piercer and Piercing Authority,https://www.workofarttattoo.com/katelyn_cole_piercing_authority_hub_las_vegas/,index,artist,local service research,Joshua Cole,Katelyn Morgen Cole,"Las Vegas, NV",,redirect to clean URL,recommended clean URL: https://www.workofarttattoo.com/katelyn-cole-piercing/
https://www.workofarttattoo.com/katelyn_downsizing_jewelry_las_vegas_authority_guide/,katelyn_downsizing_jewelry_las_vegas_authority_guide/code.html,guide,Downsizing Jewelry | Work of Art,Downsizing Jewelry,https://www.workofarttattoo.com/katelyn_downsizing_jewelry_las_vegas_authority_guide/,index,artist,local service research,Joshua Cole,,,,redirect to clean URL,recommended clean URL: https://www.workofarttattoo.com/katelyn-downsizing-jewelry/
https://www.workofarttattoo.com/katelyn_ear_curation_las_vegas_authority_guide/,katelyn_ear_curation_las_vegas_authority_guide/code.html,guide,How I Curate Ears | Work of Art,How I Curate Ears,https://www.workofarttattoo.com/katelyn_ear_curation_las_vegas_authority_guide/,index,artist,local service research,Joshua Cole,,,,redirect to clean URL,recommended clean URL: https://www.workofarttattoo.com/katelyn-ear-curation/
https://www.workofarttattoo.com/katelyn_gold_vs_titanium_las_vegas_authority_guide/,katelyn_gold_vs_titanium_las_vegas_authority_guide/code.html,guide,Gold vs Titanium | Work of Art,Gold vs Titanium,https://www.workofarttattoo.com/katelyn_implant_grade_titanium_las_vegas_authority_guide/,index,artist,local service research,Joshua Cole,,,https://www.workofarttattoo.com/katelyn_gold_vs_titanium_las_vegas_authority_guide/ | https://www.workofarttattoo.com/katelyn_implant_grade_titanium_las_vegas_authority_guide/,redirect to clean URL,canonical differs from file URL; recommended clean URL: https://www.workofarttattoo.com/katelyn-gold-vs-titanium/; duplicate canonical/title cluster
https://www.workofarttattoo.com/katelyn_implant_grade_titanium_las_vegas_authority_guide/,katelyn_implant_grade_titanium_las_vegas_authority_guide/code.html,guide,Why I Only Use Implant-Grade Titanium | Work of Art,Why I Only Use Implant-Grade Titanium,https://www.workofarttattoo.com/katelyn_implant_grade_titanium_las_vegas_authority_guide/,index,artist,local service research,Joshua Cole,,,https://www.workofarttattoo.com/katelyn_gold_vs_titanium_las_vegas_authority_guide/ | https://www.workofarttattoo.com/katelyn_implant_grade_titanium_las_vegas_authority_guide/,redirect to clean URL,recommended clean URL: https://www.workofarttattoo.com/katelyn-implant-grade-titanium/; duplicate canonical/title cluster
https://www.workofarttattoo.com/katelyn_piercing_minors_las_vegas_authority_guide/,katelyn_piercing_minors_las_vegas_authority_guide/code.html,guide,How I Pierce Minors | Work of Art,How I Pierce Minors,https://www.workofarttattoo.com/katelyn_piercing_minors_las_vegas_authority_guide/,index,artist,local service research,Joshua Cole,,,,redirect to clean URL,recommended clean URL: https://www.workofarttattoo.com/katelyn-piercing-minors/
https://www.workofarttattoo.com/katelyn_sleeping_on_helix_las_vegas_authority_guide/,katelyn_sleeping_on_helix_las_vegas_authority_guide/code.html,guide,Sleeping on a Helix | Work of Art,Sleeping on a Helix,https://www.workofarttattoo.com/katelyn_sleeping_on_helix_las_vegas_authority_guide/,index,artist,local service research,Joshua Cole,,,,redirect to clean URL,recommended clean URL: https://www.workofarttattoo.com/katelyn-sleeping-on-helix/
https://www.workofarttattoo.com/katelyn_threadless_jewelry_las_vegas_authority_guide/,katelyn_threadless_jewelry_las_vegas_authority_guide/code.html,guide,Threadless Jewelry Explained | Work of Art,Threadless Jewelry Explained,https://www.workofarttattoo.com/katelyn_threadless_jewelry_las_vegas_authority_guide/,index,artist,local service research,Joshua Cole,,,,redirect to clean URL,recommended clean URL: https://www.workofarttattoo.com/katelyn-threadless-jewelry/
https://www.workofarttattoo.com/katelyn_why_piercings_reject_las_vegas_authority_guide/,katelyn_why_piercings_reject_las_vegas_authority_guide/code.html,guide,Why Some Piercings Reject | Work of Art,Why Some Piercings Reject,https://www.workofarttattoo.com/katelyn_why_piercings_reject_las_vegas_authority_guide/,index,artist,local service research,Joshua Cole,,,,redirect to clean URL,recommended clean URL: https://www.workofarttattoo.com/katelyn-why-piercings-reject/
https://www.workofarttattoo.com/knowledge/,knowledge/code.html,piercing guide,Tattoo & Piercing Knowledge Base | Work of Art Las Vegas,Knowledge Base,https://www.workofarttattoo.com/knowledge/,index,piercing,research piercing service,,,"Las Vegas, NV",,keep,
https://www.workofarttattoo.com/knowledge/best-soap-for-tattoo-aftercare/,knowledge/best-soap-for-tattoo-aftercare/code.html,guide,What soap is safe for washing a new tattoo? | Work of Art Knowledge,What soap is safe for washing a new tattoo?,https://www.workofarttattoo.com/knowledge/best-soap-for-tattoo-aftercare/,index,tattoo,local service research,,,,,keep,
https://www.workofarttattoo.com/knowledge/black-and-grey-realism-explained/,knowledge/black-and-grey-realism-explained/code.html,guide,What is black and grey realism tattooing? | Work of Art Knowledge,What is black and grey realism tattooing?,https://www.workofarttattoo.com/knowledge/black-and-grey-realism-explained/,index,tattoo,local service research,,,,,keep,
https://www.workofarttattoo.com/knowledge/can-you-get-tattoo-while-breastfeeding/,knowledge/can-you-get-tattoo-while-breastfeeding/code.html,guide,Is it safe to get a tattoo while breastfeeding? | Work of Art Knowledge,Is it safe to get a tattoo while breastfeeding?,https://www.workofarttattoo.com/knowledge/can-you-get-tattoo-while-breastfeeding/,index,tattoo,local service research,,,,,keep,
https://www.workofarttattoo.com/knowledge/can-you-swim-after-ear-piercing/,knowledge/can-you-swim-after-ear-piercing/code.html,piercing guide,When can I swim after a new ear piercing? | Work of Art Knowledge,When can I swim after a new ear piercing?,https://www.workofarttattoo.com/knowledge/can-you-swim-after-ear-piercing/,index,piercing,research piercing service,,,,,keep,
https://www.workofarttattoo.com/knowledge/cover-up-tattoo-consultation-what-happens/,knowledge/cover-up-tattoo-consultation-what-happens/code.html,guide,What happens at a cover-up tattoo consultation? | Work of Art Knowledge,What happens at a cover-up tattoo consultation?,https://www.workofarttattoo.com/knowledge/cover-up-tattoo-consultation-what-happens/,index,tattoo,local service research,,,,,keep,
https://www.workofarttattoo.com/knowledge/ear-curation-multiple-piercings-planning/,knowledge/ear-curation-multiple-piercings-planning/code.html,piercing guide,What is ear curation and how are multiple piercings planned? | Work of Art Knowledge,What is ear curation and how are multiple piercings planned?,https://www.workofarttattoo.com/knowledge/ear-curation-multiple-piercings-planning/,index,piercing,research piercing service,,,,,keep,
https://www.workofarttattoo.com/knowledge/fine-line-tattoo-longevity/,knowledge/fine-line-tattoo-longevity/code.html,guide,Do fine line tattoos last? | Work of Art Knowledge,Do fine line tattoos last?,https://www.workofarttattoo.com/knowledge/fine-line-tattoo-longevity/,index,tattoo,local service research,,,,,keep,
https://www.workofarttattoo.com/knowledge/fine-line-tattoo-pain-level/,knowledge/fine-line-tattoo-pain-level/code.html,guide,Do fine line tattoos hurt less? | Work of Art Knowledge,Do fine line tattoos hurt less?,https://www.workofarttattoo.com/knowledge/fine-line-tattoo-pain-level/,index,tattoo,local service research,,,,,keep,
https://www.workofarttattoo.com/knowledge/first-tattoo-tips-before-you-book/,knowledge/first-tattoo-tips-before-you-book/code.html,guide,What should I know before my first tattoo? | Work of Art Knowledge,What should I know before my first tattoo?,https://www.workofarttattoo.com/knowledge/first-tattoo-tips-before-you-book/,index,tattoo,local service research,,,,,keep,
https://www.workofarttattoo.com/knowledge/how-dark-can-cover-up-tattoo-be/,knowledge/how-dark-can-cover-up-tattoo-be/code.html,guide,How dark can a cover-up tattoo be compared to the old tattoo? | Work of Art Knowledge,How dark can a cover-up tattoo be compared to the old tattoo?,https://www.workofarttattoo.com/knowledge/how-dark-can-cover-up-tattoo-be/,index,tattoo,local service research,,,,,keep,
https://www.workofarttattoo.com/knowledge/how-long-piercing-heals/,knowledge/how-long-piercing-heals/code.html,piercing guide,How long do ear piercings take to heal? | Work of Art Knowledge,How long do ear piercings take to heal?,https://www.workofarttattoo.com/knowledge/how-long-piercing-heals/,index,piercing,research piercing service,,,,,keep,
https://www.workofarttattoo.com/knowledge/how-long-tattoo-session-last/,knowledge/how-long-tattoo-session-last/code.html,guide,How long does a tattoo session usually last? | Work of Art Knowledge,How long does a tattoo session usually last?,https://www.workofarttattoo.com/knowledge/how-long-tattoo-session-last/,index,tattoo,local service research,,,,,keep,
https://www.workofarttattoo.com/knowledge/how-much-does-tattoo-cost-las-vegas/,knowledge/how-much-does-tattoo-cost-las-vegas/code.html,pricing,How much do tattoos cost in Las Vegas? | Work of Art Knowledge,How much do tattoos cost in Las Vegas?,https://www.workofarttattoo.com/knowledge/how-much-does-tattoo-cost-las-vegas/,index,pricing,compare tattoo pricing,,,"Las Vegas, NV",,keep,
https://www.workofarttattoo.com/knowledge/how-often-wash-new-tattoo/,knowledge/how-often-wash-new-tattoo/code.html,guide,How often should I wash a new tattoo? | Work of Art Knowledge,How often should I wash a new tattoo?,https://www.workofarttattoo.com/knowledge/how-often-wash-new-tattoo/,index,tattoo,local service research,,,,,keep,
https://www.workofarttattoo.com/knowledge/how-to-compare-tattoo-studios/,knowledge/how-to-compare-tattoo-studios/code.html,guide,How should I compare tattoo studios in Las Vegas? | Work of Art Knowledge,How should I compare tattoo studios in Las Vegas?,https://www.workofarttattoo.com/knowledge/how-to-compare-tattoo-studios/,index,tattoo,local service research,,,"Las Vegas, NV",,keep,
https://www.workofarttattoo.com/knowledge/implant-grade-titanium-vs-surgical-steel/,knowledge/implant-grade-titanium-vs-surgical-steel/code.html,piercing guide,What is the difference between titanium and surgical steel piercing jewelry? | Work of Art Knowledge,What is the difference between titanium and surgical steel piercing jewelry?,https://www.workofarttattoo.com/knowledge/implant-grade-titanium-vs-surgical-steel/,index,piercing,research piercing service,Katelyn Cole,,,,keep,
https://www.workofarttattoo.com/knowledge/least-painful-tattoo-placements/,knowledge/least-painful-tattoo-placements/code.html,guide,What are the least painful tattoo placements? | Work of Art Knowledge,What are the least painful tattoo placements?,https://www.workofarttattoo.com/knowledge/least-painful-tattoo-placements/,index,tattoo,local service research,,,,,keep,
https://www.workofarttattoo.com/knowledge/luxury-studio-vs-strip-walk-in/,knowledge/luxury-studio-vs-strip-walk-in/code.html,guide,How is a premium tattoo studio different from a Strip walk-in shop? | Work of Art Knowledge,How is a premium tattoo studio different from a Strip walk-in shop?,https://www.workofarttattoo.com/knowledge/luxury-studio-vs-strip-walk-in/,index,tattoo,local service research,,,,,keep,
https://www.workofarttattoo.com/knowledge/most-painful-tattoo-placements/,knowledge/most-painful-tattoo-placements/code.html,guide,What are the most painful places to get a tattoo? | Work of Art Knowledge,What are the most painful places to get a tattoo?,https://www.workofarttattoo.com/knowledge/most-painful-tattoo-placements/,index,tattoo,local service research,,,,,keep,
https://www.workofarttattoo.com/knowledge/piercing-bump-vs-infection/,knowledge/piercing-bump-vs-infection/code.html,piercing guide,Is a bump on my piercing an infection or irritation? | Work of Art Knowledge,Is a bump on my piercing an infection or irritation?,https://www.workofarttattoo.com/knowledge/piercing-bump-vs-infection/,index,piercing,research piercing service,,,,,keep,
https://www.workofarttattoo.com/knowledge/sleeping-with-new-tattoo-tips/,knowledge/sleeping-with-new-tattoo-tips/code.html,guide,How should I sleep with a new tattoo? | Work of Art Knowledge,How should I sleep with a new tattoo?,https://www.workofarttattoo.com/knowledge/sleeping-with-new-tattoo-tips/,index,tattoo,local service research,,,,,keep,
https://www.workofarttattoo.com/knowledge/sleeve-tattoo-how-many-sessions/,knowledge/sleeve-tattoo-how-many-sessions/code.html,guide,How many sessions does a full sleeve tattoo take? | Work of Art Knowledge,How many sessions does a full sleeve tattoo take?,https://www.workofarttattoo.com/knowledge/sleeve-tattoo-how-many-sessions/,index,tattoo,local service research,,,,,keep,
https://www.workofarttattoo.com/knowledge/tattoo-aftercare-lotion-vs-ointment/,knowledge/tattoo-aftercare-lotion-vs-ointment/code.html,guide,Should I use lotion or ointment on a healing tattoo? | Work of Art Knowledge,Should I use lotion or ointment on a healing tattoo?,https://www.workofarttattoo.com/knowledge/tattoo-aftercare-lotion-vs-ointment/,index,tattoo,local service research,,,,,keep,
https://www.workofarttattoo.com/knowledge/tattoo-aging-and-fading-over-time/,knowledge/tattoo-aging-and-fading-over-time/code.html,guide,Do tattoos fade as you age? | Work of Art Knowledge,Do tattoos fade as you age?,https://www.workofarttattoo.com/knowledge/tattoo-aging-and-fading-over-time/,index,tattoo,local service research,,,,,keep,
https://www.workofarttattoo.com/knowledge/tattoo-and-blood-donation-wait/,knowledge/tattoo-and-blood-donation-wait/code.html,guide,How long after a tattoo must I wait to donate blood? | Work of Art Knowledge,How long after a tattoo must I wait to donate blood?,https://www.workofarttattoo.com/knowledge/tattoo-and-blood-donation-wait/,index,tattoo,local service research,,,,,keep,
https://www.workofarttattoo.com/knowledge/tattoo-consultation-what-to-bring/,knowledge/tattoo-consultation-what-to-bring/code.html,guide,What should I bring to a tattoo consultation? | Work of Art Knowledge,What should I bring to a tattoo consultation?,https://www.workofarttattoo.com/knowledge/tattoo-consultation-what-to-bring/,index,tattoo,local service research,,,,,keep,
https://www.workofarttattoo.com/knowledge/tattoo-cover-up-laser-first/,knowledge/tattoo-cover-up-laser-first/code.html,guide,Do I need laser removal before a cover-up tattoo? | Work of Art Knowledge,Do I need laser removal before a cover-up tattoo?,https://www.workofarttattoo.com/knowledge/tattoo-cover-up-laser-first/,index,tattoo,local service research,,,,,keep,
https://www.workofarttattoo.com/knowledge/tattoo-deposit-policy-why-required/,knowledge/tattoo-deposit-policy-why-required/code.html,guide,Why do tattoo shops require a deposit? | Work of Art Knowledge,Why do tattoo shops require a deposit?,https://www.workofarttattoo.com/knowledge/tattoo-deposit-policy-why-required/,index,tattoo,local service research,,,,,keep,
https://www.workofarttattoo.com/knowledge/tattoo-etiquette-studio-behavior/,knowledge/tattoo-etiquette-studio-behavior/code.html,guide,What is proper etiquette at a tattoo studio? | Work of Art Knowledge,What is proper etiquette at a tattoo studio?,https://www.workofarttattoo.com/knowledge/tattoo-etiquette-studio-behavior/,index,tattoo,local service research,,,,,keep,
https://www.workofarttattoo.com/knowledge/tattoo-flying-after-session/,knowledge/tattoo-flying-after-session/code.html,guide,Can I fly after getting a tattoo? | Work of Art Knowledge,Can I fly after getting a tattoo?,https://www.workofarttattoo.com/knowledge/tattoo-flying-after-session/,index,tattoo,local service research,,,,,keep,
https://www.workofarttattoo.com/knowledge/tattoo-gym-workout-aftercare/,knowledge/tattoo-gym-workout-aftercare/code.html,guide,When can I exercise after getting a tattoo? | Work of Art Knowledge,When can I exercise after getting a tattoo?,https://www.workofarttattoo.com/knowledge/tattoo-gym-workout-aftercare/,index,tattoo,local service research,,,,,keep,
https://www.workofarttattoo.com/knowledge/tattoo-healing-itching-desert-climate/,knowledge/tattoo-healing-itching-desert-climate/code.html,guide,Why does my tattoo itch while healing? | Work of Art Knowledge,Why does my tattoo itch while healing?,https://www.workofarttattoo.com/knowledge/tattoo-healing-itching-desert-climate/,index,tattoo,local service research,,,,,keep,
https://www.workofarttattoo.com/knowledge/tattoo-healing-peeling-las-vegas/,knowledge/tattoo-healing-peeling-las-vegas/code.html,guide,Is tattoo peeling normal during healing in Las Vegas? | Work of Art Knowledge,Is tattoo peeling normal during healing in Las Vegas?,https://www.workofarttattoo.com/knowledge/tattoo-healing-peeling-las-vegas/,index,tattoo,local service research,,,"Las Vegas, NV",,keep,
https://www.workofarttattoo.com/knowledge/tattoo-infection-signs-when-to-see-doctor/,knowledge/tattoo-infection-signs-when-to-see-doctor/code.html,guide,How do I know if my tattoo is infected? | Work of Art Knowledge,How do I know if my tattoo is infected?,https://www.workofarttattoo.com/knowledge/tattoo-infection-signs-when-to-see-doctor/,index,tattoo,local service research,,,,,keep,
https://www.workofarttattoo.com/knowledge/tattoo-mri-with-ink/,knowledge/tattoo-mri-with-ink/code.html,guide,Are tattoos safe for MRI scans? | Work of Art Knowledge,Are tattoos safe for MRI scans?,https://www.workofarttattoo.com/knowledge/tattoo-mri-with-ink/,index,tattoo,local service research,,,,,keep,
https://www.workofarttattoo.com/knowledge/tattoo-on-ribs-recovery/,knowledge/tattoo-on-ribs-recovery/code.html,guide,How painful are rib tattoos and how long do they take to heal? | Work of Art Knowledge,How painful are rib tattoos and how long do they take to heal?,https://www.workofarttattoo.com/knowledge/tattoo-on-ribs-recovery/,index,tattoo,local service research,,,,,keep,
https://www.workofarttattoo.com/knowledge/tattoo-over-scar-tissue/,knowledge/tattoo-over-scar-tissue/code.html,guide,Can you tattoo over scar tissue? | Work of Art Knowledge,Can you tattoo over scar tissue?,https://www.workofarttattoo.com/knowledge/tattoo-over-scar-tissue/,index,tattoo,local service research,,,,,keep,
https://www.workofarttattoo.com/knowledge/tattoo-scabbing-normal-or-problem/,knowledge/tattoo-scabbing-normal-or-problem/code.html,guide,Is scabbing on a new tattoo normal? | Work of Art Knowledge,Is scabbing on a new tattoo normal?,https://www.workofarttattoo.com/knowledge/tattoo-scabbing-normal-or-problem/,index,tattoo,local service research,,,,,keep,
https://www.workofarttattoo.com/knowledge/tattoo-second-skin-saniderm-how-long/,knowledge/tattoo-second-skin-saniderm-how-long/code.html,guide,How long should I keep second skin (Saniderm) on a tattoo? | Work of Art Knowledge,How long should I keep second skin (Saniderm) on a tattoo?,https://www.workofarttattoo.com/knowledge/tattoo-second-skin-saniderm-how-long/,index,tattoo,local service research,,,,,keep,
https://www.workofarttattoo.com/knowledge/tattoo-shop-minimum-explained/,knowledge/tattoo-shop-minimum-explained/code.html,guide,What is a tattoo shop minimum? | Work of Art Knowledge,What is a tattoo shop minimum?,https://www.workofarttattoo.com/knowledge/tattoo-shop-minimum-explained/,index,tattoo,local service research,,,,,keep,
https://www.workofarttattoo.com/knowledge/tattoo-shop-near-strip-worth-drive/,knowledge/tattoo-shop-near-strip-worth-drive/code.html,guide,Is it worth leaving the Strip for a tattoo in Las Vegas? | Work of Art Knowledge,Is it worth leaving the Strip for a tattoo in Las Vegas?,https://www.workofarttattoo.com/knowledge/tattoo-shop-near-strip-worth-drive/,index,tattoo,local service research,,,"Las Vegas, NV",,keep,
https://www.workofarttattoo.com/knowledge/tattoo-style-matching-artist/,knowledge/tattoo-style-matching-artist/code.html,artist,How do I match a tattoo style to the right artist? | Work of Art Knowledge,How do I match a tattoo style to the right artist?,https://www.workofarttattoo.com/knowledge/tattoo-style-matching-artist/,index,artist,view artist portfolio and book,,,,,keep,
https://www.workofarttattoo.com/knowledge/tattoo-sunscreen-after-healing-las-vegas/,knowledge/tattoo-sunscreen-after-healing-las-vegas/code.html,guide,When can I use sunscreen on a healed tattoo in Las Vegas? | Work of Art Knowledge,When can I use sunscreen on a healed tattoo in Las Vegas?,https://www.workofarttattoo.com/knowledge/tattoo-sunscreen-after-healing-las-vegas/,index,tattoo,local service research,,,"Las Vegas, NV",,keep,
https://www.workofarttattoo.com/knowledge/tattoo-swimming-after-getting-inked/,knowledge/tattoo-swimming-after-getting-inked/code.html,guide,How long before I can swim after a tattoo? | Work of Art Knowledge,How long before I can swim after a tattoo?,https://www.workofarttattoo.com/knowledge/tattoo-swimming-after-getting-inked/,index,tattoo,local service research,,,,,keep,
https://www.workofarttattoo.com/knowledge/tattoo-tipping-las-vegas/,knowledge/tattoo-tipping-las-vegas/code.html,artist,How much should I tip a tattoo artist in Las Vegas? | Work of Art Knowledge,How much should I tip a tattoo artist in Las Vegas?,https://www.workofarttattoo.com/knowledge/tattoo-tipping-las-vegas/,index,artist,view artist portfolio and book,,,"Las Vegas, NV",,keep,
https://www.workofarttattoo.com/knowledge/tattoo-touch-up-timing/,knowledge/tattoo-touch-up-timing/code.html,guide,When is the right time for a tattoo touch-up? | Work of Art Knowledge,When is the right time for a tattoo touch-up?,https://www.workofarttattoo.com/knowledge/tattoo-touch-up-timing/,index,tattoo,local service research,,,,,keep,
https://www.workofarttattoo.com/knowledge/vegas-tattoo-aftercare-desert-climate/,knowledge/vegas-tattoo-aftercare-desert-climate/code.html,guide,Why is tattoo aftercare different in Las Vegas desert climate? | Work of Art Knowledge,Why is tattoo aftercare different in Las Vegas desert climate?,https://www.workofarttattoo.com/knowledge/vegas-tattoo-aftercare-desert-climate/,index,tattoo,local service research,,,"Las Vegas, NV",,keep,
https://www.workofarttattoo.com/knowledge/walk-in-tattoo-vs-appointment/,knowledge/walk-in-tattoo-vs-appointment/code.html,guide,Should I walk in or book an appointment for a tattoo? | Work of Art Knowledge,Should I walk in or book an appointment for a tattoo?,https://www.workofarttattoo.com/knowledge/walk-in-tattoo-vs-appointment/,index,tattoo,local service research,,,,,keep,
https://www.workofarttattoo.com/knowledge/white-ink-tattoo-facts/,knowledge/white-ink-tattoo-facts/code.html,guide,Do white ink tattoos stay visible? | Work of Art Knowledge,Do white ink tattoos stay visible?,https://www.workofarttattoo.com/knowledge/white-ink-tattoo-facts/,index,tattoo,local service research,,,,,keep,
https://www.workofarttattoo.com/labret_piercing_las_vegas_authority_guide/,labret_piercing_las_vegas_authority_guide/code.html,guide,Labret Piercing — Katelyn Cole | Work of Art Las Vegas | Work of Art,The Complete Labret Piercing Guide,https://www.workofarttattoo.com/labret_piercing_las_vegas_authority_guide/,index,artist,local service research,Joshua Cole,Katelyn Morgen Cole,"Las Vegas, NV",,redirect to clean URL,recommended clean URL: https://www.workofarttattoo.com/labret-piercing/
https://www.workofarttattoo.com/large_scale_projects_variant_a_authentic_art_rotation/,large_scale_projects_variant_a_authentic_art_rotation/code.html,guide,Best Tattoo Styles For Sleeves | Work of Art Tattoo Las Vegas,Best Tattoo Styles for Sleeves and Large Projects,https://www.workofarttattoo.com/large_scale_projects_variant_a_authentic_art_rotation/,index,tattoo,local service research,Joshua Cole,,"Las Vegas, NV",,redirect to clean URL,recommended clean URL: https://www.workofarttattoo.com/large-scale-projects-variant-a-authentic-art-rotation/
https://www.workofarttattoo.com/las-vegas-tattoo-healing-guide/,las-vegas-tattoo-healing-guide/code.html,guide,Tattoo Healing: Fresh vs Healed | Real Studio Results | Work of Art,Fresh vs healed: what your tattoo will look like over time,https://www.workofarttattoo.com/las-vegas-tattoo-healing-guide/,index,tattoo,local service research,Joshua Cole,,,,keep,
https://www.workofarttattoo.com/lip_piercing_las_vegas_authority_guide/,lip_piercing_las_vegas_authority_guide/code.html,piercing guide,"Lip Piercing Las Vegas — Healing, Pain & Aftercare | Work of Art","Lip Piercing Las Vegas — Healing, Pain & Aftercare",https://www.workofarttattoo.com/lip_piercing_las_vegas_authority_guide/,index,piercing,research piercing service,Joshua Cole,,"Las Vegas, NV",,redirect to clean URL,recommended clean URL: https://www.workofarttattoo.com/lip-piercing/
https://www.workofarttattoo.com/macrophages_skin_science_las_vegas_authority_guide/,macrophages_skin_science_las_vegas_authority_guide/code.html,guide,Macrophages — The Immune Cells That Lock Ink In | Work of Art,Macrophages — The Immune Cells That Lock Ink In,https://www.workofarttattoo.com/macrophages_skin_science_las_vegas_authority_guide/,index,tattoo,local service research,Joshua Cole,Joshua Cole,,,redirect to clean URL,recommended clean URL: https://www.workofarttattoo.com/macrophages-skin-science/
https://www.workofarttattoo.com/merchandise/,merchandise/code.html,guide,Merchandise & Original Art | Work of Art Tattoo Las Vegas,Merchandise & one-of-a-kind pieces,https://www.workofarttattoo.com/merchandise/,index,tattoo,local service research,Joshua Cole,,"Las Vegas, NV",,keep,
https://www.workofarttattoo.com/monroe_piercing_las_vegas_authority_guide/,monroe_piercing_las_vegas_authority_guide/code.html,guide,Monroe Piercing — Katelyn Cole | Work of Art Las Vegas | Work of Art,The Complete Monroe Piercing Guide,https://www.workofarttattoo.com/monroe_piercing_las_vegas_authority_guide/,index,artist,local service research,Joshua Cole,Katelyn Morgen Cole,"Las Vegas, NV",,redirect to clean URL,recommended clean URL: https://www.workofarttattoo.com/monroe-piercing/
https://www.workofarttattoo.com/navel_piercing_las_vegas_authority_guide/,navel_piercing_las_vegas_authority_guide/code.html,guide,Navel Piercing — Katelyn Cole | Work of Art Las Vegas | Work of Art,The Complete Navel Piercing Guide,https://www.workofarttattoo.com/navel_piercing_las_vegas_authority_guide/,index,artist,local service research,Joshua Cole,Katelyn Morgen Cole,"Las Vegas, NV",,redirect to clean URL,recommended clean URL: https://www.workofarttattoo.com/navel-piercing/
https://www.workofarttattoo.com/nipple_piercing_las_vegas_authority_guide/,nipple_piercing_las_vegas_authority_guide/code.html,guide,Nipple Piercing — Katelyn Cole | Work of Art Las Vegas | Work of Art,The Complete Nipple Piercing Guide,https://www.workofarttattoo.com/nipple_piercing_las_vegas_authority_guide/,index,artist,local service research,Joshua Cole,Katelyn Morgen Cole,"Las Vegas, NV",,redirect to clean URL,recommended clean URL: https://www.workofarttattoo.com/nipple-piercing/
https://www.workofarttattoo.com/nose_piercing_las_vegas_authority_guide/,nose_piercing_las_vegas_authority_guide/code.html,piercing guide,"Nose Piercing Las Vegas — Healing, Pain & Aftercare | Work of Art","Nose Piercing Las Vegas — Healing, Pain & Aftercare",https://www.workofarttattoo.com/nose_piercing_las_vegas_authority_guide/,index,piercing,research piercing service,Joshua Cole,,"Las Vegas, NV",,redirect to clean URL,recommended clean URL: https://www.workofarttattoo.com/nose-piercing/
https://www.workofarttattoo.com/nostril_piercing_las_vegas_authority_guide/,nostril_piercing_las_vegas_authority_guide/code.html,guide,Nostril Piercing — Katelyn Cole | Work of Art Las Vegas | Work of Art,The Complete Nostril Piercing Guide,https://www.workofarttattoo.com/nostril_piercing_las_vegas_authority_guide/,index,artist,local service research,Joshua Cole,Katelyn Morgen Cole,"Las Vegas, NV",,redirect to clean URL,recommended clean URL: https://www.workofarttattoo.com/nostril-piercing/
https://www.workofarttattoo.com/official_location_hours_contact/,official_location_hours_contact/code.html,piercing guide,Work of Art Tattoo & Piercing — Location & Hours,"Work of Art Tattoo & Piercing — Official Location, Hours & Contact",https://www.workofarttattoo.com/official_location_hours_contact/,index,piercing,research piercing service,Joshua Cole,,,,redirect to clean URL,recommended clean URL: https://www.workofarttattoo.com/visit/
https://www.workofarttattoo.com/offsite_bookings/,offsite_bookings/code.html,guide,Offsite Tattoo Bookings | Private Events | Work of Art Las Vegas,Offsite bookings,https://www.workofarttattoo.com/offsite_bookings/,index,tattoo,local service research,Joshua Cole,,"Las Vegas, NV",,redirect to clean URL,recommended clean URL: https://www.workofarttattoo.com/offsite-bookings/
https://www.workofarttattoo.com/oral_piercing_guide_las_vegas/,oral_piercing_guide_las_vegas/code.html,piercing guide,Oral Piercing Guide Las Vegas | Piercing Shop Near the Strip | Work of Art,Oral Piercing Guide — Las Vegas,https://www.workofarttattoo.com/oral_piercing_guide_las_vegas/,index,piercing,research piercing service,Joshua Cole,Katelyn Morgen Cole,"Las Vegas, NV",,redirect to clean URL,recommended clean URL: https://www.workofarttattoo.com/oral-piercing/
https://www.workofarttattoo.com/orbital_piercing_las_vegas_authority_guide/,orbital_piercing_las_vegas_authority_guide/code.html,guide,Orbital Piercing — Katelyn Cole | Work of Art Las Vegas | Work of Art,The Complete Orbital Piercing Guide,https://www.workofarttattoo.com/orbital_piercing_las_vegas_authority_guide/,index,artist,local service research,Joshua Cole,Katelyn Morgen Cole,"Las Vegas, NV",,redirect to clean URL,recommended clean URL: https://www.workofarttattoo.com/orbital-piercing/
https://www.workofarttattoo.com/philtrum_piercing_las_vegas_authority_guide/,philtrum_piercing_las_vegas_authority_guide/code.html,guide,Medusa (Philtrum) Piercing — Katelyn Cole | Work of Art Las Vegas | Work of Art,The Complete Medusa (Philtrum) Piercing Guide,https://www.workofarttattoo.com/philtrum_piercing_las_vegas_authority_guide/,index,artist,local service research,Joshua Cole,Katelyn Morgen Cole,"Las Vegas, NV",,redirect to clean URL,recommended clean URL: https://www.workofarttattoo.com/philtrum-piercing/
https://www.workofarttattoo.com/piercing-guide-las-vegas/,piercing-guide-las-vegas/code.html,piercing guide,Piercing Las Vegas | Walk-Ins Near the Strip | Work of Art,"Piercing Las Vegas | Complete Guide — Ear, Nose, Body & Book Online",https://www.workofarttattoo.com/piercing-guide-las-vegas/,index,piercing,research piercing service,Joshua Cole,Katelyn Morgen Cole,"Las Vegas, NV",https://www.workofarttattoo.com/piercing-guide-las-vegas/ | https://www.workofarttattoo.com/piercing_types_las_vegas_authority_hub/,keep,duplicate canonical/title cluster
https://www.workofarttattoo.com/piercing_aftercare_desert_climate_las_vegas_expert_guide/,piercing_aftercare_desert_climate_las_vegas_expert_guide/code.html,piercing guide,Piercing Aftercare Las Vegas | Desert Climate Guide — Book Online | Work of Art,Piercing aftercare in the Las Vegas desert,https://www.workofarttattoo.com/piercing_aftercare_desert_climate_las_vegas_expert_guide/,index,piercing,research piercing service,Joshua Cole,Katelyn Morgen Cole,"Las Vegas, NV",,redirect to clean URL,recommended clean URL: https://www.workofarttattoo.com/piercing-aftercare-desert-climate/
https://www.workofarttattoo.com/piercing_aftercare_guide_las_vegas/,piercing_aftercare_guide_las_vegas/code.html,piercing guide,Piercing Aftercare Guide Las Vegas | Piercing Shop Near the Strip | Work of Art,Piercing Aftercare Guide — Las Vegas,https://www.workofarttattoo.com/piercing_aftercare_guide_las_vegas/,index,piercing,research piercing service,Joshua Cole,Katelyn Morgen Cole,"Las Vegas, NV",,redirect to clean URL,recommended clean URL: https://www.workofarttattoo.com/piercing-aftercare/
https://www.workofarttattoo.com/piercing_healing_guide_las_vegas/,piercing_healing_guide_las_vegas/code.html,piercing guide,Piercing Healing Guide Las Vegas | Piercing Shop Near the Strip | Work of Art,Piercing Healing Guide — Las Vegas,https://www.workofarttattoo.com/piercing_healing_guide_las_vegas/,index,piercing,research piercing service,Joshua Cole,Katelyn Morgen Cole,"Las Vegas, NV",,redirect to clean URL,recommended clean URL: https://www.workofarttattoo.com/piercing-healing/
https://www.workofarttattoo.com/piercing_jewelry_guide_las_vegas/,piercing_jewelry_guide_las_vegas/code.html,piercing guide,Implant-Grade Titanium Piercing Jewelry Las Vegas | Work of Art,Piercing Jewelry Guide — Las Vegas,https://www.workofarttattoo.com/piercing_jewelry_guide_las_vegas/,index,piercing,research piercing service,Joshua Cole,Katelyn Morgen Cole,"Las Vegas, NV",,redirect to clean URL,recommended clean URL: https://www.workofarttattoo.com/piercing-jewelry/
https://www.workofarttattoo.com/piercing_types_las_vegas_authority_hub/,piercing_types_las_vegas_authority_hub/code.html,piercing guide,"Piercing Las Vegas | Complete Guide — Ear, Nose, Body & Book Online | Work of Art","Piercing Las Vegas | Complete Guide — Ear, Nose, Body & Book Online",https://www.workofarttattoo.com/piercing-guide-las-vegas/,index,piercing,research piercing service,Joshua Cole,Katelyn Morgen Cole,"Las Vegas, NV",https://www.workofarttattoo.com/piercing-guide-las-vegas/ | https://www.workofarttattoo.com/piercing_types_las_vegas_authority_hub/,redirect to clean URL,canonical differs from file URL; recommended clean URL: https://www.workofarttattoo.com/piercing-types/; duplicate canonical/title cluster
https://www.workofarttattoo.com/psoriasis_skin_science_las_vegas_authority_guide/,psoriasis_skin_science_las_vegas_authority_guide/code.html,guide,Psoriasis & Tattoo Safety | Work of Art,Psoriasis & Tattoo Safety,https://www.workofarttattoo.com/psoriasis_skin_science_las_vegas_authority_guide/,index,tattoo,local service research,Joshua Cole,Joshua Cole,,,redirect to clean URL,recommended clean URL: https://www.workofarttattoo.com/psoriasis-skin-science/
https://www.workofarttattoo.com/real_client_tattoo_timeline_las_vegas/,real_client_tattoo_timeline_las_vegas/code.html,guide,"Real Client Tattoo Timeline — Fresh to 1 Year | Joshua Cole, Las Vegas | Work of Art","Real Client Timeline — One Tattoo, Every Stage",https://www.workofarttattoo.com/real_client_tattoo_timeline_las_vegas/,index,artist,local service research,Joshua Cole,Joshua Cole,"Las Vegas, NV",,redirect to clean URL,recommended clean URL: https://www.workofarttattoo.com/real-client-tattoo-timeline/
https://www.workofarttattoo.com/realism-tattoos-las-vegas/,realism-tattoos-las-vegas/code.html,guide,Black & Grey Realism — Joshua Cole | Work of Art Las Vegas | Work of Art,Realism Tattoo in Las Vegas,https://www.workofarttattoo.com/realism-tattoos-las-vegas/,index,artist,local service research,Joshua Cole,Joshua Cole,"Las Vegas, NV",https://www.workofarttattoo.com/realism-tattoos-las-vegas/ | https://www.workofarttattoo.com/realism_tattoos_las_vegas_master_authority_guide/,redirect to clean URL,recommended clean URL: https://www.workofarttattoo.com/tattoos/realism/; duplicate canonical/title cluster
https://www.workofarttattoo.com/realism_tattoos_las_vegas_master_authority_guide/,realism_tattoos_las_vegas_master_authority_guide/code.html,guide,Black & Grey Realism — Joshua Cole | Work of Art Las Vegas | Work of Art,Realism Tattoo in Las Vegas,https://www.workofarttattoo.com/realism-tattoos-las-vegas/,index,artist,local service research,Joshua Cole,Joshua Cole,"Las Vegas, NV",https://www.workofarttattoo.com/realism-tattoos-las-vegas/ | https://www.workofarttattoo.com/realism_tattoos_las_vegas_master_authority_guide/,redirect to clean URL,canonical differs from file URL; recommended clean URL: https://www.workofarttattoo.com/tattoos/realism/; duplicate canonical/title cluster
https://www.workofarttattoo.com/review_funnel_google_authority_hub/,review_funnel_google_authority_hub/code.html,piercing guide,Leave a Review | Work of Art Tattoo & Piercing,Client reviews & healed work,https://www.workofarttattoo.com/review_funnel_google_authority_hub/,index,piercing,research piercing service,Joshua Cole,,,,redirect to clean URL,recommended clean URL: https://www.workofarttattoo.com/review-funnel-google/
https://www.workofarttattoo.com/reviews_vault_100_verified_masterpieces/,reviews_vault_100_verified_masterpieces/code.html,piercing guide,Leave a Review | Work of Art Tattoo & Piercing,Client reviews & healed work,https://www.workofarttattoo.com/reviews_vault_100_verified_masterpieces/,index,piercing,research piercing service,Joshua Cole,,,,redirect to clean URL,recommended clean URL: https://www.workofarttattoo.com/reviews-vault-100-verifiedpieces/
https://www.workofarttattoo.com/rook_piercing_las_vegas_authority_guide/,rook_piercing_las_vegas_authority_guide/code.html,guide,Rook Piercing — Katelyn Cole | Work of Art Las Vegas | Work of Art,The Complete Rook Piercing Guide,https://www.workofarttattoo.com/rook_piercing_las_vegas_authority_guide/,index,artist,local service research,Joshua Cole,Katelyn Morgen Cole,"Las Vegas, NV",,redirect to clean URL,recommended clean URL: https://www.workofarttattoo.com/rook-piercing/
https://www.workofarttattoo.com/scar_tissue_tattoo_skin_science_las_vegas_authority_guide/,scar_tissue_tattoo_skin_science_las_vegas_authority_guide/code.html,guide,Why Scar Tissue Tattoos Differently | Work of Art,Why Scar Tissue Tattoos Differently,https://www.workofarttattoo.com/scar_tissue_tattoo_skin_science_las_vegas_authority_guide/,index,tattoo,local service research,Joshua Cole,Joshua Cole,,,redirect to clean URL,recommended clean URL: https://www.workofarttattoo.com/scar-tissue-tattoo-skin-science/
https://www.workofarttattoo.com/septum_piercing_las_vegas_authority_guide/,septum_piercing_las_vegas_authority_guide/code.html,guide,Septum Piercing — Katelyn Cole | Work of Art Las Vegas | Work of Art,The Complete Septum Piercing Guide,https://www.workofarttattoo.com/septum_piercing_las_vegas_authority_guide/,index,artist,local service research,Joshua Cole,Katelyn Morgen Cole,"Las Vegas, NV",,redirect to clean URL,recommended clean URL: https://www.workofarttattoo.com/septum-piercing/
https://www.workofarttattoo.com/skin_science_tattoo_dermatology_authority_guide/,skin_science_tattoo_dermatology_authority_guide/code.html,guide,Skin Science for Tattoo Collectors | Work of Art,Skin Science for Tattoo Collectors,https://www.workofarttattoo.com/skin_science_tattoo_dermatology_authority_guide/,index,tattoo,local service research,Joshua Cole,Joshua Cole,,,redirect to clean URL,recommended clean URL: https://www.workofarttattoo.com/skin-science-tattoo-dermatology/
https://www.workofarttattoo.com/skipped_pages_clipboard.html,skipped_pages_clipboard.html,artist,Master Guide: How To Choose A Tattoo Artist | Work of Art,How To Choose A Tattoo Artist,,index,artist,view artist portfolio and book,Joshua Cole,,,https://www.workofarttattoo.com/skipped_pages_clipboard.html | https://www.workofarttattoo.com/skipped_upload_build/how_to_choose_a_tattoo_artist_master_selection_guide_1.html,redirect to clean URL,recommended clean URL: https://www.workofarttattoo.com/skipped-pages-clipboard/; duplicate canonical/title cluster
https://www.workofarttattoo.com/skipped_upload_build/how_to_choose_a_tattoo_artist_master_selection_guide_1.html,skipped_upload_build/how_to_choose_a_tattoo_artist_master_selection_guide_1.html,artist,Master Guide: How To Choose A Tattoo Artist | Work of Art,The Selection of a Masterpiece,,index,artist,view artist portfolio and book,Joshua Cole,,,https://www.workofarttattoo.com/skipped_pages_clipboard.html | https://www.workofarttattoo.com/skipped_upload_build/how_to_choose_a_tattoo_artist_master_selection_guide_1.html,redirect to clean URL,recommended clean URL: https://www.workofarttattoo.com/how-to-choose-a-tattoo-artist-1/; duplicate canonical/title cluster
https://www.workofarttattoo.com/skipped_upload_build/large_scale_masterpieces_sleeves_back_pieces_hub.html,skipped_upload_build/large_scale_masterpieces_sleeves_back_pieces_hub.html,guide,Best Tattoo Styles For Sleeves | Work of Art Tattoo Las Vegas,Best Tattoo Styles For Sleeves: A Definitive Guide,,index,tattoo,local service research,Joshua Cole,,"Las Vegas, NV",,redirect to clean URL,recommended clean URL: https://www.workofarttattoo.com/large-scalepieces-sleeves-back-pieces/
https://www.workofarttattoo.com/skipped_upload_build/walk_in_tattoos_las_vegas_nap_corrected.html,skipped_upload_build/walk_in_tattoos_las_vegas_nap_corrected.html,guide,Walk-In Tattoos Las Vegas | Work of Art Studio,Instant Art. Zero Compromise.,,index,tattoo,local service research,Joshua Cole,,"Las Vegas, NV",,redirect to clean URL,recommended clean URL: https://www.workofarttattoo.com/walk-in-tattoos-nap-corrected/
https://www.workofarttattoo.com/snake_bites_piercing_las_vegas_authority_guide/,snake_bites_piercing_las_vegas_authority_guide/code.html,guide,Snake Bites Piercing — Katelyn Cole | Work of Art Las Vegas | Work of Art,The Complete Snake Bites Piercing Guide,https://www.workofarttattoo.com/snake_bites_piercing_las_vegas_authority_guide/,index,artist,local service research,Joshua Cole,Katelyn Morgen Cole,"Las Vegas, NV",,redirect to clean URL,recommended clean URL: https://www.workofarttattoo.com/snake-bites-piercing/
https://www.workofarttattoo.com/snug_piercing_las_vegas_authority_guide/,snug_piercing_las_vegas_authority_guide/code.html,guide,Snug Piercing — Katelyn Cole | Work of Art Las Vegas | Work of Art,The Complete Snug Piercing Guide,https://www.workofarttattoo.com/snug_piercing_las_vegas_authority_guide/,index,artist,local service research,Joshua Cole,Katelyn Morgen Cole,"Las Vegas, NV",,redirect to clean URL,recommended clean URL: https://www.workofarttattoo.com/snug-piercing/
https://www.workofarttattoo.com/start_here/,start_here/code.html,guide,Start Here | Work of Art Las Vegas,Start Here,https://www.workofarttattoo.com/start_here/,index,tattoo,local service research,Joshua Cole,,"Las Vegas, NV",,redirect to clean URL,recommended clean URL: https://www.workofarttattoo.com/start-here/
https://www.workofarttattoo.com/stretch_marks_skin_science_las_vegas_authority_guide/,stretch_marks_skin_science_las_vegas_authority_guide/code.html,guide,Stretch Marks & Tattoo Planning | Work of Art,Stretch Marks & Tattoo Planning,https://www.workofarttattoo.com/stretch_marks_skin_science_las_vegas_authority_guide/,index,tattoo,local service research,Joshua Cole,Joshua Cole,,,redirect to clean URL,recommended clean URL: https://www.workofarttattoo.com/stretch-marks-skin-science/
https://www.workofarttattoo.com/studio-rules/,studio-rules/code.html,piercing guide,Studio Rules | Work of Art Tattoo & Piercing,Studio Rules,https://www.workofarttattoo.com/studio-rules/,index,piercing,research piercing service,,,,,keep,
https://www.workofarttattoo.com/studio_gallery/,studio_gallery/code.html,piercing guide,"Studio Gallery | Tattoos, Original Art & Piercing | Work of Art Las Vegas",Studio gallery,https://www.workofarttattoo.com/studio_gallery/,index,piercing,research piercing service,Joshua Cole,,"Las Vegas, NV",,redirect to clean URL,recommended clean URL: https://www.workofarttattoo.com/studio-gallery/
https://www.workofarttattoo.com/studio_videos/,studio_videos/code.html,guide,Studio Videos | Tattoo Reels & Client Stories | Work of Art Las Vegas,Studio Videos — Tattoos & Client Stories,https://www.workofarttattoo.com/studio_videos/,index,tattoo,local service research,Joshua Cole,,"Las Vegas, NV",,redirect to clean URL,recommended clean URL: https://www.workofarttattoo.com/studio-videos/
https://www.workofarttattoo.com/surface_piercing_las_vegas_authority_guide/,surface_piercing_las_vegas_authority_guide/code.html,guide,Surface Piercing — Katelyn Cole | Work of Art Las Vegas | Work of Art,The Complete Surface Piercing Guide,https://www.workofarttattoo.com/surface_piercing_las_vegas_authority_guide/,index,artist,local service research,Joshua Cole,Katelyn Morgen Cole,"Las Vegas, NV",,redirect to clean URL,recommended clean URL: https://www.workofarttattoo.com/surface-piercing/
https://www.workofarttattoo.com/tattoo-aftercare-desert-climate/,tattoo-aftercare-desert-climate/code.html,guide,Desert Tattoo Healing — Joshua Cole | Work of Art Las Vegas | Work of Art,Tattoo Healing in Desert Climate,https://www.workofarttattoo.com/tattoo-aftercare-desert-climate/,index,artist,local service research,Joshua Cole,Joshua Cole,"Las Vegas, NV",https://www.workofarttattoo.com/tattoo-aftercare-desert-climate/ | https://www.workofarttattoo.com/tattoo_healing_in_desert_climate_expert_aftercare_guide/,keep,duplicate canonical/title cluster
https://www.workofarttattoo.com/tattoo_healing_before_after_real_results/,tattoo_healing_before_after_real_results/code.html,guide,Tattoo Healing: Fresh vs Healed | Real Studio Results | Work of Art,Fresh vs healed: what your tattoo will look like over time,https://www.workofarttattoo.com/tattoo_healing_before_after_real_results/,index,tattoo,local service research,Joshua Cole,,,,redirect to clean URL,recommended clean URL: https://www.workofarttattoo.com/tattoo-healing-before-after-real-results/
https://www.workofarttattoo.com/tattoo_healing_in_desert_climate_expert_aftercare_guide/,tattoo_healing_in_desert_climate_expert_aftercare_guide/code.html,guide,Desert Tattoo Healing — Joshua Cole | Work of Art Las Vegas | Work of Art,Tattoo Healing in Desert Climate,https://www.workofarttattoo.com/tattoo-aftercare-desert-climate/,index,artist,local service research,Joshua Cole,Joshua Cole,"Las Vegas, NV",https://www.workofarttattoo.com/tattoo-aftercare-desert-climate/ | https://www.workofarttattoo.com/tattoo_healing_in_desert_climate_expert_aftercare_guide/,redirect to clean URL,canonical differs from file URL; recommended clean URL: https://www.workofarttattoo.com/tattoos/aftercare/; duplicate canonical/title cluster
https://www.workofarttattoo.com/tattoo_pain_chart_placement_sensitivity_guide/,tattoo_pain_chart_placement_sensitivity_guide/code.html,guide,Tattoo Pain Chart Las Vegas | Placement Guide | Work of Art,Tattoo pain by placement,https://www.workofarttattoo.com/tattoo_pain_chart_placement_sensitivity_guide/,index,tattoo,local service research,Joshua Cole,,"Las Vegas, NV",,redirect to clean URL,recommended clean URL: https://www.workofarttattoo.com/tattoo-pain-chart-placement-sensitivity/
https://www.workofarttattoo.com/tattoo_shop_enterprise_las_vegas/,tattoo_shop_enterprise_las_vegas/code.html,guide,"Tattoo Shop Near Enterprise, Las Vegas | Work of Art","Tattoo Shop Near Enterprise, Las Vegas",https://www.workofarttattoo.com/tattoo_shop_enterprise_las_vegas/,index,tattoo,local service research,Joshua Cole,,"Las Vegas, NV",,redirect to clean URL,recommended clean URL: https://www.workofarttattoo.com/tattoo-shop-enterprise/
https://www.workofarttattoo.com/tattoo_shop_green_valley_henderson/,tattoo_shop_green_valley_henderson/code.html,guide,Tattoo Shop Near Green Valley & Henderson | Work of Art,Tattoo Shop Near Green Valley & Henderson,https://www.workofarttattoo.com/tattoo_shop_green_valley_henderson/,index,tattoo,local service research,Joshua Cole,,,,redirect to clean URL,recommended clean URL: https://www.workofarttattoo.com/tattoo-shop-green-valley-henderson/
https://www.workofarttattoo.com/tattoo_shop_near_allegiant_stadium_las_vegas/,tattoo_shop_near_allegiant_stadium_las_vegas/code.html,piercing guide,Tattoo Shop Near Allegiant Stadium Las Vegas | Work of Art,Tattoo Shop Near Allegiant Stadium Las Vegas,https://www.workofarttattoo.com/tattoo_shop_near_allegiant_stadium_las_vegas/,index,piercing,research piercing service,Joshua Cole,,"Las Vegas, NV",,redirect to clean URL,recommended clean URL: https://www.workofarttattoo.com/tattoo-shop-near-allegiant-stadium/
https://www.workofarttattoo.com/tattoo_shop_near_las_vegas_airport/,tattoo_shop_near_las_vegas_airport/code.html,piercing guide,Tattoo Shop Near Las Vegas Airport (LAS) | Work of Art,Tattoo Shop Near Las Vegas Airport (LAS),https://www.workofarttattoo.com/tattoo_shop_near_las_vegas_airport/,index,piercing,research piercing service,Joshua Cole,,"Las Vegas, NV",,redirect to clean URL,recommended clean URL: https://www.workofarttattoo.com/tattoo-shop-near-airport/
https://www.workofarttattoo.com/tattoo_shop_near_mgm_grand_las_vegas/,tattoo_shop_near_mgm_grand_las_vegas/code.html,piercing guide,Tattoo Shop Near MGM Grand Las Vegas | Work of Art,Tattoo Shop Near MGM Grand Las Vegas,https://www.workofarttattoo.com/tattoo_shop_near_mgm_grand_las_vegas/,index,piercing,research piercing service,Joshua Cole,,"Las Vegas, NV",,redirect to clean URL,recommended clean URL: https://www.workofarttattoo.com/tattoo-shop-near-mgm-grand/
https://www.workofarttattoo.com/tattoo_shop_near_the_sphere_las_vegas/,tattoo_shop_near_the_sphere_las_vegas/code.html,piercing guide,Tattoo Shop Near The Sphere Las Vegas | Work of Art,Tattoo Shop Near The Sphere Las Vegas,https://www.workofarttattoo.com/tattoo_shop_near_the_sphere_las_vegas/,index,piercing,research piercing service,Joshua Cole,,"Las Vegas, NV",,redirect to clean URL,recommended clean URL: https://www.workofarttattoo.com/tattoo-shop-near-the-sphere/
https://www.workofarttattoo.com/tattoo_shop_near_the_strip_geo_seo_optimized/,tattoo_shop_near_the_strip_geo_seo_optimized/code.html,artist,Tattoo and Piercing Shops Near Me Las Vegas | Strip Area | Work of Art,"Vegas Artistry, No Ego Culture.",https://www.workofarttattoo.com/tattoo_shop_near_the_strip_nap_corrected/,index,artist,view artist portfolio and book,Joshua Cole,,"Las Vegas, NV",https://www.workofarttattoo.com/tattoo_shop_near_the_strip_geo_seo_optimized/ | https://www.workofarttattoo.com/tattoo_shop_near_the_strip_nap_corrected/,redirect to clean URL,canonical differs from file URL; recommended clean URL: https://www.workofarttattoo.com/tattoo-shop-near-the-strip-geo-seo-optimized/; duplicate canonical/title cluster
https://www.workofarttattoo.com/tattoo_shop_near_the_strip_nap_corrected/,tattoo_shop_near_the_strip_nap_corrected/code.html,artist,Tattoo and Piercing Shop Near Me | Near the Strip Las Vegas | Work of Art,"Vegas Artistry, No Ego Culture.",https://www.workofarttattoo.com/tattoo_shop_near_the_strip_nap_corrected/,index,artist,view artist portfolio and book,Joshua Cole,,"Las Vegas, NV",https://www.workofarttattoo.com/tattoo_shop_near_the_strip_geo_seo_optimized/ | https://www.workofarttattoo.com/tattoo_shop_near_the_strip_nap_corrected/,redirect to clean URL,recommended clean URL: https://www.workofarttattoo.com/visit/near-strip/; duplicate canonical/title cluster
https://www.workofarttattoo.com/tattoo_shop_paradise_nevada/,tattoo_shop_paradise_nevada/code.html,guide,"Tattoo Shop in Paradise, Nevada | Work of Art","Tattoo Shop in Paradise, Nevada",https://www.workofarttattoo.com/tattoo_shop_paradise_nevada/,index,tattoo,local service research,Joshua Cole,,,,redirect to clean URL,recommended clean URL: https://www.workofarttattoo.com/visit/paradise/
https://www.workofarttattoo.com/tattoo_shop_spring_valley_las_vegas/,tattoo_shop_spring_valley_las_vegas/code.html,guide,"Tattoo Shop Serving Spring Valley, Las Vegas | Work of Art","Tattoo Shop Serving Spring Valley, Las Vegas",https://www.workofarttattoo.com/tattoo_shop_spring_valley_las_vegas/,index,tattoo,local service research,Joshua Cole,,"Las Vegas, NV",,redirect to clean URL,recommended clean URL: https://www.workofarttattoo.com/tattoo-shop-spring-valley/
https://www.workofarttattoo.com/terms-of-service/,terms-of-service/code.html,piercing guide,Terms of Service | Work of Art Tattoo & Piercing,Terms of Service,https://www.workofarttattoo.com/terms-of-service/,index,piercing,research piercing service,,,,,keep,
https://www.workofarttattoo.com/tongue_piercing_las_vegas_authority_guide/,tongue_piercing_las_vegas_authority_guide/code.html,guide,Tongue (Center) Piercing — Katelyn Cole | Work of Art Las Vegas | Work of Art,The Complete Tongue (Center) Piercing Guide,https://www.workofarttattoo.com/tongue_piercing_las_vegas_authority_guide/,index,artist,local service research,Joshua Cole,Katelyn Morgen Cole,"Las Vegas, NV",,redirect to clean URL,recommended clean URL: https://www.workofarttattoo.com/tongue-piercing/
https://www.workofarttattoo.com/tragus_piercing_las_vegas_authority_guide/,tragus_piercing_las_vegas_authority_guide/code.html,guide,Tragus Piercing — Katelyn Cole | Work of Art Las Vegas | Work of Art,The Complete Tragus Piercing Guide,https://www.workofarttattoo.com/tragus_piercing_las_vegas_authority_guide/,index,artist,local service research,Joshua Cole,Katelyn Morgen Cole,"Las Vegas, NV",,redirect to clean URL,recommended clean URL: https://www.workofarttattoo.com/tragus-piercing/
https://www.workofarttattoo.com/upper_lobe_piercing_las_vegas_authority_guide/,upper_lobe_piercing_las_vegas_authority_guide/code.html,guide,Upper Lobe Piercing — Katelyn Cole | Work of Art Las Vegas | Work of Art,The Complete Upper Lobe Piercing Guide,https://www.workofarttattoo.com/upper_lobe_piercing_las_vegas_authority_guide/,index,artist,local service research,Joshua Cole,Katelyn Morgen Cole,"Las Vegas, NV",,redirect to clean URL,recommended clean URL: https://www.workofarttattoo.com/upper-lobe-piercing/
https://www.workofarttattoo.com/vegas_tattoo_shop_vs_cheap_strip_tattoo_ultimate_comparison/,vegas_tattoo_shop_vs_cheap_strip_tattoo_ultimate_comparison/code.html,pricing,Premium Tattoo & Piercing Studio vs Strip Shops | Work of Art,The High Cost of Cheap Ink: Vegas Studio vs. The Strip,https://www.workofarttattoo.com/vegas_tattoo_shop_vs_cheap_strip_tattoo_ultimate_comparison/,index,pricing,compare tattoo pricing,Joshua Cole,,,,redirect to clean URL,recommended clean URL: https://www.workofarttattoo.com/vegas-tattoo-shop-vs-cheap-strip-tattoo-comparison/
https://www.workofarttattoo.com/vegas_tattoo_shop_vs_cheap_strip_tattoo_what_you_need_to_know/,vegas_tattoo_shop_vs_cheap_strip_tattoo_what_you_need_to_know/code.html,pricing,Vegas Tattoo and Piercing Shop vs Cheap Strip Tattoo | Work of Art Studio,The High Cost of Cheap Ink: Vegas Studio vs. The Strip,https://www.workofarttattoo.com/vegas_tattoo_shop_vs_cheap_strip_tattoo_what_you_need_to_know/,index,pricing,compare tattoo pricing,Joshua Cole,,,,redirect to clean URL,recommended clean URL: https://www.workofarttattoo.com/vegas-tattoo-shop-vs-cheap-strip-tattoo-what-you-need-to-know/
https://www.workofarttattoo.com/vertical_labret_piercing_las_vegas_authority_guide/,vertical_labret_piercing_las_vegas_authority_guide/code.html,guide,Vertical Labret Piercing — Katelyn Cole | Work of Art Las Vegas | Work of Art,The Complete Vertical Labret Piercing Guide,https://www.workofarttattoo.com/vertical_labret_piercing_las_vegas_authority_guide/,index,artist,local service research,Joshua Cole,Katelyn Morgen Cole,"Las Vegas, NV",,redirect to clean URL,recommended clean URL: https://www.workofarttattoo.com/vertical-labret-piercing/
https://www.workofarttattoo.com/walk-in-tattoos-las-vegas/,walk-in-tattoos-las-vegas/code.html,guide,Walk-In & Same-Day Tattoos — Joshua Cole | Work of Art Las Vegas | Work of Art,Instant Art. Zero Compromise.,https://www.workofarttattoo.com/walk-in-tattoos-las-vegas/,index,artist,local service research,Joshua Cole,Joshua Cole,"Las Vegas, NV",https://www.workofarttattoo.com/walk-in-tattoos-las-vegas/ | https://www.workofarttattoo.com/walk_in_tattoos_las_vegas_authority_guide/,redirect to clean URL,recommended clean URL: https://www.workofarttattoo.com/tattoos/walk-ins/; duplicate canonical/title cluster
https://www.workofarttattoo.com/walk_in_tattoos_las_vegas_authority_guide/,walk_in_tattoos_las_vegas_authority_guide/code.html,guide,Walk-In & Same-Day Tattoos — Joshua Cole | Work of Art Las Vegas | Work of Art,Instant Art. Zero Compromise.,https://www.workofarttattoo.com/walk-in-tattoos-las-vegas/,index,artist,local service research,Joshua Cole,Joshua Cole,"Las Vegas, NV",https://www.workofarttattoo.com/walk-in-tattoos-las-vegas/ | https://www.workofarttattoo.com/walk_in_tattoos_las_vegas_authority_guide/,redirect to clean URL,canonical differs from file URL; recommended clean URL: https://www.workofarttattoo.com/tattoos/walk-ins/; duplicate canonical/title cluster
https://www.workofarttattoo.com/why_tattoos_stay_forever_skin_science_las_vegas_authority_guide/,why_tattoos_stay_forever_skin_science_las_vegas_authority_guide/code.html,guide,Why Tattoos Stay Forever | Work of Art,Why Tattoos Stay Forever,https://www.workofarttattoo.com/why_tattoos_stay_forever_skin_science_las_vegas_authority_guide/,index,tattoo,local service research,Joshua Cole,Joshua Cole,,,redirect to clean URL,recommended clean URL: https://www.workofarttattoo.com/why-tattoos-stay-forever-skin-science/
