url,source_file,http_intent,page_type,title,meta_description,h1,canonical,robots,indexable,author,reviewer,primary_topic,primary_intent,local_intent,original_photos,original_video,original_case_study,firsthand_experience,duplicate_cluster,internal_links_in,internal_links_out,recommended_action,notes
https://workofarttattoo.com/aging_skin_skin_science_las_vegas_authority_guide/,aging_skin_skin_science_las_vegas_authority_guide/code.html,static-html-export,tattoo,Aging Skin & Long-Term Tattoo Clarity | Work of Art,"How aging skin affects tattoos — collagen loss, sun damage, placement, and design choices for longevity. Joshua Cole, Work of Art Las Vegas skin science.",Aging Skin & Long-Term Tattoo Clarity,https://workofarttattoo.com/aging_skin_skin_science_las_vegas_authority_guide/,"index, follow, max-snippet:-1, max-image-preview:large",true,Joshua Cole,Katelyn Cole,learn about or book tattoo service/topic: aging skin skin science las vegas authority guide,mixed,high,true,true,true,false,,4,112,KEEP,
https://workofarttattoo.com/anti_eyebrow_piercing_las_vegas_authority_guide/,anti_eyebrow_piercing_las_vegas_authority_guide/code.html,static-html-export,piercing,Anti-Eyebrow Piercing — Katelyn Cole | Work of Art Las Vegas | Work of Art,"Anti-Eyebrow Piercing — Katelyn Cole | Work of Art Las Vegas | Work of Art — Work of Art Tattoo & Piercing, Las Vegas. Custom tattoos, piercing, and…",The Complete Anti-Eyebrow Piercing Guide,https://workofarttattoo.com/anti_eyebrow_piercing_las_vegas_authority_guide/,"index, follow, max-snippet:-1, max-image-preview:large",true,Joshua Cole,Katelyn Cole,learn about or book piercing service: anti eyebrow piercing las vegas authority guide,mixed,high,true,true,true,false,,9,132,KEEP,
https://workofarttattoo.com/anti_tragus_piercing_las_vegas_authority_guide/,anti_tragus_piercing_las_vegas_authority_guide/code.html,static-html-export,piercing,Anti-Tragus Piercing — Katelyn Cole | Work of Art Las Vegas | Work of Art,"Anti-Tragus Piercing — Katelyn Cole | Work of Art Las Vegas | Work of Art — Work of Art Tattoo & Piercing, Las Vegas. Custom tattoos, piercing, and…",The Complete Anti-Tragus Piercing Guide,https://workofarttattoo.com/anti_tragus_piercing_las_vegas_authority_guide/,"index, follow, max-snippet:-1, max-image-preview:large",true,Joshua Cole,Katelyn Cole,learn about or book piercing service: anti tragus piercing las vegas authority guide,mixed,high,true,true,true,false,,3,132,KEEP,
https://workofarttattoo.com/appointments/,appointments/code.html,static-html-export,conversion,Book an Appointment | Work of Art Tattoo & Piercing Las Vegas,"Book tattoo and piercing appointments at Work of Art in Las Vegas — custom tattoos, consults, and walk-ins. 2375 E. Tropicana Ave, Suite 3. (725) 224-1240.",Book your appointment,https://workofarttattoo.com/appointments/,"index, follow, max-snippet:-1, max-image-preview:large",true,Joshua Cole,Katelyn Cole,understand page topic: Book an Appointment | Work of Art Tattoo & Piercing Las Vegas,mixed,medium,true,true,true,false,,1689,101,KEEP,
https://workofarttattoo.com/artists/,artists/code.html,static-html-export,artist,Artists | Work of Art Tattoo & Piercing Las Vegas,"Meet Joshua Cole and Katelyn Cole at Work of Art in Las Vegas — realism tattoo, custom ink, and master piercing. Book at our Tropicana studio.",Artists at Work of Art,https://workofarttattoo.com/artists/,"index, follow, max-snippet:-1, max-image-preview:large",true,Joshua Cole,Katelyn Cole,evaluate and book a specific Work of Art artist,commercial,high,true,true,false,false,,58,13,KEEP,
https://workofarttattoo.com/artists/joshua-cole/,artists/joshua-cole/code.html,static-html-export,artist,Joshua Cole | Realism Tattoo Artist Las Vegas | Work of Art,"Joshua Cole — black and grey realism tattoo artist at Work of Art Las Vegas. Portraits, sleeves, cover-ups. Book a consult.",Joshua Cole — Realism Tattoo Artist Las Vegas,https://workofarttattoo.com/artists/joshua-cole/,"index, follow, max-snippet:-1, max-image-preview:large",true,Joshua Cole,Katelyn Cole,evaluate and book a specific Work of Art artist,commercial,high,true,true,true,false,,512,97,KEEP,
https://workofarttattoo.com/artists/katelyn-cole/,artists/katelyn-cole/code.html,static-html-export,artist,Female Piercer Las Vegas | Katelyn Cole | Work of Art,"Katelyn Cole is a female piercer in Las Vegas at Work of Art near the Strip. Ear curation, implant-grade titanium, calm consults, and anatomy-first piercing.",Katelyn Cole — Female Piercer in Las Vegas,https://workofarttattoo.com/artists/katelyn-cole/,"index, follow, max-snippet:-1, max-image-preview:large",true,Joshua Cole,Katelyn Cole,evaluate and book a specific Work of Art artist,commercial,high,true,true,false,false,,693,102,KEEP,
https://workofarttattoo.com/artists/teralyn/,artists/teralyn/code.html,static-html-export,artist,Teralyn | Fine Line Tattoo Artist Las Vegas | Work of Art,"Meet Teralyn at Work of Art Tattoo & Piercing in Las Vegas. Fineline floral work, script, custom drawings by commission, walk-in tattoos, and flash sheet designs.",Teralyn,https://workofarttattoo.com/artists/teralyn/,"index, follow, max-snippet:-1, max-image-preview:large",true,Teralyn,,evaluate and book a specific Work of Art artist,commercial,high,true,false,false,false,,442,5,KEEP,
https://workofarttattoo.com/best_fine_line_tattoos_in_vegas_ultimate_authority_guide/,best_fine_line_tattoos_in_vegas_ultimate_authority_guide/code.html,static-html-export,tattoo,Fine Line Tattoos in Vegas — Joshua Cole | Work of Art Las Vegas | Work of Art,"Needle-light linework, healed clarity, and how to pick an artist for delicate script and micro-detail. Work of Art Tattoo & Piercing, Las Vegas — E…",Fine Line Tattoos in Vegas,https://workofarttattoo.com/best_fine_line_tattoos_in_vegas_ultimate_authority_guide/,"index, follow, max-snippet:-1, max-image-preview:large",true,Joshua Cole,Katelyn Cole,learn about or book tattoo service/topic: best fine line tattoos in vegas ultimate authority guide,mixed,high,true,true,true,false,,3,103,KEEP,
https://workofarttattoo.com/best_piercing_shop_las_vegas_updated_jewelry_standards/,best_piercing_shop_las_vegas_updated_jewelry_standards/code.html,static-html-export,piercing,Tattoo and Piercing Shop Near the Strip Las Vegas | Work of Art,"Tattoo and piercing shop near the Las Vegas Strip on E. Tropicana. Implant-grade jewelry, sterile piercing, walk-ins when available, and online booking.",Ear Piercing & Body Piercing — Las Vegas,https://workofarttattoo.com/best_piercing_shop_las_vegas_updated_jewelry_standards/,"index, follow, max-snippet:-1, max-image-preview:large",true,Joshua Cole,Katelyn Cole,learn about or book piercing service: best piercing shop las vegas updated jewelry standards,mixed,high,true,true,true,false,,448,112,KEEP,
https://workofarttattoo.com/best_tattoo_styles_for_sleeves_large_scale_project_hub/,best_tattoo_styles_for_sleeves_large_scale_project_hub/code.html,static-html-export,tattoo,Sleeve Tattoo Styles & Planning | Joshua Cole Las Vegas | Work of Art,"Plan a full sleeve tattoo in Las Vegas: style fit, black and grey realism, composition, anatomy, session planning, healed longevity, and consults with Joshua Cole.",Best Tattoo Styles For Sleeves: what to know before you plan,https://workofarttattoo.com/best_tattoo_styles_for_sleeves_large_scale_project_hub/,"index, follow, max-snippet:-1, max-image-preview:large",true,Joshua Cole,Katelyn Cole,learn about or book tattoo service/topic: best tattoo styles for sleeves large scale project hub,mixed,high,true,true,false,false,,466,98,KEEP,
https://workofarttattoo.com/body_piercing_guide_las_vegas/,body_piercing_guide_las_vegas/code.html,static-html-export,piercing,Body Piercing Las Vegas | Consults Near the Strip | Work of Art,"Body piercing in Las Vegas near the Strip with private consults, anatomy checks, implant-grade jewelry, walk-ins when available, and online booking.",Body Piercing Guide — Las Vegas,https://workofarttattoo.com/body_piercing_guide_las_vegas/,"index, follow, max-snippet:-1, max-image-preview:large",true,Joshua Cole,Katelyn Cole,learn about or book piercing service: body piercing guide las vegas,mixed,high,true,true,true,false,,434,108,KEEP,
https://workofarttattoo.com/bridge_piercing_las_vegas_authority_guide/,bridge_piercing_las_vegas_authority_guide/code.html,static-html-export,piercing,Bridge Piercing — Katelyn Cole | Work of Art Las Vegas | Work of Art,"Bridge Piercing — Katelyn Cole | Work of Art Las Vegas | Work of Art — Work of Art Tattoo & Piercing, Las Vegas. Custom tattoos, piercing, and walk-ins…",The Complete Bridge Piercing Guide,https://workofarttattoo.com/bridge_piercing_las_vegas_authority_guide/,"index, follow, max-snippet:-1, max-image-preview:large",true,Joshua Cole,Katelyn Cole,learn about or book piercing service: bridge piercing las vegas authority guide,mixed,high,true,true,true,false,,7,132,KEEP,
https://workofarttattoo.com/cartilage_piercing_las_vegas_authority_guide/,cartilage_piercing_las_vegas_authority_guide/code.html,static-html-export,piercing,"Cartilage (Overview) Piercing Las Vegas — Healing, Pain & Aftercare | Work of Art","Cartilage (Overview) Piercing Las Vegas — Healing, Pain & Aftercare | Work of Art — Work of Art Tattoo & Piercing, Las Vegas. Custom tattoos, piercing…","Cartilage (Overview) Piercing Las Vegas — Healing, Pain & Aftercare",https://workofarttattoo.com/cartilage_piercing_las_vegas_authority_guide/,"index, follow, max-snippet:-1, max-image-preview:large",true,Joshua Cole,Katelyn Cole,learn about or book piercing service: cartilage piercing las vegas authority guide,mixed,high,true,true,true,false,,2,115,KEEP,
https://workofarttattoo.com/,code.html,static-html-export,home,Tattoo and Piercing Shop Near the Strip | Work of Art Las Vegas,"Tattoo and piercing shop near the Las Vegas Strip on E. Tropicana. Walk-ins welcome, free consults, cover-up tattoos, and piercing with Joshua and Katelyn.",You're welcome here — questions included.,https://workofarttattoo.com/,"index, follow, max-snippet:-1, max-image-preview:large",true,Joshua Cole,Katelyn Cole,book tattoo or piercing studio in Las Vegas,commercial,high,true,true,true,false,,1453,137,KEEP,
https://workofarttattoo.com/collagen_skin_science_las_vegas_authority_guide/,collagen_skin_science_las_vegas_authority_guide/code.html,static-html-export,tattoo,Collagen — Structure That Holds Your Tattoo Together | Work of Art,"Collagen and tattoos — dermal scaffold, healing, scarring, and how structure affects line clarity over time. Work of Art Las Vegas skin science.",Collagen — Structure That Holds Your Tattoo Together,https://workofarttattoo.com/collagen_skin_science_las_vegas_authority_guide/,"index, follow, max-snippet:-1, max-image-preview:large",true,Joshua Cole,Katelyn Cole,learn about or book tattoo service/topic: collagen skin science las vegas authority guide,mixed,high,true,true,true,false,,7,112,KEEP,
https://workofarttattoo.com/conch_piercing_las_vegas_authority_guide/,conch_piercing_las_vegas_authority_guide/code.html,static-html-export,piercing,Conch Piercing — Katelyn Cole | Work of Art Las Vegas | Work of Art,"Conch Piercing — Katelyn Cole | Work of Art Las Vegas | Work of Art — Work of Art Tattoo & Piercing, Las Vegas. Custom tattoos, piercing, and walk-ins…",The Complete Conch Piercing Guide,https://workofarttattoo.com/conch_piercing_las_vegas_authority_guide/,"index, follow, max-snippet:-1, max-image-preview:large",true,Joshua Cole,Katelyn Cole,learn about or book piercing service: conch piercing las vegas authority guide,mixed,high,true,true,true,false,,20,132,KEEP,
https://workofarttattoo.com/cover-up-tattoos-las-vegas/,cover-up-tattoos-las-vegas/code.html,static-html-export,tattoo,Cover Up Tattoo Artist Las Vegas | Joshua Cole | Work of Art,"Cover up tattoo artist in Las Vegas near the Strip. Joshua Cole plans cover-ups, scar camouflage, healed proof, pricing, and free consults at Work of Art.",Cover Up Tattoos Las Vegas,https://workofarttattoo.com/cover-up-tattoos-las-vegas/,"index, follow, max-snippet:-1, max-image-preview:large",true,Joshua Cole,Katelyn Cole,learn about or book tattoo service/topic: cover up tattoos las vegas,mixed,high,true,true,true,true,,437,119,KEEP,
https://workofarttattoo.com/cover_up_tattoos_las_vegas_master_authority_guide/,cover_up_tattoos_las_vegas_master_authority_guide/code.html,static-html-export,tattoo,Tattoo Cover-Ups — Joshua Cole | Work of Art Las Vegas | Work of Art,"Cover-up tattoo planning in Las Vegas — real portfolio photos, pricing ranges, and free consult at Work of Art on E. Tropicana. Work of Art Tattoo & Piercing, Las…",Cover Up Tattoos Las Vegas,https://workofarttattoo.com/cover-up-tattoos-las-vegas/,"index, follow, max-snippet:-1, max-image-preview:large",true,Joshua Cole,Katelyn Cole,learn about or book tattoo service/topic: cover up tattoos las vegas master authority guide,mixed,high,true,true,true,false,,34,107,KEEP,not in sitemap
https://workofarttattoo.com/daith_piercing_las_vegas_authority_guide/,daith_piercing_las_vegas_authority_guide/code.html,static-html-export,piercing,Daith Piercing — Katelyn Cole | Work of Art Las Vegas | Work of Art,"Daith Piercing — Katelyn Cole | Work of Art Las Vegas | Work of Art — Work of Art Tattoo & Piercing, Las Vegas. Custom tattoos, piercing, and walk-ins…",The Complete Daith Piercing Guide,https://workofarttattoo.com/daith_piercing_las_vegas_authority_guide/,"index, follow, max-snippet:-1, max-image-preview:large",true,Joshua Cole,Katelyn Cole,learn about or book piercing service: daith piercing las vegas authority guide,mixed,high,true,true,true,false,,14,133,KEEP,
https://workofarttattoo.com/dermis_skin_science_las_vegas_authority_guide/,dermis_skin_science_las_vegas_authority_guide/code.html,static-html-export,tattoo,The Dermis — Where Tattoo Ink Lives | Work of Art,"Tattoo ink sits in the dermis — collagen, blood supply, needle depth, and why too shallow or too deep ruins a piece. Work of Art Las Vegas skin science guide.",The Dermis — Where Tattoo Ink Lives,https://workofarttattoo.com/dermis_skin_science_las_vegas_authority_guide/,"index, follow, max-snippet:-1, max-image-preview:large",true,Joshua Cole,Katelyn Cole,learn about or book tattoo service/topic: dermis skin science las vegas authority guide,mixed,high,true,true,true,false,,7,112,KEEP,
https://workofarttattoo.com/diabetes_skin_science_las_vegas_authority_guide/,diabetes_skin_science_las_vegas_authority_guide/code.html,static-html-export,tattoo,Diabetes — Skin Healing & Tattoo Considerations | Work of Art,"Diabetes and tattoos — healing risk, blood sugar control, neuropathy, and studio requirements. Consult your doctor; Work of Art Las Vegas guide.",Diabetes — Skin Healing & Tattoo Considerations,https://workofarttattoo.com/diabetes_skin_science_las_vegas_authority_guide/,"index, follow, max-snippet:-1, max-image-preview:large",true,Joshua Cole,Katelyn Cole,learn about or book tattoo service/topic: diabetes skin science las vegas authority guide,mixed,high,true,true,true,false,,1,111,KEEP,
https://workofarttattoo.com/ear_curation_piercing_las_vegas_authority_guide/,ear_curation_piercing_las_vegas_authority_guide/code.html,static-html-export,piercing,Ear Curation Piercing — Katelyn Cole | Work of Art Las Vegas | Work of Art,"Ear Curation Piercing — Katelyn Cole | Work of Art Las Vegas | Work of Art — Work of Art Tattoo & Piercing, Las Vegas. Custom tattoos, piercing, and…",The Complete Ear Curation Piercing Guide,https://workofarttattoo.com/ear_curation_piercing_las_vegas_authority_guide/,"index, follow, max-snippet:-1, max-image-preview:large",true,Joshua Cole,Katelyn Cole,learn about or book piercing service: ear curation piercing las vegas authority guide,mixed,high,true,true,true,false,,30,134,KEEP,
https://workofarttattoo.com/ear_lobe_piercing_las_vegas_authority_guide/,ear_lobe_piercing_las_vegas_authority_guide/code.html,static-html-export,piercing,Lobe Piercing — Katelyn Cole | Work of Art Las Vegas | Work of Art,"Lobe Piercing — Katelyn Cole | Work of Art Las Vegas | Work of Art — Work of Art Tattoo & Piercing, Las Vegas. Custom tattoos, piercing, and walk-ins…",The Complete Lobe Piercing Guide,https://workofarttattoo.com/ear_lobe_piercing_las_vegas_authority_guide/,"index, follow, max-snippet:-1, max-image-preview:large",true,Joshua Cole,Katelyn Cole,learn about or book piercing service: ear lobe piercing las vegas authority guide,mixed,high,true,true,true,false,,8,133,KEEP,
https://workofarttattoo.com/ear_piercing_guide_las_vegas/,ear_piercing_guide_las_vegas/code.html,static-html-export,piercing,Ear Piercing Las Vegas | Female Piercer Near the Strip | Work of Art,"Ear piercing in Las Vegas near the Strip with Katelyn Cole. Helix, conch, tragus, lobe, curated ears, walk-ins when available, and booking online.",Ear Piercing Guide — Las Vegas,https://workofarttattoo.com/ear_piercing_guide_las_vegas/,"index, follow, max-snippet:-1, max-image-preview:large",true,Joshua Cole,Katelyn Cole,learn about or book piercing service: ear piercing guide las vegas,mixed,high,true,true,true,false,,463,122,KEEP,
https://workofarttattoo.com/ear_piercing_las_vegas_authority_guide/,ear_piercing_las_vegas_authority_guide/code.html,static-html-export,piercing,"Ear Piercing Las Vegas — Healing, Pain & Aftercare | Work of Art","Ear Piercing Las Vegas — Healing, Pain & Aftercare | Work of Art — Work of Art Tattoo & Piercing, Las Vegas. Custom tattoos, piercing, and walk-ins near…","Ear Piercing Las Vegas — Healing, Pain & Aftercare",https://workofarttattoo.com/ear_piercing_las_vegas_authority_guide/,"index, follow, max-snippet:-1, max-image-preview:large",true,Joshua Cole,Katelyn Cole,learn about or book piercing service: ear piercing las vegas authority guide,mixed,high,true,true,true,false,,0,114,KEEP,
https://workofarttattoo.com/eczema_skin_science_las_vegas_authority_guide/,eczema_skin_science_las_vegas_authority_guide/code.html,static-html-export,tattoo,Eczema (Atopic Dermatitis) & Tattoos | Work of Art,"Eczema and tattoos — flares, barrier repair, when to wait, and studio safety. Consult your dermatologist; Work of Art Las Vegas education guide.",Eczema (Atopic Dermatitis) & Tattoos,https://workofarttattoo.com/eczema_skin_science_las_vegas_authority_guide/,"index, follow, max-snippet:-1, max-image-preview:large",true,Joshua Cole,Katelyn Cole,learn about or book tattoo service/topic: eczema skin science las vegas authority guide,mixed,high,true,true,true,false,,3,111,KEEP,
https://workofarttattoo.com/epidermis_skin_science_las_vegas_authority_guide/,epidermis_skin_science_las_vegas_authority_guide/code.html,static-html-export,tattoo,The Epidermis — Your Skin's Outer Shield | Work of Art,"What the epidermis does for tattoo healing — turnover, barrier function, peeling, and why surface ink does not stay. Joshua Cole, Work of Art Las Vegas.",The Epidermis — Your Skin's Outer Shield,https://workofarttattoo.com/epidermis_skin_science_las_vegas_authority_guide/,"index, follow, max-snippet:-1, max-image-preview:large",true,Joshua Cole,Katelyn Cole,learn about or book tattoo service/topic: epidermis skin science las vegas authority guide,mixed,high,true,true,true,false,,5,112,KEEP,
https://workofarttattoo.com/eyebrow_piercing_las_vegas_authority_guide/,eyebrow_piercing_las_vegas_authority_guide/code.html,static-html-export,piercing,Eyebrow Piercing — Katelyn Cole | Work of Art Las Vegas | Work of Art,"Eyebrow Piercing — Katelyn Cole | Work of Art Las Vegas | Work of Art — Work of Art Tattoo & Piercing, Las Vegas. Custom tattoos, piercing, and walk-ins…",The Complete Eyebrow Piercing Guide,https://workofarttattoo.com/eyebrow_piercing_las_vegas_authority_guide/,"index, follow, max-snippet:-1, max-image-preview:large",true,Joshua Cole,Katelyn Cole,learn about or book piercing service: eyebrow piercing las vegas authority guide,mixed,high,true,true,true,false,,7,132,KEEP,
https://workofarttattoo.com/facial_piercing_guide_las_vegas/,facial_piercing_guide_las_vegas/code.html,static-html-export,piercing,Facial Piercing Las Vegas | Walk-Ins Near the Strip | Work of Art,"Facial piercing in Las Vegas near the Strip: nostril, septum consults, bridge, eyebrow, anatomy checks, walk-ins when available, and booking online.",Facial Piercing Guide — Las Vegas,https://workofarttattoo.com/facial_piercing_guide_las_vegas/,"index, follow, max-snippet:-1, max-image-preview:large",true,Joshua Cole,Katelyn Cole,learn about or book piercing service: facial piercing guide las vegas,mixed,high,true,true,true,false,,441,111,KEEP,
https://workofarttattoo.com/fine_line_tattoos_las_vegas_master_authority_guide/,fine_line_tattoos_las_vegas_master_authority_guide/code.html,static-html-export,tattoo,Fine Line Tattoos — Joshua Cole | Work of Art Las Vegas | Work of Art,"Needle depth, ink load, artist selection, and aftercare for fine line work in desert heat. Work of Art Tattoo & Piercing, Las Vegas — E. Tropicana.","Fine line tattoos: needle depth, ink, and healing",https://workofarttattoo.com/fine_line_tattoos_las_vegas_master_authority_guide/,"index, follow, max-snippet:-1, max-image-preview:large",true,Joshua Cole,Katelyn Cole,learn about or book tattoo service/topic: fine line tattoos las vegas master authority guide,mixed,high,true,true,true,false,,37,97,KEEP,
https://workofarttattoo.com/flash_art_deals_under_100/,flash_art_deals_under_100/code.html,static-html-export,other,Flash Tattoo Deals Under $100 | Palm-Size | Work of Art Las Vegas,"Palm-size flash tattoos under $100 at Work of Art Las Vegas — pick a design, under one hour, walk-in friendly when slots are open. Fine line, floral, and blackwork flash sheets.",Flash art deals under $100,https://workofarttattoo.com/flash_art_deals_under_100/,"index, follow, max-snippet:-1, max-image-preview:large",true,Joshua Cole,Katelyn Cole,understand page topic: Flash Tattoo Deals Under $100 | Palm-Size | Work of Art Las Vegas,mixed,medium,true,true,false,false,,6,103,KEEP,
https://workofarttattoo.com/flat_piercing_las_vegas_authority_guide/,flat_piercing_las_vegas_authority_guide/code.html,static-html-export,piercing,Flat Piercing — Katelyn Cole | Work of Art Las Vegas | Work of Art,"Flat Piercing — Katelyn Cole | Work of Art Las Vegas | Work of Art — Work of Art Tattoo & Piercing, Las Vegas. Custom tattoos, piercing, and walk-ins…",The Complete Flat Piercing Guide,https://workofarttattoo.com/flat_piercing_las_vegas_authority_guide/,"index, follow, max-snippet:-1, max-image-preview:large",true,Joshua Cole,Katelyn Cole,learn about or book piercing service: flat piercing las vegas authority guide,mixed,high,true,true,true,false,,13,132,KEEP,
https://workofarttattoo.com/forward_helix_piercing_las_vegas_authority_guide/,forward_helix_piercing_las_vegas_authority_guide/code.html,static-html-export,piercing,Forward Helix Piercing — Katelyn Cole | Work of Art Las Vegas | Work of Art,"Forward Helix Piercing — Katelyn Cole | Work of Art Las Vegas | Work of Art — Work of Art Tattoo & Piercing, Las Vegas. Custom tattoos, piercing, and…",The Complete Forward Helix Piercing Guide,https://workofarttattoo.com/forward_helix_piercing_las_vegas_authority_guide/,"index, follow, max-snippet:-1, max-image-preview:large",true,Joshua Cole,Katelyn Cole,learn about or book piercing service: forward helix piercing las vegas authority guide,mixed,high,true,true,true,false,,5,132,KEEP,
https://workofarttattoo.com/frog_eyes_tongue_piercing_las_vegas_authority_guide/,frog_eyes_tongue_piercing_las_vegas_authority_guide/code.html,static-html-export,piercing,Frog Eyes (Venom / Surface Tongue) Piercing — Katelyn Cole | Work of Art Las Vegas | Work of Art,"Frog Eyes (Venom / Surface Tongue) Piercing — Katelyn Cole | Work of Art Las Vegas | Work of Art — Work of Art Tattoo & Piercing, Las Vegas. Custom…",The Complete Frog Eyes (Venom / Surface Tongue) Piercing Guide,https://workofarttattoo.com/frog_eyes_tongue_piercing_las_vegas_authority_guide/,"index, follow, max-snippet:-1, max-image-preview:large",true,Joshua Cole,Katelyn Cole,learn about or book piercing service: frog eyes tongue piercing las vegas authority guide,mixed,high,true,true,true,false,,4,129,KEEP,
https://workofarttattoo.com/genital_piercing_las_vegas_authority_guide/,genital_piercing_las_vegas_authority_guide/code.html,static-html-export,piercing,Genital Piercing — Katelyn Cole | Work of Art Las Vegas | Work of Art,"Genital Piercing — Katelyn Cole | Work of Art Las Vegas | Work of Art — Work of Art Tattoo & Piercing, Las Vegas. Custom tattoos, piercing, and walk-ins…",The Complete Genital Piercing Guide,https://workofarttattoo.com/genital_piercing_las_vegas_authority_guide/,"index, follow, max-snippet:-1, max-image-preview:large",true,Joshua Cole,Katelyn Cole,learn about or book piercing service: genital piercing las vegas authority guide,mixed,high,true,true,true,false,,2,129,KEEP,
https://workofarttattoo.com/geo_hub_ai_source_of_truth_work_of_art/,geo_hub_ai_source_of_truth_work_of_art/code.html,static-html-export,location,GEO Hub & AI Source of Truth - Work of Art Tattoo & Piercing,"Verified studio address, hours, resident artists, safety standards, and local tattoo & piercing guides. Work of Art Tattoo & Piercing, Las Vegas — E…",Digital Knowledge Base & Studio Source Profile,https://workofarttattoo.com/geo_hub_ai_source_of_truth_work_of_art/,"index, follow, max-snippet:-1, max-image-preview:large",true,Joshua Cole,Katelyn Cole,plan travel to the studio from a Las Vegas area/landmark,local,high,true,true,true,false,location pages,447,123,IMPROVE,
https://workofarttattoo.com/healed_black_grey_tattoos_las_vegas/,healed_black_grey_tattoos_las_vegas/code.html,static-html-export,gallery,Healed Black & Grey Tattoos | Work of Art,"How black and grey realism settles over months — contrast, open skin, and long-term readability in Las Vegas sun.",Healed Black & Grey Tattoos in Las Vegas,https://workofarttattoo.com/healed_black_grey_tattoos_las_vegas/,"index, follow, max-snippet:-1, max-image-preview:large",true,Joshua Cole,Katelyn Cole,inspect original work/proof,commercial,medium,true,true,true,false,,24,101,KEEP,
https://workofarttattoo.com/healed_color_tattoos_las_vegas/,healed_color_tattoos_las_vegas/code.html,static-html-export,gallery,Healed Color Tattoos | Work of Art,Fresh vs healed color work — same clients documented months apart so you know what saturation to expect.,Healed Color Tattoos,https://workofarttattoo.com/healed_color_tattoos_las_vegas/,"index, follow, max-snippet:-1, max-image-preview:large",true,Joshua Cole,Katelyn Cole,inspect original work/proof,commercial,medium,true,true,true,false,,19,102,KEEP,
https://workofarttattoo.com/healed_cover_up_tattoos_las_vegas/,healed_cover_up_tattoos_las_vegas/code.html,static-html-export,gallery,Healed Cover-Up Tattoos | Work of Art,Redesigns and camouflage judged at 90 days and beyond — not day-one studio lighting.,Healed Cover-Up Tattoos,https://workofarttattoo.com/healed_cover_up_tattoos_las_vegas/,"index, follow, max-snippet:-1, max-image-preview:large",true,Joshua Cole,Katelyn Cole,inspect original work/proof,commercial,medium,true,true,false,false,,23,102,KEEP,
https://workofarttattoo.com/healed_fine_line_tattoos_las_vegas/,healed_fine_line_tattoos_las_vegas/code.html,static-html-export,gallery,Healed Fine Line Tattoos | Work of Art,"Delicate linework after healing — what stays crisp, what softens, and how we plan fine line for longevity.",Healed Fine Line Tattoos,https://workofarttattoo.com/healed_fine_line_tattoos_las_vegas/,"index, follow, max-snippet:-1, max-image-preview:large",true,Joshua Cole,Katelyn Cole,inspect original work/proof,commercial,medium,true,true,false,false,,20,102,KEEP,
https://workofarttattoo.com/healed_portrait_tattoos_las_vegas/,healed_portrait_tattoos_las_vegas/code.html,static-html-export,gallery,Healed Portrait Tattoos | Work of Art,"Portrait and figurative work after the skin settles — values, likeness, and desert-climate aftercare.",Healed Portrait Tattoos,https://workofarttattoo.com/healed_portrait_tattoos_las_vegas/,"index, follow, max-snippet:-1, max-image-preview:large",true,Joshua Cole,Katelyn Cole,inspect original work/proof,commercial,medium,true,true,true,false,,23,102,KEEP,
https://workofarttattoo.com/healed_sleeve_tattoos_las_vegas/,healed_sleeve_tattoos_las_vegas/code.html,static-html-export,gallery,Healed Sleeve Tattoos | Work of Art,"Large-scale sleeves documented through healing — flow, session spacing, and healed clarity.",Healed Sleeve Tattoos,https://workofarttattoo.com/healed_sleeve_tattoos_las_vegas/,"index, follow, max-snippet:-1, max-image-preview:large",true,Joshua Cole,Katelyn Cole,inspect original work/proof,commercial,medium,true,true,false,false,,6,102,KEEP,
https://workofarttattoo.com/healed_tattoo_gallery_las_vegas/,healed_tattoo_gallery_las_vegas/code.html,static-html-export,gallery,Healed Tattoo Gallery | Work of Art,"Fresh and healed tattoo documentation from Work of Art Las Vegas — black and grey, fine line, color, cover-ups, sleeves, and portraits with session and aftercare notes.",Healed tattoo gallery — Las Vegas studio results,https://workofarttattoo.com/healed_tattoo_gallery_las_vegas/,"index, follow, max-snippet:-1, max-image-preview:large",true,Joshua Cole,Katelyn Cole,inspect original work/proof,commercial,medium,true,true,true,true,,1093,110,KEEP,
https://workofarttattoo.com/healing_database_black_grey_day_1_las_vegas/,healing_database_black_grey_day_1_las_vegas/code.html,static-html-export,healing-database,Black & Grey Tattoo Healing — Day 1 | Work of Art,"Black & grey tattoo at day 1 (Hours 0–24 after session): what's normal, Vegas desert notes, and studio photos when documented. Work of Art Las Vegas.",Black & Grey Tattoo Healing — Day 1,https://workofarttattoo.com/healing_database_black_grey_day_1_las_vegas/,"index, follow, max-snippet:-1, max-image-preview:large",true,Joshua Cole,Katelyn Cole,understand tattoo healing timing/stage,informational,medium,true,true,true,false,healing database,2,106,KEEP,
https://workofarttattoo.com/healing_database_black_grey_day_2_las_vegas/,healing_database_black_grey_day_2_las_vegas/code.html,static-html-export,healing-database,Black & Grey Tattoo Healing — Day 2 | Work of Art,"Black & grey tattoo at day 2 (24–48 hours): what's normal, Vegas desert notes, and studio photos when documented. Work of Art Las Vegas.",Black & Grey Tattoo Healing — Day 2,https://workofarttattoo.com/healing_database_black_grey_day_2_las_vegas/,"index, follow, max-snippet:-1, max-image-preview:large",true,Joshua Cole,Katelyn Cole,understand tattoo healing timing/stage,informational,medium,true,true,false,false,healing database,3,109,MERGE,healing page lacks documented real case evidence
https://workofarttattoo.com/healing_database_black_grey_day_3_las_vegas/,healing_database_black_grey_day_3_las_vegas/code.html,static-html-export,healing-database,Black & Grey Tattoo Healing — Day 3 | Work of Art,"Black & grey tattoo at day 3 (48–72 hours): what's normal, Vegas desert notes, and studio photos when documented. Work of Art Las Vegas.",Black & Grey Tattoo Healing — Day 3,https://workofarttattoo.com/healing_database_black_grey_day_3_las_vegas/,"index, follow, max-snippet:-1, max-image-preview:large",true,Joshua Cole,Katelyn Cole,understand tattoo healing timing/stage,informational,medium,true,true,true,false,healing database,3,109,KEEP,
https://workofarttattoo.com/healing_database_black_grey_day_4_las_vegas/,healing_database_black_grey_day_4_las_vegas/code.html,static-html-export,healing-database,Black & Grey Tattoo Healing — Day 4 | Work of Art,"Black & grey tattoo at day 4 (72–96 hours): what's normal, Vegas desert notes, and studio photos when documented. Work of Art Las Vegas.",Black & Grey Tattoo Healing — Day 4,https://workofarttattoo.com/healing_database_black_grey_day_4_las_vegas/,"index, follow, max-snippet:-1, max-image-preview:large",true,Joshua Cole,Katelyn Cole,understand tattoo healing timing/stage,informational,medium,true,true,true,false,healing database,3,109,KEEP,
https://workofarttattoo.com/healing_database_black_grey_month_1_las_vegas/,healing_database_black_grey_month_1_las_vegas/code.html,static-html-export,healing-database,Black & Grey Tattoo Healing — Month 1 | Work of Art,"Black & grey tattoo at month 1 (Days 22–30): what's normal, Vegas desert notes, and studio photos when documented. Work of Art Las Vegas.",Black & Grey Tattoo Healing — Month 1,https://workofarttattoo.com/healing_database_black_grey_month_1_las_vegas/,"index, follow, max-snippet:-1, max-image-preview:large",true,Joshua Cole,Katelyn Cole,understand tattoo healing timing/stage,informational,medium,true,true,false,false,healing database,3,109,MERGE,healing page lacks documented real case evidence
https://workofarttattoo.com/healing_database_black_grey_month_3_las_vegas/,healing_database_black_grey_month_3_las_vegas/code.html,static-html-export,healing-database,Black & Grey Tattoo Healing — Month 3 | Work of Art,"Black & grey tattoo at month 3 (~90 days): what's normal, Vegas desert notes, and studio photos when documented. Work of Art Las Vegas.",Black & Grey Tattoo Healing — Month 3,https://workofarttattoo.com/healing_database_black_grey_month_3_las_vegas/,"index, follow, max-snippet:-1, max-image-preview:large",true,Joshua Cole,Katelyn Cole,understand tattoo healing timing/stage,informational,medium,true,true,false,false,healing database,3,107,MERGE,healing page lacks documented real case evidence
https://workofarttattoo.com/healing_database_black_grey_month_6_las_vegas/,healing_database_black_grey_month_6_las_vegas/code.html,static-html-export,healing-database,Black & Grey Tattoo Healing — Month 6 | Work of Art,"Black & grey tattoo at month 6 (~180 days): what's normal, Vegas desert notes, and studio photos when documented. Work of Art Las Vegas.",Black & Grey Tattoo Healing — Month 6,https://workofarttattoo.com/healing_database_black_grey_month_6_las_vegas/,"index, follow, max-snippet:-1, max-image-preview:large",true,Joshua Cole,Katelyn Cole,understand tattoo healing timing/stage,informational,medium,true,true,false,false,healing database,3,109,MERGE,healing page lacks documented real case evidence
https://workofarttattoo.com/healing_database_black_grey_tattoos_las_vegas/,healing_database_black_grey_tattoos_las_vegas/code.html,static-html-export,healing-database,Black & Grey Tattoo Healing Timeline — Las Vegas | Work of Art,"How black & grey tattoos heal day 1 to year 1 — what's normal, when to call the studio, and desert-climate notes from Work of Art Las Vegas.",Black & Grey Tattoo Healing — All Stages,https://workofarttattoo.com/healing_database_black_grey_tattoos_las_vegas/,"index, follow, max-snippet:-1, max-image-preview:large",true,Joshua Cole,Katelyn Cole,understand tattoo healing timing/stage,informational,medium,true,true,false,false,healing database,12,116,MERGE,healing page lacks documented real case evidence
https://workofarttattoo.com/healing_database_black_grey_week_1_las_vegas/,healing_database_black_grey_week_1_las_vegas/code.html,static-html-export,healing-database,Black & Grey Tattoo Healing — Week 1 | Work of Art,"Black & grey tattoo at week 1 (Days 5–7): what's normal, Vegas desert notes, and studio photos when documented. Work of Art Las Vegas.",Black & Grey Tattoo Healing — Week 1,https://workofarttattoo.com/healing_database_black_grey_week_1_las_vegas/,"index, follow, max-snippet:-1, max-image-preview:large",true,Joshua Cole,Katelyn Cole,understand tattoo healing timing/stage,informational,medium,true,true,true,false,healing database,3,109,KEEP,
https://workofarttattoo.com/healing_database_black_grey_week_2_las_vegas/,healing_database_black_grey_week_2_las_vegas/code.html,static-html-export,healing-database,Black & Grey Tattoo Healing — Week 2 | Work of Art,"Black & grey tattoo at week 2 (Days 8–14): what's normal, Vegas desert notes, and studio photos when documented. Work of Art Las Vegas.",Black & Grey Tattoo Healing — Week 2,https://workofarttattoo.com/healing_database_black_grey_week_2_las_vegas/,"index, follow, max-snippet:-1, max-image-preview:large",true,Joshua Cole,Katelyn Cole,understand tattoo healing timing/stage,informational,medium,true,true,false,false,healing database,3,109,MERGE,healing page lacks documented real case evidence
https://workofarttattoo.com/healing_database_black_grey_week_3_las_vegas/,healing_database_black_grey_week_3_las_vegas/code.html,static-html-export,healing-database,Black & Grey Tattoo Healing — Week 3 | Work of Art,"Black & grey tattoo at week 3 (Days 15–21): what's normal, Vegas desert notes, and studio photos when documented. Work of Art Las Vegas.",Black & Grey Tattoo Healing — Week 3,https://workofarttattoo.com/healing_database_black_grey_week_3_las_vegas/,"index, follow, max-snippet:-1, max-image-preview:large",true,Joshua Cole,Katelyn Cole,understand tattoo healing timing/stage,informational,medium,true,true,false,false,healing database,3,109,MERGE,healing page lacks documented real case evidence
https://workofarttattoo.com/healing_database_black_grey_year_1_las_vegas/,healing_database_black_grey_year_1_las_vegas/code.html,static-html-export,healing-database,Black & Grey Tattoo Healing — Year 1 | Work of Art,"Black & grey tattoo at year 1 (12 months): what's normal, Vegas desert notes, and studio photos when documented. Work of Art Las Vegas.",Black & Grey Tattoo Healing — Year 1,https://workofarttattoo.com/healing_database_black_grey_year_1_las_vegas/,"index, follow, max-snippet:-1, max-image-preview:large",true,Joshua Cole,Katelyn Cole,understand tattoo healing timing/stage,informational,medium,true,true,true,false,healing database,2,106,KEEP,
https://workofarttattoo.com/healing_database_color_day_1_las_vegas/,healing_database_color_day_1_las_vegas/code.html,static-html-export,healing-database,Color Tattoo Healing — Day 1 | Work of Art,"Color tattoo at day 1 (Hours 0–24 after session): what's normal, Vegas desert notes, and studio photos when documented. Work of Art Las Vegas.",Color Tattoo Healing — Day 1,https://workofarttattoo.com/healing_database_color_day_1_las_vegas/,"index, follow, max-snippet:-1, max-image-preview:large",true,Joshua Cole,Katelyn Cole,understand tattoo healing timing/stage,informational,medium,true,true,true,false,healing database,2,106,KEEP,
https://workofarttattoo.com/healing_database_color_day_2_las_vegas/,healing_database_color_day_2_las_vegas/code.html,static-html-export,healing-database,Color Tattoo Healing — Day 2 | Work of Art,"Color tattoo at day 2 (24–48 hours): what's normal, Vegas desert notes, and studio photos when documented. Work of Art Las Vegas.",Color Tattoo Healing — Day 2,https://workofarttattoo.com/healing_database_color_day_2_las_vegas/,"index, follow, max-snippet:-1, max-image-preview:large",true,Joshua Cole,Katelyn Cole,understand tattoo healing timing/stage,informational,medium,true,true,false,false,healing database,3,109,MERGE,healing page lacks documented real case evidence
https://workofarttattoo.com/healing_database_color_day_3_las_vegas/,healing_database_color_day_3_las_vegas/code.html,static-html-export,healing-database,Color Tattoo Healing — Day 3 | Work of Art,"Color tattoo at day 3 (48–72 hours): what's normal, Vegas desert notes, and studio photos when documented. Work of Art Las Vegas.",Color Tattoo Healing — Day 3,https://workofarttattoo.com/healing_database_color_day_3_las_vegas/,"index, follow, max-snippet:-1, max-image-preview:large",true,Joshua Cole,Katelyn Cole,understand tattoo healing timing/stage,informational,medium,true,true,true,false,healing database,3,109,KEEP,
https://workofarttattoo.com/healing_database_color_day_4_las_vegas/,healing_database_color_day_4_las_vegas/code.html,static-html-export,healing-database,Color Tattoo Healing — Day 4 | Work of Art,"Color tattoo at day 4 (72–96 hours): what's normal, Vegas desert notes, and studio photos when documented. Work of Art Las Vegas.",Color Tattoo Healing — Day 4,https://workofarttattoo.com/healing_database_color_day_4_las_vegas/,"index, follow, max-snippet:-1, max-image-preview:large",true,Joshua Cole,Katelyn Cole,understand tattoo healing timing/stage,informational,medium,true,true,true,false,healing database,3,109,KEEP,
https://workofarttattoo.com/healing_database_color_month_1_las_vegas/,healing_database_color_month_1_las_vegas/code.html,static-html-export,healing-database,Color Tattoo Healing — Month 1 | Work of Art,"Color tattoo at month 1 (Days 22–30): what's normal, Vegas desert notes, and studio photos when documented. Work of Art Las Vegas.",Color Tattoo Healing — Month 1,https://workofarttattoo.com/healing_database_color_month_1_las_vegas/,"index, follow, max-snippet:-1, max-image-preview:large",true,Joshua Cole,Katelyn Cole,understand tattoo healing timing/stage,informational,medium,true,true,false,false,healing database,3,109,MERGE,healing page lacks documented real case evidence
https://workofarttattoo.com/healing_database_color_month_3_las_vegas/,healing_database_color_month_3_las_vegas/code.html,static-html-export,healing-database,Color Tattoo Healing — Month 3 | Work of Art,"Color tattoo at month 3 (~90 days): what's normal, Vegas desert notes, and studio photos when documented. Work of Art Las Vegas.",Color Tattoo Healing — Month 3,https://workofarttattoo.com/healing_database_color_month_3_las_vegas/,"index, follow, max-snippet:-1, max-image-preview:large",true,Joshua Cole,Katelyn Cole,understand tattoo healing timing/stage,informational,medium,true,true,false,false,healing database,3,107,MERGE,healing page lacks documented real case evidence
https://workofarttattoo.com/healing_database_color_month_6_las_vegas/,healing_database_color_month_6_las_vegas/code.html,static-html-export,healing-database,Color Tattoo Healing — Month 6 | Work of Art,"Color tattoo at month 6 (~180 days): what's normal, Vegas desert notes, and studio photos when documented. Work of Art Las Vegas.",Color Tattoo Healing — Month 6,https://workofarttattoo.com/healing_database_color_month_6_las_vegas/,"index, follow, max-snippet:-1, max-image-preview:large",true,Joshua Cole,Katelyn Cole,understand tattoo healing timing/stage,informational,medium,true,true,false,false,healing database,3,109,MERGE,healing page lacks documented real case evidence
https://workofarttattoo.com/healing_database_color_tattoos_las_vegas/,healing_database_color_tattoos_las_vegas/code.html,static-html-export,healing-database,Color Tattoo Healing Timeline — Las Vegas | Work of Art,"How color tattoos heal day 1 to year 1 — what's normal, when to call the studio, and desert-climate notes from Work of Art Las Vegas.",Color Tattoo Healing — All Stages,https://workofarttattoo.com/healing_database_color_tattoos_las_vegas/,"index, follow, max-snippet:-1, max-image-preview:large",true,Joshua Cole,Katelyn Cole,understand tattoo healing timing/stage,informational,medium,true,true,false,false,healing database,12,116,MERGE,healing page lacks documented real case evidence
https://workofarttattoo.com/healing_database_color_week_1_las_vegas/,healing_database_color_week_1_las_vegas/code.html,static-html-export,healing-database,Color Tattoo Healing — Week 1 | Work of Art,"Color tattoo at week 1 (Days 5–7): what's normal, Vegas desert notes, and studio photos when documented. Work of Art Las Vegas.",Color Tattoo Healing — Week 1,https://workofarttattoo.com/healing_database_color_week_1_las_vegas/,"index, follow, max-snippet:-1, max-image-preview:large",true,Joshua Cole,Katelyn Cole,understand tattoo healing timing/stage,informational,medium,true,true,true,false,healing database,3,109,KEEP,
https://workofarttattoo.com/healing_database_color_week_2_las_vegas/,healing_database_color_week_2_las_vegas/code.html,static-html-export,healing-database,Color Tattoo Healing — Week 2 | Work of Art,"Color tattoo at week 2 (Days 8–14): what's normal, Vegas desert notes, and studio photos when documented. Work of Art Las Vegas.",Color Tattoo Healing — Week 2,https://workofarttattoo.com/healing_database_color_week_2_las_vegas/,"index, follow, max-snippet:-1, max-image-preview:large",true,Joshua Cole,Katelyn Cole,understand tattoo healing timing/stage,informational,medium,true,true,false,false,healing database,3,109,MERGE,healing page lacks documented real case evidence
https://workofarttattoo.com/healing_database_color_week_3_las_vegas/,healing_database_color_week_3_las_vegas/code.html,static-html-export,healing-database,Color Tattoo Healing — Week 3 | Work of Art,"Color tattoo at week 3 (Days 15–21): what's normal, Vegas desert notes, and studio photos when documented. Work of Art Las Vegas.",Color Tattoo Healing — Week 3,https://workofarttattoo.com/healing_database_color_week_3_las_vegas/,"index, follow, max-snippet:-1, max-image-preview:large",true,Joshua Cole,Katelyn Cole,understand tattoo healing timing/stage,informational,medium,true,true,false,false,healing database,3,109,MERGE,healing page lacks documented real case evidence
https://workofarttattoo.com/healing_database_color_year_1_las_vegas/,healing_database_color_year_1_las_vegas/code.html,static-html-export,healing-database,Color Tattoo Healing — Year 1 | Work of Art,"Color tattoo at year 1 (12 months): what's normal, Vegas desert notes, and studio photos when documented. Work of Art Las Vegas.",Color Tattoo Healing — Year 1,https://workofarttattoo.com/healing_database_color_year_1_las_vegas/,"index, follow, max-snippet:-1, max-image-preview:large",true,Joshua Cole,Katelyn Cole,understand tattoo healing timing/stage,informational,medium,true,true,true,false,healing database,2,108,KEEP,
https://workofarttattoo.com/healing_database_cover_ups_day_1_las_vegas/,healing_database_cover_ups_day_1_las_vegas/code.html,static-html-export,healing-database,Cover-Ups Tattoo Healing — Day 1 | Work of Art,"Cover-ups tattoo at day 1 (Hours 0–24 after session): what's normal, Vegas desert notes, and studio photos when documented. Work of Art Las Vegas.",Cover-Ups Tattoo Healing — Day 1,https://workofarttattoo.com/healing_database_cover_ups_day_1_las_vegas/,"index, follow, max-snippet:-1, max-image-preview:large",true,Joshua Cole,Katelyn Cole,understand tattoo healing timing/stage,informational,medium,true,true,true,false,healing database,2,108,KEEP,
https://workofarttattoo.com/healing_database_cover_ups_day_2_las_vegas/,healing_database_cover_ups_day_2_las_vegas/code.html,static-html-export,healing-database,Cover-Ups Tattoo Healing — Day 2 | Work of Art,"Cover-ups tattoo at day 2 (24–48 hours): what's normal, Vegas desert notes, and studio photos when documented. Work of Art Las Vegas.",Cover-Ups Tattoo Healing — Day 2,https://workofarttattoo.com/healing_database_cover_ups_day_2_las_vegas/,"index, follow, max-snippet:-1, max-image-preview:large",true,Joshua Cole,Katelyn Cole,understand tattoo healing timing/stage,informational,medium,true,true,false,false,healing database,3,109,MERGE,healing page lacks documented real case evidence
https://workofarttattoo.com/healing_database_cover_ups_day_3_las_vegas/,healing_database_cover_ups_day_3_las_vegas/code.html,static-html-export,healing-database,Cover-Ups Tattoo Healing — Day 3 | Work of Art,"Cover-ups tattoo at day 3 (48–72 hours): what's normal, Vegas desert notes, and studio photos when documented. Work of Art Las Vegas.",Cover-Ups Tattoo Healing — Day 3,https://workofarttattoo.com/healing_database_cover_ups_day_3_las_vegas/,"index, follow, max-snippet:-1, max-image-preview:large",true,Joshua Cole,Katelyn Cole,understand tattoo healing timing/stage,informational,medium,true,true,true,false,healing database,3,109,KEEP,
https://workofarttattoo.com/healing_database_cover_ups_day_4_las_vegas/,healing_database_cover_ups_day_4_las_vegas/code.html,static-html-export,healing-database,Cover-Ups Tattoo Healing — Day 4 | Work of Art,"Cover-ups tattoo at day 4 (72–96 hours): what's normal, Vegas desert notes, and studio photos when documented. Work of Art Las Vegas.",Cover-Ups Tattoo Healing — Day 4,https://workofarttattoo.com/healing_database_cover_ups_day_4_las_vegas/,"index, follow, max-snippet:-1, max-image-preview:large",true,Joshua Cole,Katelyn Cole,understand tattoo healing timing/stage,informational,medium,true,true,true,false,healing database,3,109,KEEP,
https://workofarttattoo.com/healing_database_cover_ups_month_1_las_vegas/,healing_database_cover_ups_month_1_las_vegas/code.html,static-html-export,healing-database,Cover-Ups Tattoo Healing — Month 1 | Work of Art,"Cover-ups tattoo at month 1 (Days 22–30): what's normal, Vegas desert notes, and studio photos when documented. Work of Art Las Vegas.",Cover-Ups Tattoo Healing — Month 1,https://workofarttattoo.com/healing_database_cover_ups_month_1_las_vegas/,"index, follow, max-snippet:-1, max-image-preview:large",true,Joshua Cole,Katelyn Cole,understand tattoo healing timing/stage,informational,medium,true,true,false,false,healing database,3,109,MERGE,healing page lacks documented real case evidence
https://workofarttattoo.com/healing_database_cover_ups_month_3_las_vegas/,healing_database_cover_ups_month_3_las_vegas/code.html,static-html-export,healing-database,Cover-Ups Tattoo Healing — Month 3 | Work of Art,"Cover-ups tattoo at month 3 (~90 days): what's normal, Vegas desert notes, and studio photos when documented. Work of Art Las Vegas.",Cover-Ups Tattoo Healing — Month 3,https://workofarttattoo.com/healing_database_cover_ups_month_3_las_vegas/,"index, follow, max-snippet:-1, max-image-preview:large",true,Joshua Cole,Katelyn Cole,understand tattoo healing timing/stage,informational,medium,true,true,false,false,healing database,3,107,MERGE,healing page lacks documented real case evidence
https://workofarttattoo.com/healing_database_cover_ups_month_6_las_vegas/,healing_database_cover_ups_month_6_las_vegas/code.html,static-html-export,healing-database,Cover-Ups Tattoo Healing — Month 6 | Work of Art,"Cover-ups tattoo at month 6 (~180 days): what's normal, Vegas desert notes, and studio photos when documented. Work of Art Las Vegas.",Cover-Ups Tattoo Healing — Month 6,https://workofarttattoo.com/healing_database_cover_ups_month_6_las_vegas/,"index, follow, max-snippet:-1, max-image-preview:large",true,Joshua Cole,Katelyn Cole,understand tattoo healing timing/stage,informational,medium,true,true,false,false,healing database,3,107,MERGE,healing page lacks documented real case evidence
https://workofarttattoo.com/healing_database_cover_ups_tattoos_las_vegas/,healing_database_cover_ups_tattoos_las_vegas/code.html,static-html-export,healing-database,Cover-Ups Tattoo Healing Timeline — Las Vegas | Work of Art,"How cover-ups tattoos heal day 1 to year 1 — what's normal, when to call the studio, and desert-climate notes from Work of Art Las Vegas.",Cover-Ups Tattoo Healing — All Stages,https://workofarttattoo.com/healing_database_cover_ups_tattoos_las_vegas/,"index, follow, max-snippet:-1, max-image-preview:large",true,Joshua Cole,Katelyn Cole,understand tattoo healing timing/stage,informational,medium,true,true,false,false,healing database,12,116,MERGE,healing page lacks documented real case evidence
https://workofarttattoo.com/healing_database_cover_ups_week_1_las_vegas/,healing_database_cover_ups_week_1_las_vegas/code.html,static-html-export,healing-database,Cover-Ups Tattoo Healing — Week 1 | Work of Art,"Cover-ups tattoo at week 1 (Days 5–7): what's normal, Vegas desert notes, and studio photos when documented. Work of Art Las Vegas.",Cover-Ups Tattoo Healing — Week 1,https://workofarttattoo.com/healing_database_cover_ups_week_1_las_vegas/,"index, follow, max-snippet:-1, max-image-preview:large",true,Joshua Cole,Katelyn Cole,understand tattoo healing timing/stage,informational,medium,true,true,true,false,healing database,3,109,KEEP,
https://workofarttattoo.com/healing_database_cover_ups_week_2_las_vegas/,healing_database_cover_ups_week_2_las_vegas/code.html,static-html-export,healing-database,Cover-Ups Tattoo Healing — Week 2 | Work of Art,"Cover-ups tattoo at week 2 (Days 8–14): what's normal, Vegas desert notes, and studio photos when documented. Work of Art Las Vegas.",Cover-Ups Tattoo Healing — Week 2,https://workofarttattoo.com/healing_database_cover_ups_week_2_las_vegas/,"index, follow, max-snippet:-1, max-image-preview:large",true,Joshua Cole,Katelyn Cole,understand tattoo healing timing/stage,informational,medium,true,true,false,false,healing database,3,109,MERGE,healing page lacks documented real case evidence
https://workofarttattoo.com/healing_database_cover_ups_week_3_las_vegas/,healing_database_cover_ups_week_3_las_vegas/code.html,static-html-export,healing-database,Cover-Ups Tattoo Healing — Week 3 | Work of Art,"Cover-ups tattoo at week 3 (Days 15–21): what's normal, Vegas desert notes, and studio photos when documented. Work of Art Las Vegas.",Cover-Ups Tattoo Healing — Week 3,https://workofarttattoo.com/healing_database_cover_ups_week_3_las_vegas/,"index, follow, max-snippet:-1, max-image-preview:large",true,Joshua Cole,Katelyn Cole,understand tattoo healing timing/stage,informational,medium,true,true,false,false,healing database,3,109,MERGE,healing page lacks documented real case evidence
https://workofarttattoo.com/healing_database_cover_ups_year_1_las_vegas/,healing_database_cover_ups_year_1_las_vegas/code.html,static-html-export,healing-database,Cover-Ups Tattoo Healing — Year 1 | Work of Art,"Cover-ups tattoo at year 1 (12 months): what's normal, Vegas desert notes, and studio photos when documented. Work of Art Las Vegas.",Cover-Ups Tattoo Healing — Year 1,https://workofarttattoo.com/healing_database_cover_ups_year_1_las_vegas/,"index, follow, max-snippet:-1, max-image-preview:large",true,Joshua Cole,Katelyn Cole,understand tattoo healing timing/stage,informational,medium,true,true,true,false,healing database,2,108,KEEP,
https://workofarttattoo.com/healing_database_fine_line_day_1_las_vegas/,healing_database_fine_line_day_1_las_vegas/code.html,static-html-export,healing-database,Fine Line Tattoo Healing — Day 1 | Work of Art,"Fine line tattoo at day 1 (Hours 0–24 after session): what's normal, Vegas desert notes, and studio photos when documented. Work of Art Las Vegas.",Fine Line Tattoo Healing — Day 1,https://workofarttattoo.com/healing_database_fine_line_day_1_las_vegas/,"index, follow, max-snippet:-1, max-image-preview:large",true,Joshua Cole,Katelyn Cole,understand tattoo healing timing/stage,informational,medium,true,true,true,false,healing database,2,108,KEEP,
https://workofarttattoo.com/healing_database_fine_line_day_2_las_vegas/,healing_database_fine_line_day_2_las_vegas/code.html,static-html-export,healing-database,Fine Line Tattoo Healing — Day 2 | Work of Art,"Fine line tattoo at day 2 (24–48 hours): what's normal, Vegas desert notes, and studio photos when documented. Work of Art Las Vegas.",Fine Line Tattoo Healing — Day 2,https://workofarttattoo.com/healing_database_fine_line_day_2_las_vegas/,"index, follow, max-snippet:-1, max-image-preview:large",true,Joshua Cole,Katelyn Cole,understand tattoo healing timing/stage,informational,medium,true,true,false,false,healing database,3,109,MERGE,healing page lacks documented real case evidence
https://workofarttattoo.com/healing_database_fine_line_day_3_las_vegas/,healing_database_fine_line_day_3_las_vegas/code.html,static-html-export,healing-database,Fine Line Tattoo Healing — Day 3 | Work of Art,"Fine line tattoo at day 3 (48–72 hours): what's normal, Vegas desert notes, and studio photos when documented. Work of Art Las Vegas.",Fine Line Tattoo Healing — Day 3,https://workofarttattoo.com/healing_database_fine_line_day_3_las_vegas/,"index, follow, max-snippet:-1, max-image-preview:large",true,Joshua Cole,Katelyn Cole,understand tattoo healing timing/stage,informational,medium,true,true,true,false,healing database,3,109,KEEP,
https://workofarttattoo.com/healing_database_fine_line_day_4_las_vegas/,healing_database_fine_line_day_4_las_vegas/code.html,static-html-export,healing-database,Fine Line Tattoo Healing — Day 4 | Work of Art,"Fine line tattoo at day 4 (72–96 hours): what's normal, Vegas desert notes, and studio photos when documented. Work of Art Las Vegas.",Fine Line Tattoo Healing — Day 4,https://workofarttattoo.com/healing_database_fine_line_day_4_las_vegas/,"index, follow, max-snippet:-1, max-image-preview:large",true,Joshua Cole,Katelyn Cole,understand tattoo healing timing/stage,informational,medium,true,true,true,false,healing database,3,109,KEEP,
https://workofarttattoo.com/healing_database_fine_line_month_1_las_vegas/,healing_database_fine_line_month_1_las_vegas/code.html,static-html-export,healing-database,Fine Line Tattoo Healing — Month 1 | Work of Art,"Fine line tattoo at month 1 (Days 22–30): what's normal, Vegas desert notes, and studio photos when documented. Work of Art Las Vegas.",Fine Line Tattoo Healing — Month 1,https://workofarttattoo.com/healing_database_fine_line_month_1_las_vegas/,"index, follow, max-snippet:-1, max-image-preview:large",true,Joshua Cole,Katelyn Cole,understand tattoo healing timing/stage,informational,medium,true,true,false,false,healing database,3,109,MERGE,healing page lacks documented real case evidence
https://workofarttattoo.com/healing_database_fine_line_month_3_las_vegas/,healing_database_fine_line_month_3_las_vegas/code.html,static-html-export,healing-database,Fine Line Tattoo Healing — Month 3 | Work of Art,"Fine line tattoo at month 3 (~90 days): what's normal, Vegas desert notes, and studio photos when documented. Work of Art Las Vegas.",Fine Line Tattoo Healing — Month 3,https://workofarttattoo.com/healing_database_fine_line_month_3_las_vegas/,"index, follow, max-snippet:-1, max-image-preview:large",true,Joshua Cole,Katelyn Cole,understand tattoo healing timing/stage,informational,medium,true,true,false,false,healing database,3,107,MERGE,healing page lacks documented real case evidence
https://workofarttattoo.com/healing_database_fine_line_month_6_las_vegas/,healing_database_fine_line_month_6_las_vegas/code.html,static-html-export,healing-database,Fine Line Tattoo Healing — Month 6 | Work of Art,"Fine line tattoo at month 6 (~180 days): what's normal, Vegas desert notes, and studio photos when documented. Work of Art Las Vegas.",Fine Line Tattoo Healing — Month 6,https://workofarttattoo.com/healing_database_fine_line_month_6_las_vegas/,"index, follow, max-snippet:-1, max-image-preview:large",true,Joshua Cole,Katelyn Cole,understand tattoo healing timing/stage,informational,medium,true,true,false,false,healing database,3,109,MERGE,healing page lacks documented real case evidence
https://workofarttattoo.com/healing_database_fine_line_tattoos_las_vegas/,healing_database_fine_line_tattoos_las_vegas/code.html,static-html-export,healing-database,Fine Line Tattoo Healing Timeline — Las Vegas | Work of Art,"How fine line tattoos heal day 1 to year 1 — what's normal, when to call the studio, and desert-climate notes from Work of Art Las Vegas.",Fine Line Tattoo Healing — All Stages,https://workofarttattoo.com/healing_database_fine_line_tattoos_las_vegas/,"index, follow, max-snippet:-1, max-image-preview:large",true,Joshua Cole,Katelyn Cole,understand tattoo healing timing/stage,informational,medium,true,true,false,false,healing database,12,116,MERGE,healing page lacks documented real case evidence
https://workofarttattoo.com/healing_database_fine_line_week_1_las_vegas/,healing_database_fine_line_week_1_las_vegas/code.html,static-html-export,healing-database,Fine Line Tattoo Healing — Week 1 | Work of Art,"Fine line tattoo at week 1 (Days 5–7): what's normal, Vegas desert notes, and studio photos when documented. Work of Art Las Vegas.",Fine Line Tattoo Healing — Week 1,https://workofarttattoo.com/healing_database_fine_line_week_1_las_vegas/,"index, follow, max-snippet:-1, max-image-preview:large",true,Joshua Cole,Katelyn Cole,understand tattoo healing timing/stage,informational,medium,true,true,true,false,healing database,3,109,KEEP,
https://workofarttattoo.com/healing_database_fine_line_week_2_las_vegas/,healing_database_fine_line_week_2_las_vegas/code.html,static-html-export,healing-database,Fine Line Tattoo Healing — Week 2 | Work of Art,"Fine line tattoo at week 2 (Days 8–14): what's normal, Vegas desert notes, and studio photos when documented. Work of Art Las Vegas.",Fine Line Tattoo Healing — Week 2,https://workofarttattoo.com/healing_database_fine_line_week_2_las_vegas/,"index, follow, max-snippet:-1, max-image-preview:large",true,Joshua Cole,Katelyn Cole,understand tattoo healing timing/stage,informational,medium,true,true,false,false,healing database,3,109,MERGE,healing page lacks documented real case evidence
https://workofarttattoo.com/healing_database_fine_line_week_3_las_vegas/,healing_database_fine_line_week_3_las_vegas/code.html,static-html-export,healing-database,Fine Line Tattoo Healing — Week 3 | Work of Art,"Fine line tattoo at week 3 (Days 15–21): what's normal, Vegas desert notes, and studio photos when documented. Work of Art Las Vegas.",Fine Line Tattoo Healing — Week 3,https://workofarttattoo.com/healing_database_fine_line_week_3_las_vegas/,"index, follow, max-snippet:-1, max-image-preview:large",true,Joshua Cole,Katelyn Cole,understand tattoo healing timing/stage,informational,medium,true,true,false,false,healing database,3,109,MERGE,healing page lacks documented real case evidence
https://workofarttattoo.com/healing_database_fine_line_year_1_las_vegas/,healing_database_fine_line_year_1_las_vegas/code.html,static-html-export,healing-database,Fine Line Tattoo Healing — Year 1 | Work of Art,"Fine line tattoo at year 1 (12 months): what's normal, Vegas desert notes, and studio photos when documented. Work of Art Las Vegas.",Fine Line Tattoo Healing — Year 1,https://workofarttattoo.com/healing_database_fine_line_year_1_las_vegas/,"index, follow, max-snippet:-1, max-image-preview:large",true,Joshua Cole,Katelyn Cole,understand tattoo healing timing/stage,informational,medium,true,true,true,false,healing database,2,108,KEEP,
https://workofarttattoo.com/healing_database_neo_traditional_day_1_las_vegas/,healing_database_neo_traditional_day_1_las_vegas/code.html,static-html-export,healing-database,Neo-Traditional Tattoo Healing — Day 1 | Work of Art,"Neo-traditional tattoo at day 1 (Hours 0–24 after session): what's normal, Vegas desert notes, and studio photos when documented. Work of Art Las Vegas.",Neo-Traditional Tattoo Healing — Day 1,https://workofarttattoo.com/healing_database_neo_traditional_day_1_las_vegas/,"index, follow, max-snippet:-1, max-image-preview:large",true,Joshua Cole,Katelyn Cole,understand tattoo healing timing/stage,informational,medium,true,true,true,false,healing database,2,107,KEEP,
https://workofarttattoo.com/healing_database_neo_traditional_day_2_las_vegas/,healing_database_neo_traditional_day_2_las_vegas/code.html,static-html-export,healing-database,Neo-Traditional Tattoo Healing — Day 2 | Work of Art,"Neo-traditional tattoo at day 2 (24–48 hours): what's normal, Vegas desert notes, and studio photos when documented. Work of Art Las Vegas.",Neo-Traditional Tattoo Healing — Day 2,https://workofarttattoo.com/healing_database_neo_traditional_day_2_las_vegas/,"index, follow, max-snippet:-1, max-image-preview:large",true,Joshua Cole,Katelyn Cole,understand tattoo healing timing/stage,informational,medium,true,true,false,false,healing database,3,108,MERGE,healing page lacks documented real case evidence
https://workofarttattoo.com/healing_database_neo_traditional_day_3_las_vegas/,healing_database_neo_traditional_day_3_las_vegas/code.html,static-html-export,healing-database,Neo-Traditional Tattoo Healing — Day 3 | Work of Art,"Neo-traditional tattoo at day 3 (48–72 hours): what's normal, Vegas desert notes, and studio photos when documented. Work of Art Las Vegas.",Neo-Traditional Tattoo Healing — Day 3,https://workofarttattoo.com/healing_database_neo_traditional_day_3_las_vegas/,"index, follow, max-snippet:-1, max-image-preview:large",true,Joshua Cole,Katelyn Cole,understand tattoo healing timing/stage,informational,medium,true,true,true,false,healing database,3,108,KEEP,
https://workofarttattoo.com/healing_database_neo_traditional_day_4_las_vegas/,healing_database_neo_traditional_day_4_las_vegas/code.html,static-html-export,healing-database,Neo-Traditional Tattoo Healing — Day 4 | Work of Art,"Neo-traditional tattoo at day 4 (72–96 hours): what's normal, Vegas desert notes, and studio photos when documented. Work of Art Las Vegas.",Neo-Traditional Tattoo Healing — Day 4,https://workofarttattoo.com/healing_database_neo_traditional_day_4_las_vegas/,"index, follow, max-snippet:-1, max-image-preview:large",true,Joshua Cole,Katelyn Cole,understand tattoo healing timing/stage,informational,medium,true,true,true,false,healing database,3,108,KEEP,
https://workofarttattoo.com/healing_database_neo_traditional_month_1_las_vegas/,healing_database_neo_traditional_month_1_las_vegas/code.html,static-html-export,healing-database,Neo-Traditional Tattoo Healing — Month 1 | Work of Art,"Neo-traditional tattoo at month 1 (Days 22–30): what's normal, Vegas desert notes, and studio photos when documented. Work of Art Las Vegas.",Neo-Traditional Tattoo Healing — Month 1,https://workofarttattoo.com/healing_database_neo_traditional_month_1_las_vegas/,"index, follow, max-snippet:-1, max-image-preview:large",true,Joshua Cole,Katelyn Cole,understand tattoo healing timing/stage,informational,medium,true,true,false,false,healing database,3,108,MERGE,healing page lacks documented real case evidence
https://workofarttattoo.com/healing_database_neo_traditional_month_3_las_vegas/,healing_database_neo_traditional_month_3_las_vegas/code.html,static-html-export,healing-database,Neo-Traditional Tattoo Healing — Month 3 | Work of Art,"Neo-traditional tattoo at month 3 (~90 days): what's normal, Vegas desert notes, and studio photos when documented. Work of Art Las Vegas.",Neo-Traditional Tattoo Healing — Month 3,https://workofarttattoo.com/healing_database_neo_traditional_month_3_las_vegas/,"index, follow, max-snippet:-1, max-image-preview:large",true,Joshua Cole,Katelyn Cole,understand tattoo healing timing/stage,informational,medium,true,true,false,false,healing database,3,108,MERGE,healing page lacks documented real case evidence
https://workofarttattoo.com/healing_database_neo_traditional_month_6_las_vegas/,healing_database_neo_traditional_month_6_las_vegas/code.html,static-html-export,healing-database,Neo-Traditional Tattoo Healing — Month 6 | Work of Art,"Neo-traditional tattoo at month 6 (~180 days): what's normal, Vegas desert notes, and studio photos when documented. Work of Art Las Vegas.",Neo-Traditional Tattoo Healing — Month 6,https://workofarttattoo.com/healing_database_neo_traditional_month_6_las_vegas/,"index, follow, max-snippet:-1, max-image-preview:large",true,Joshua Cole,Katelyn Cole,understand tattoo healing timing/stage,informational,medium,true,true,false,false,healing database,3,108,MERGE,healing page lacks documented real case evidence
https://workofarttattoo.com/healing_database_neo_traditional_tattoos_las_vegas/,healing_database_neo_traditional_tattoos_las_vegas/code.html,static-html-export,healing-database,Neo-Traditional Tattoo Healing Timeline — Las Vegas | Work of Art,"How neo-traditional tattoos heal day 1 to year 1 — what's normal, when to call the studio, and desert-climate notes from Work of Art Las Vegas.",Neo-Traditional Tattoo Healing — All Stages,https://workofarttattoo.com/healing_database_neo_traditional_tattoos_las_vegas/,"index, follow, max-snippet:-1, max-image-preview:large",true,Joshua Cole,Katelyn Cole,understand tattoo healing timing/stage,informational,medium,true,true,false,false,healing database,12,114,MERGE,healing page lacks documented real case evidence
https://workofarttattoo.com/healing_database_neo_traditional_week_1_las_vegas/,healing_database_neo_traditional_week_1_las_vegas/code.html,static-html-export,healing-database,Neo-Traditional Tattoo Healing — Week 1 | Work of Art,"Neo-traditional tattoo at week 1 (Days 5–7): what's normal, Vegas desert notes, and studio photos when documented. Work of Art Las Vegas.",Neo-Traditional Tattoo Healing — Week 1,https://workofarttattoo.com/healing_database_neo_traditional_week_1_las_vegas/,"index, follow, max-snippet:-1, max-image-preview:large",true,Joshua Cole,Katelyn Cole,understand tattoo healing timing/stage,informational,medium,true,true,true,false,healing database,3,108,KEEP,
https://workofarttattoo.com/healing_database_neo_traditional_week_2_las_vegas/,healing_database_neo_traditional_week_2_las_vegas/code.html,static-html-export,healing-database,Neo-Traditional Tattoo Healing — Week 2 | Work of Art,"Neo-traditional tattoo at week 2 (Days 8–14): what's normal, Vegas desert notes, and studio photos when documented. Work of Art Las Vegas.",Neo-Traditional Tattoo Healing — Week 2,https://workofarttattoo.com/healing_database_neo_traditional_week_2_las_vegas/,"index, follow, max-snippet:-1, max-image-preview:large",true,Joshua Cole,Katelyn Cole,understand tattoo healing timing/stage,informational,medium,true,true,false,false,healing database,3,108,MERGE,healing page lacks documented real case evidence
https://workofarttattoo.com/healing_database_neo_traditional_week_3_las_vegas/,healing_database_neo_traditional_week_3_las_vegas/code.html,static-html-export,healing-database,Neo-Traditional Tattoo Healing — Week 3 | Work of Art,"Neo-traditional tattoo at week 3 (Days 15–21): what's normal, Vegas desert notes, and studio photos when documented. Work of Art Las Vegas.",Neo-Traditional Tattoo Healing — Week 3,https://workofarttattoo.com/healing_database_neo_traditional_week_3_las_vegas/,"index, follow, max-snippet:-1, max-image-preview:large",true,Joshua Cole,Katelyn Cole,understand tattoo healing timing/stage,informational,medium,true,true,false,false,healing database,3,108,MERGE,healing page lacks documented real case evidence
https://workofarttattoo.com/healing_database_neo_traditional_year_1_las_vegas/,healing_database_neo_traditional_year_1_las_vegas/code.html,static-html-export,healing-database,Neo-Traditional Tattoo Healing — Year 1 | Work of Art,"Neo-traditional tattoo at year 1 (12 months): what's normal, Vegas desert notes, and studio photos when documented. Work of Art Las Vegas.",Neo-Traditional Tattoo Healing — Year 1,https://workofarttattoo.com/healing_database_neo_traditional_year_1_las_vegas/,"index, follow, max-snippet:-1, max-image-preview:large",true,Joshua Cole,Katelyn Cole,understand tattoo healing timing/stage,informational,medium,true,true,true,false,healing database,2,107,KEEP,
https://workofarttattoo.com/healing_database_portraits_day_1_las_vegas/,healing_database_portraits_day_1_las_vegas/code.html,static-html-export,healing-database,Portraits Tattoo Healing — Day 1 | Work of Art,"Portraits tattoo at day 1 (Hours 0–24 after session): what's normal, Vegas desert notes, and studio photos when documented. Work of Art Las Vegas.",Portraits Tattoo Healing — Day 1,https://workofarttattoo.com/healing_database_portraits_day_1_las_vegas/,"index, follow, max-snippet:-1, max-image-preview:large",true,Joshua Cole,Katelyn Cole,understand tattoo healing timing/stage,informational,medium,true,true,true,false,healing database,2,106,KEEP,
https://workofarttattoo.com/healing_database_portraits_day_2_las_vegas/,healing_database_portraits_day_2_las_vegas/code.html,static-html-export,healing-database,Portraits Tattoo Healing — Day 2 | Work of Art,"Portraits tattoo at day 2 (24–48 hours): what's normal, Vegas desert notes, and studio photos when documented. Work of Art Las Vegas.",Portraits Tattoo Healing — Day 2,https://workofarttattoo.com/healing_database_portraits_day_2_las_vegas/,"index, follow, max-snippet:-1, max-image-preview:large",true,Joshua Cole,Katelyn Cole,understand tattoo healing timing/stage,informational,medium,true,true,false,false,healing database,3,109,MERGE,healing page lacks documented real case evidence
https://workofarttattoo.com/healing_database_portraits_day_3_las_vegas/,healing_database_portraits_day_3_las_vegas/code.html,static-html-export,healing-database,Portraits Tattoo Healing — Day 3 | Work of Art,"Portraits tattoo at day 3 (48–72 hours): what's normal, Vegas desert notes, and studio photos when documented. Work of Art Las Vegas.",Portraits Tattoo Healing — Day 3,https://workofarttattoo.com/healing_database_portraits_day_3_las_vegas/,"index, follow, max-snippet:-1, max-image-preview:large",true,Joshua Cole,Katelyn Cole,understand tattoo healing timing/stage,informational,medium,true,true,true,false,healing database,3,109,KEEP,
https://workofarttattoo.com/healing_database_portraits_day_4_las_vegas/,healing_database_portraits_day_4_las_vegas/code.html,static-html-export,healing-database,Portraits Tattoo Healing — Day 4 | Work of Art,"Portraits tattoo at day 4 (72–96 hours): what's normal, Vegas desert notes, and studio photos when documented. Work of Art Las Vegas.",Portraits Tattoo Healing — Day 4,https://workofarttattoo.com/healing_database_portraits_day_4_las_vegas/,"index, follow, max-snippet:-1, max-image-preview:large",true,Joshua Cole,Katelyn Cole,understand tattoo healing timing/stage,informational,medium,true,true,true,false,healing database,3,109,KEEP,
https://workofarttattoo.com/healing_database_portraits_month_1_las_vegas/,healing_database_portraits_month_1_las_vegas/code.html,static-html-export,healing-database,Portraits Tattoo Healing — Month 1 | Work of Art,"Portraits tattoo at month 1 (Days 22–30): what's normal, Vegas desert notes, and studio photos when documented. Work of Art Las Vegas.",Portraits Tattoo Healing — Month 1,https://workofarttattoo.com/healing_database_portraits_month_1_las_vegas/,"index, follow, max-snippet:-1, max-image-preview:large",true,Joshua Cole,Katelyn Cole,understand tattoo healing timing/stage,informational,medium,true,true,false,false,healing database,3,109,MERGE,healing page lacks documented real case evidence
https://workofarttattoo.com/healing_database_portraits_month_3_las_vegas/,healing_database_portraits_month_3_las_vegas/code.html,static-html-export,healing-database,Portraits Tattoo Healing — Month 3 | Work of Art,"Portraits tattoo at month 3 (~90 days): what's normal, Vegas desert notes, and studio photos when documented. Work of Art Las Vegas.",Portraits Tattoo Healing — Month 3,https://workofarttattoo.com/healing_database_portraits_month_3_las_vegas/,"index, follow, max-snippet:-1, max-image-preview:large",true,Joshua Cole,Katelyn Cole,understand tattoo healing timing/stage,informational,medium,true,true,false,false,healing database,3,107,MERGE,healing page lacks documented real case evidence
https://workofarttattoo.com/healing_database_portraits_month_6_las_vegas/,healing_database_portraits_month_6_las_vegas/code.html,static-html-export,healing-database,Portraits Tattoo Healing — Month 6 | Work of Art,"Portraits tattoo at month 6 (~180 days): what's normal, Vegas desert notes, and studio photos when documented. Work of Art Las Vegas.",Portraits Tattoo Healing — Month 6,https://workofarttattoo.com/healing_database_portraits_month_6_las_vegas/,"index, follow, max-snippet:-1, max-image-preview:large",true,Joshua Cole,Katelyn Cole,understand tattoo healing timing/stage,informational,medium,true,true,false,false,healing database,3,109,MERGE,healing page lacks documented real case evidence
https://workofarttattoo.com/healing_database_portraits_tattoos_las_vegas/,healing_database_portraits_tattoos_las_vegas/code.html,static-html-export,healing-database,Portraits Tattoo Healing Timeline — Las Vegas | Work of Art,"How portraits tattoos heal day 1 to year 1 — what's normal, when to call the studio, and desert-climate notes from Work of Art Las Vegas.",Portraits Tattoo Healing — All Stages,https://workofarttattoo.com/healing_database_portraits_tattoos_las_vegas/,"index, follow, max-snippet:-1, max-image-preview:large",true,Joshua Cole,Katelyn Cole,understand tattoo healing timing/stage,informational,medium,true,true,false,false,healing database,12,116,MERGE,healing page lacks documented real case evidence
https://workofarttattoo.com/healing_database_portraits_week_1_las_vegas/,healing_database_portraits_week_1_las_vegas/code.html,static-html-export,healing-database,Portraits Tattoo Healing — Week 1 | Work of Art,"Portraits tattoo at week 1 (Days 5–7): what's normal, Vegas desert notes, and studio photos when documented. Work of Art Las Vegas.",Portraits Tattoo Healing — Week 1,https://workofarttattoo.com/healing_database_portraits_week_1_las_vegas/,"index, follow, max-snippet:-1, max-image-preview:large",true,Joshua Cole,Katelyn Cole,understand tattoo healing timing/stage,informational,medium,true,true,true,false,healing database,3,109,KEEP,
https://workofarttattoo.com/healing_database_portraits_week_2_las_vegas/,healing_database_portraits_week_2_las_vegas/code.html,static-html-export,healing-database,Portraits Tattoo Healing — Week 2 | Work of Art,"Portraits tattoo at week 2 (Days 8–14): what's normal, Vegas desert notes, and studio photos when documented. Work of Art Las Vegas.",Portraits Tattoo Healing — Week 2,https://workofarttattoo.com/healing_database_portraits_week_2_las_vegas/,"index, follow, max-snippet:-1, max-image-preview:large",true,Joshua Cole,Katelyn Cole,understand tattoo healing timing/stage,informational,medium,true,true,false,false,healing database,3,109,MERGE,healing page lacks documented real case evidence
https://workofarttattoo.com/healing_database_portraits_week_3_las_vegas/,healing_database_portraits_week_3_las_vegas/code.html,static-html-export,healing-database,Portraits Tattoo Healing — Week 3 | Work of Art,"Portraits tattoo at week 3 (Days 15–21): what's normal, Vegas desert notes, and studio photos when documented. Work of Art Las Vegas.",Portraits Tattoo Healing — Week 3,https://workofarttattoo.com/healing_database_portraits_week_3_las_vegas/,"index, follow, max-snippet:-1, max-image-preview:large",true,Joshua Cole,Katelyn Cole,understand tattoo healing timing/stage,informational,medium,true,true,false,false,healing database,3,109,MERGE,healing page lacks documented real case evidence
https://workofarttattoo.com/healing_database_portraits_year_1_las_vegas/,healing_database_portraits_year_1_las_vegas/code.html,static-html-export,healing-database,Portraits Tattoo Healing — Year 1 | Work of Art,"Portraits tattoo at year 1 (12 months): what's normal, Vegas desert notes, and studio photos when documented. Work of Art Las Vegas.",Portraits Tattoo Healing — Year 1,https://workofarttattoo.com/healing_database_portraits_year_1_las_vegas/,"index, follow, max-snippet:-1, max-image-preview:large",true,Joshua Cole,Katelyn Cole,understand tattoo healing timing/stage,informational,medium,true,true,true,false,healing database,2,106,KEEP,
https://workofarttattoo.com/healing_database_tattoo_day_1_las_vegas/,healing_database_tattoo_day_1_las_vegas/code.html,static-html-export,healing-database,Tattoo Healing Day 1 — What to Expect | Work of Art,"Fresh tattoo — bandage-off to first full sleep. Normal healing signs, red flags, and Las Vegas desert aftercare at day 1 (Hours 0–24 after session). Work of Art",Tattoo Healing Day 1 — What to Expect,https://workofarttattoo.com/healing_database_tattoo_day_1_las_vegas/,"index, follow, max-snippet:-1, max-image-preview:large",true,Joshua Cole,Katelyn Cole,understand tattoo healing timing/stage,informational,medium,true,true,true,false,healing database,9,103,KEEP,
https://workofarttattoo.com/healing_database_tattoo_day_2_las_vegas/,healing_database_tattoo_day_2_las_vegas/code.html,static-html-export,healing-database,Tattoo Healing Day 2 — What to Expect | Work of Art,"First wash, light lotion, plasma slowing down. Normal healing signs, red flags, and Las Vegas desert aftercare at day 2 (24–48 hours). Work of Art Tattoo & Pier",Tattoo Healing Day 2 — What to Expect,https://workofarttattoo.com/healing_database_tattoo_day_2_las_vegas/,"index, follow, max-snippet:-1, max-image-preview:large",true,Joshua Cole,Katelyn Cole,understand tattoo healing timing/stage,informational,medium,true,true,false,false,healing database,3,106,MERGE,healing page lacks documented real case evidence
https://workofarttattoo.com/healing_database_tattoo_day_3_las_vegas/,healing_database_tattoo_day_3_las_vegas/code.html,static-html-export,healing-database,Tattoo Healing Day 3 — What to Expect | Work of Art,"Peel phase begins on thin skin. Normal healing signs, red flags, and Las Vegas desert aftercare at day 3 (48–72 hours). Work of Art Tattoo & Piercing.",Tattoo Healing Day 3 — What to Expect,https://workofarttattoo.com/healing_database_tattoo_day_3_las_vegas/,"index, follow, max-snippet:-1, max-image-preview:large",true,Joshua Cole,Katelyn Cole,understand tattoo healing timing/stage,informational,medium,true,true,true,false,healing database,3,106,KEEP,
https://workofarttattoo.com/healing_database_tattoo_day_4_las_vegas/,healing_database_tattoo_day_4_las_vegas/code.html,static-html-export,healing-database,Tattoo Healing Day 4 — What to Expect | Work of Art,"Active peeling — keep hands off. Normal healing signs, red flags, and Las Vegas desert aftercare at day 4 (72–96 hours). Work of Art Tattoo & Piercing.",Tattoo Healing Day 4 — What to Expect,https://workofarttattoo.com/healing_database_tattoo_day_4_las_vegas/,"index, follow, max-snippet:-1, max-image-preview:large",true,Joshua Cole,Katelyn Cole,understand tattoo healing timing/stage,informational,medium,true,true,true,false,healing database,3,106,KEEP,
https://workofarttattoo.com/healing_database_tattoo_month_1_las_vegas/,healing_database_tattoo_month_1_las_vegas/code.html,static-html-export,healing-database,Tattoo Healing Month 1 — What to Expect | Work of Art,"Fully closed skin — SPF habit starts. Normal healing signs, red flags, and Las Vegas desert aftercare at month 1 (Days 22–30). Work of Art Tattoo & Piercing.",Tattoo Healing Month 1 — What to Expect,https://workofarttattoo.com/healing_database_tattoo_month_1_las_vegas/,"index, follow, max-snippet:-1, max-image-preview:large",true,Joshua Cole,Katelyn Cole,understand tattoo healing timing/stage,informational,medium,true,true,false,false,healing database,3,106,MERGE,healing page lacks documented real case evidence
https://workofarttattoo.com/healing_database_tattoo_month_3_las_vegas/,healing_database_tattoo_month_3_las_vegas/code.html,static-html-export,healing-database,Tattoo Healing Month 3 — What to Expect | Work of Art,"True healed appearance for most styles. Normal healing signs, red flags, and Las Vegas desert aftercare at month 3 (~90 days). Work of Art Tattoo & Piercing.",Tattoo Healing Month 3 — What to Expect,https://workofarttattoo.com/healing_database_tattoo_month_3_las_vegas/,"index, follow, max-snippet:-1, max-image-preview:large",true,Joshua Cole,Katelyn Cole,understand tattoo healing timing/stage,informational,medium,true,true,false,false,healing database,3,104,MERGE,healing page lacks documented real case evidence
https://workofarttattoo.com/healing_database_tattoo_month_6_las_vegas/,healing_database_tattoo_month_6_las_vegas/code.html,static-html-export,healing-database,Tattoo Healing Month 6 — What to Expect | Work of Art,"Mid-term aging check. Normal healing signs, red flags, and Las Vegas desert aftercare at month 6 (~180 days). Work of Art Tattoo & Piercing.",Tattoo Healing Month 6 — What to Expect,https://workofarttattoo.com/healing_database_tattoo_month_6_las_vegas/,"index, follow, max-snippet:-1, max-image-preview:large",true,Joshua Cole,Katelyn Cole,understand tattoo healing timing/stage,informational,medium,true,true,false,false,healing database,3,104,MERGE,healing page lacks documented real case evidence
https://workofarttattoo.com/healing_database_tattoo_timeline_encyclopedia_las_vegas/,healing_database_tattoo_timeline_encyclopedia_las_vegas/code.html,static-html-export,healing-database,Tattoo Healing Database — Timeline Encyclopedia | Work of Art,"Day 1 through year 1 tattoo healing encyclopedia — black & grey, color, fine line, traditional, neo-traditional, cover-ups, and portraits. Las Vegas desert aftercare notes and honest studio photos.",Tattoo Healing Database — Timeline Encyclopedia,https://workofarttattoo.com/healing_database_tattoo_timeline_encyclopedia_las_vegas/,"index, follow, max-snippet:-1, max-image-preview:large",true,Joshua Cole,Katelyn Cole,understand tattoo healing timing/stage,informational,medium,true,true,true,false,healing database,612,127,KEEP,
https://workofarttattoo.com/healing_database_tattoo_week_1_las_vegas/,healing_database_tattoo_week_1_las_vegas/code.html,static-html-export,healing-database,Tattoo Healing Week 1 — What to Expect | Work of Art,"End of first week — peel finishing on small pieces. Normal healing signs, red flags, and Las Vegas desert aftercare at week 1 (Days 5–7). Work of Art Tattoo & P",Tattoo Healing Week 1 — What to Expect,https://workofarttattoo.com/healing_database_tattoo_week_1_las_vegas/,"index, follow, max-snippet:-1, max-image-preview:large",true,Joshua Cole,Katelyn Cole,understand tattoo healing timing/stage,informational,medium,true,true,true,false,healing database,3,106,KEEP,
https://workofarttattoo.com/healing_database_tattoo_week_2_las_vegas/,healing_database_tattoo_week_2_las_vegas/code.html,static-html-export,healing-database,Tattoo Healing Week 2 — What to Expect | Work of Art,"Surface heal — still not sun-ready. Normal healing signs, red flags, and Las Vegas desert aftercare at week 2 (Days 8–14). Work of Art Tattoo & Piercing.",Tattoo Healing Week 2 — What to Expect,https://workofarttattoo.com/healing_database_tattoo_week_2_las_vegas/,"index, follow, max-snippet:-1, max-image-preview:large",true,Joshua Cole,Katelyn Cole,understand tattoo healing timing/stage,informational,medium,true,true,false,false,healing database,3,106,MERGE,healing page lacks documented real case evidence
https://workofarttattoo.com/healing_database_tattoo_week_3_las_vegas/,healing_database_tattoo_week_3_las_vegas/code.html,static-html-export,healing-database,Tattoo Healing Week 3 — What to Expect | Work of Art,"Settling begins — contrast returns slowly. Normal healing signs, red flags, and Las Vegas desert aftercare at week 3 (Days 15–21). Work of Art Tattoo & Piercing",Tattoo Healing Week 3 — What to Expect,https://workofarttattoo.com/healing_database_tattoo_week_3_las_vegas/,"index, follow, max-snippet:-1, max-image-preview:large",true,Joshua Cole,Katelyn Cole,understand tattoo healing timing/stage,informational,medium,true,true,false,false,healing database,3,106,MERGE,healing page lacks documented real case evidence
https://workofarttattoo.com/healing_database_tattoo_year_1_las_vegas/,healing_database_tattoo_year_1_las_vegas/code.html,static-html-export,healing-database,Tattoo Healing Year 1 — What to Expect | Work of Art,"Long-term proof — how Vegas wear treats ink. Normal healing signs, red flags, and Las Vegas desert aftercare at year 1 (12 months). Work of Art Tattoo & Piercin",Tattoo Healing Year 1 — What to Expect,https://workofarttattoo.com/healing_database_tattoo_year_1_las_vegas/,"index, follow, max-snippet:-1, max-image-preview:large",true,Joshua Cole,Katelyn Cole,understand tattoo healing timing/stage,informational,medium,true,true,true,false,healing database,2,103,KEEP,
https://workofarttattoo.com/healing_database_traditional_day_1_las_vegas/,healing_database_traditional_day_1_las_vegas/code.html,static-html-export,healing-database,Traditional Tattoo Healing — Day 1 | Work of Art,"Traditional tattoo at day 1 (Hours 0–24 after session): what's normal, Vegas desert notes, and studio photos when documented. Work of Art Las Vegas.",Traditional Tattoo Healing — Day 1,https://workofarttattoo.com/healing_database_traditional_day_1_las_vegas/,"index, follow, max-snippet:-1, max-image-preview:large",true,Joshua Cole,Katelyn Cole,understand tattoo healing timing/stage,informational,medium,true,true,true,false,healing database,2,107,KEEP,
https://workofarttattoo.com/healing_database_traditional_day_2_las_vegas/,healing_database_traditional_day_2_las_vegas/code.html,static-html-export,healing-database,Traditional Tattoo Healing — Day 2 | Work of Art,"Traditional tattoo at day 2 (24–48 hours): what's normal, Vegas desert notes, and studio photos when documented. Work of Art Las Vegas.",Traditional Tattoo Healing — Day 2,https://workofarttattoo.com/healing_database_traditional_day_2_las_vegas/,"index, follow, max-snippet:-1, max-image-preview:large",true,Joshua Cole,Katelyn Cole,understand tattoo healing timing/stage,informational,medium,true,true,false,false,healing database,3,108,MERGE,healing page lacks documented real case evidence
https://workofarttattoo.com/healing_database_traditional_day_3_las_vegas/,healing_database_traditional_day_3_las_vegas/code.html,static-html-export,healing-database,Traditional Tattoo Healing — Day 3 | Work of Art,"Traditional tattoo at day 3 (48–72 hours): what's normal, Vegas desert notes, and studio photos when documented. Work of Art Las Vegas.",Traditional Tattoo Healing — Day 3,https://workofarttattoo.com/healing_database_traditional_day_3_las_vegas/,"index, follow, max-snippet:-1, max-image-preview:large",true,Joshua Cole,Katelyn Cole,understand tattoo healing timing/stage,informational,medium,true,true,true,false,healing database,3,108,KEEP,
https://workofarttattoo.com/healing_database_traditional_day_4_las_vegas/,healing_database_traditional_day_4_las_vegas/code.html,static-html-export,healing-database,Traditional Tattoo Healing — Day 4 | Work of Art,"Traditional tattoo at day 4 (72–96 hours): what's normal, Vegas desert notes, and studio photos when documented. Work of Art Las Vegas.",Traditional Tattoo Healing — Day 4,https://workofarttattoo.com/healing_database_traditional_day_4_las_vegas/,"index, follow, max-snippet:-1, max-image-preview:large",true,Joshua Cole,Katelyn Cole,understand tattoo healing timing/stage,informational,medium,true,true,true,false,healing database,3,108,KEEP,
https://workofarttattoo.com/healing_database_traditional_month_1_las_vegas/,healing_database_traditional_month_1_las_vegas/code.html,static-html-export,healing-database,Traditional Tattoo Healing — Month 1 | Work of Art,"Traditional tattoo at month 1 (Days 22–30): what's normal, Vegas desert notes, and studio photos when documented. Work of Art Las Vegas.",Traditional Tattoo Healing — Month 1,https://workofarttattoo.com/healing_database_traditional_month_1_las_vegas/,"index, follow, max-snippet:-1, max-image-preview:large",true,Joshua Cole,Katelyn Cole,understand tattoo healing timing/stage,informational,medium,true,true,false,false,healing database,3,108,MERGE,healing page lacks documented real case evidence
https://workofarttattoo.com/healing_database_traditional_month_3_las_vegas/,healing_database_traditional_month_3_las_vegas/code.html,static-html-export,healing-database,Traditional Tattoo Healing — Month 3 | Work of Art,"Traditional tattoo at month 3 (~90 days): what's normal, Vegas desert notes, and studio photos when documented. Work of Art Las Vegas.",Traditional Tattoo Healing — Month 3,https://workofarttattoo.com/healing_database_traditional_month_3_las_vegas/,"index, follow, max-snippet:-1, max-image-preview:large",true,Joshua Cole,Katelyn Cole,understand tattoo healing timing/stage,informational,medium,true,true,false,false,healing database,3,108,MERGE,healing page lacks documented real case evidence
https://workofarttattoo.com/healing_database_traditional_month_6_las_vegas/,healing_database_traditional_month_6_las_vegas/code.html,static-html-export,healing-database,Traditional Tattoo Healing — Month 6 | Work of Art,"Traditional tattoo at month 6 (~180 days): what's normal, Vegas desert notes, and studio photos when documented. Work of Art Las Vegas.",Traditional Tattoo Healing — Month 6,https://workofarttattoo.com/healing_database_traditional_month_6_las_vegas/,"index, follow, max-snippet:-1, max-image-preview:large",true,Joshua Cole,Katelyn Cole,understand tattoo healing timing/stage,informational,medium,true,true,false,false,healing database,3,108,MERGE,healing page lacks documented real case evidence
https://workofarttattoo.com/healing_database_traditional_tattoos_las_vegas/,healing_database_traditional_tattoos_las_vegas/code.html,static-html-export,healing-database,Traditional Tattoo Healing Timeline — Las Vegas | Work of Art,"How traditional tattoos heal day 1 to year 1 — what's normal, when to call the studio, and desert-climate notes from Work of Art Las Vegas.",Traditional Tattoo Healing — All Stages,https://workofarttattoo.com/healing_database_traditional_tattoos_las_vegas/,"index, follow, max-snippet:-1, max-image-preview:large",true,Joshua Cole,Katelyn Cole,understand tattoo healing timing/stage,informational,medium,true,true,false,false,healing database,12,114,MERGE,healing page lacks documented real case evidence
https://workofarttattoo.com/healing_database_traditional_week_1_las_vegas/,healing_database_traditional_week_1_las_vegas/code.html,static-html-export,healing-database,Traditional Tattoo Healing — Week 1 | Work of Art,"Traditional tattoo at week 1 (Days 5–7): what's normal, Vegas desert notes, and studio photos when documented. Work of Art Las Vegas.",Traditional Tattoo Healing — Week 1,https://workofarttattoo.com/healing_database_traditional_week_1_las_vegas/,"index, follow, max-snippet:-1, max-image-preview:large",true,Joshua Cole,Katelyn Cole,understand tattoo healing timing/stage,informational,medium,true,true,true,false,healing database,3,108,KEEP,
https://workofarttattoo.com/healing_database_traditional_week_2_las_vegas/,healing_database_traditional_week_2_las_vegas/code.html,static-html-export,healing-database,Traditional Tattoo Healing — Week 2 | Work of Art,"Traditional tattoo at week 2 (Days 8–14): what's normal, Vegas desert notes, and studio photos when documented. Work of Art Las Vegas.",Traditional Tattoo Healing — Week 2,https://workofarttattoo.com/healing_database_traditional_week_2_las_vegas/,"index, follow, max-snippet:-1, max-image-preview:large",true,Joshua Cole,Katelyn Cole,understand tattoo healing timing/stage,informational,medium,true,true,false,false,healing database,3,108,MERGE,healing page lacks documented real case evidence
https://workofarttattoo.com/healing_database_traditional_week_3_las_vegas/,healing_database_traditional_week_3_las_vegas/code.html,static-html-export,healing-database,Traditional Tattoo Healing — Week 3 | Work of Art,"Traditional tattoo at week 3 (Days 15–21): what's normal, Vegas desert notes, and studio photos when documented. Work of Art Las Vegas.",Traditional Tattoo Healing — Week 3,https://workofarttattoo.com/healing_database_traditional_week_3_las_vegas/,"index, follow, max-snippet:-1, max-image-preview:large",true,Joshua Cole,Katelyn Cole,understand tattoo healing timing/stage,informational,medium,true,true,false,false,healing database,3,108,MERGE,healing page lacks documented real case evidence
https://workofarttattoo.com/healing_database_traditional_year_1_las_vegas/,healing_database_traditional_year_1_las_vegas/code.html,static-html-export,healing-database,Traditional Tattoo Healing — Year 1 | Work of Art,"Traditional tattoo at year 1 (12 months): what's normal, Vegas desert notes, and studio photos when documented. Work of Art Las Vegas.",Traditional Tattoo Healing — Year 1,https://workofarttattoo.com/healing_database_traditional_year_1_las_vegas/,"index, follow, max-snippet:-1, max-image-preview:large",true,Joshua Cole,Katelyn Cole,understand tattoo healing timing/stage,informational,medium,true,true,true,false,healing database,2,107,KEEP,
https://workofarttattoo.com/helix-piercing-las-vegas/,helix-piercing-las-vegas/code.html,static-html-export,piercing,Helix Piercing Las Vegas | Katelyn Cole | Work of Art,"Helix piercing in Las Vegas with Katelyn Cole. Anatomy checks, implant-grade titanium jewelry, downsizing, aftercare, and curated ears near the Strip.",The Complete Helix Piercing Guide,https://workofarttattoo.com/helix-piercing-las-vegas/,"index, follow, max-snippet:-1, max-image-preview:large",true,Joshua Cole,Katelyn Cole,learn about or book piercing service: helix piercing las vegas,mixed,high,true,true,true,false,,455,141,KEEP,
https://workofarttattoo.com/helix_piercing_las_vegas_authority_guide/,helix_piercing_las_vegas_authority_guide/code.html,static-html-export,piercing,Helix Piercing — Katelyn Cole | Work of Art Las Vegas | Work of Art,"Helix Piercing — Katelyn Cole | Work of Art Las Vegas | Work of Art — Work of Art Tattoo & Piercing, Las Vegas. Custom tattoos, piercing, and walk-ins…",The Complete Helix Piercing Guide,https://workofarttattoo.com/helix-piercing-las-vegas/,"index, follow, max-snippet:-1, max-image-preview:large",true,Joshua Cole,Katelyn Cole,learn about or book piercing service: helix piercing las vegas authority guide,mixed,high,true,true,true,false,,0,137,KEEP,not in sitemap
https://workofarttattoo.com/high_nostril_piercing_las_vegas_authority_guide/,high_nostril_piercing_las_vegas_authority_guide/code.html,static-html-export,piercing,High Nostril Piercing — Katelyn Cole | Work of Art Las Vegas | Work of Art,"High Nostril Piercing — Katelyn Cole | Work of Art Las Vegas | Work of Art — Work of Art Tattoo & Piercing, Las Vegas. Custom tattoos, piercing, and…",The Complete High Nostril Piercing Guide,https://workofarttattoo.com/high_nostril_piercing_las_vegas_authority_guide/,"index, follow, max-snippet:-1, max-image-preview:large",true,Joshua Cole,Katelyn Cole,learn about or book piercing service: high nostril piercing las vegas authority guide,mixed,high,true,true,true,false,,3,130,KEEP,
https://workofarttattoo.com/home_work_of_art_tattoo_piercing/,home_work_of_art_tattoo_piercing/code.html,static-html-export,piercing,Work of Art Studio Homepage Export | Tattoo & Piercing Las Vegas,"Tattoo and piercing shop near the Las Vegas Strip on E. Tropicana. Walk-ins welcome, free consults, cover-up tattoos, and piercing with Joshua and Katelyn.",You're welcome here — questions included.,https://workofarttattoo.com/,"index, follow, max-snippet:-1, max-image-preview:large",true,Joshua Cole,Katelyn Cole,learn about or book piercing service: home work of art tattoo piercing,mixed,high,true,true,true,false,,0,137,KEEP,
https://workofarttattoo.com/how_much_do_tattoos_cost_in_las_vegas_authority_guide/,how_much_do_tattoos_cost_in_las_vegas_authority_guide/code.html,static-html-export,tattoo,Tattoo Pricing | Work of Art Las Vegas | Work of Art,"Transparent breakdown of shop rates, artist tiers, size, and what affects your quote. Work of Art Tattoo & Piercing, Las Vegas — E. Tropicana.",How Much Do Tattoos Cost in Las Vegas?,https://workofarttattoo.com/how_much_do_tattoos_cost_in_las_vegas_authority_guide/,"index, follow, max-snippet:-1, max-image-preview:large",true,Joshua Cole,Katelyn Cole,learn about or book tattoo service/topic: how much do tattoos cost in las vegas authority guide,mixed,high,true,true,true,true,,448,118,KEEP,
https://workofarttattoo.com/how_to_choose_a_tattoo_artist_master_selection_guide_2/,how_to_choose_a_tattoo_artist_master_selection_guide_2/code.html,static-html-export,tattoo,Choosing a Tattoo Artist — Joshua Cole | Work of Art,"Portfolio signals, hygiene standards, and matching the right artist to your vision. Work of Art Tattoo & Piercing, Las Vegas — E. Tropicana.",The Selection of a Masterpiece,https://workofarttattoo.com/how_to_choose_a_tattoo_artist_master_selection_guide_2/,"index, follow, max-snippet:-1, max-image-preview:large",true,Joshua Cole,Katelyn Cole,learn about or book tattoo service/topic: how to choose a tattoo artist master selection guide 2,mixed,high,true,true,true,false,,444,115,KEEP,
https://workofarttattoo.com/hypodermis_skin_science_las_vegas_authority_guide/,hypodermis_skin_science_las_vegas_authority_guide/code.html,static-html-export,tattoo,The Hypodermis — Fat Layer & Tattoo Limits | Work of Art,"Why tattoo artists avoid the hypodermis (fat layer) — blowouts, migration, and anatomy limits by body area. Skin science from Work of Art Las Vegas.",The Hypodermis — Fat Layer & Tattoo Limits,https://workofarttattoo.com/hypodermis_skin_science_las_vegas_authority_guide/,"index, follow, max-snippet:-1, max-image-preview:large",true,Joshua Cole,Katelyn Cole,learn about or book tattoo service/topic: hypodermis skin science las vegas authority guide,mixed,high,true,true,true,false,,3,111,KEEP,
https://workofarttattoo.com/image-license/,image-license/code.html,static-html-export,other,Image License & Usage | Work of Art Tattoo & Piercing,"Image licensing, copyright, credit, and usage information for Work of Art Tattoo & Piercing photography and artwork.",Image License & Usage,https://workofarttattoo.com/image-license/,"index, follow",true,Joshua Cole,Katelyn Cole,understand page topic: Image License & Usage | Work of Art Tattoo & Piercing,mixed,medium,false,true,false,false,,0,8,IMPROVE,
https://workofarttattoo.com/industrial_piercing_las_vegas_authority_guide/,industrial_piercing_las_vegas_authority_guide/code.html,static-html-export,piercing,Industrial Piercing — Katelyn Cole | Work of Art Las Vegas | Work of Art,"Industrial Piercing — Katelyn Cole | Work of Art Las Vegas | Work of Art — Work of Art Tattoo & Piercing, Las Vegas. Custom tattoos, piercing, and…",The Complete Industrial Piercing Guide,https://workofarttattoo.com/industrial_piercing_las_vegas_authority_guide/,"index, follow, max-snippet:-1, max-image-preview:large",true,Joshua Cole,Katelyn Cole,learn about or book piercing service: industrial piercing las vegas authority guide,mixed,high,true,true,true,false,,6,132,KEEP,
https://workofarttattoo.com/jay_jay_artist_portfolio_authentic_masterpieces/,jay_jay_artist_portfolio_authentic_masterpieces/code.html,static-html-export,other,Jay Jay | Realism Tattoo Artist Las Vegas | Work of Art,"Jay Jay | Realism Tattoo Artist Las Vegas | Work of Art — Work of Art Tattoo & Piercing, Las Vegas. Custom tattoos, piercing, and walk-ins near the Strip.",Jay Jay - Professional Artist & Rising Star of Las Vegas Realism,https://workofarttattoo.com/jay_jay_artist_portfolio_authentic_masterpieces/,"index, follow, max-snippet:-1, max-image-preview:large",true,Joshua Cole,Katelyn Cole,understand page topic: Jay Jay | Realism Tattoo Artist Las Vegas | Work of Art,mixed,medium,true,true,false,false,,1,122,KEEP,not in sitemap
https://workofarttattoo.com/joshua_oil_painting_black_grey_tattoo_aging_las_vegas/,joshua_oil_painting_black_grey_tattoo_aging_las_vegas/code.html,static-html-export,tattoo,Why Oil Painting Training Shapes How My Black & Grey Tattoos Age | Work of Art,"Joshua Cole on values, contrast, composition, and edge control — how classical painting principles influence black and grey tattoo design for long-term healing in Las Vegas.",Why Oil Painting Training Shapes How My Black & Grey Tattoos Age,https://workofarttattoo.com/joshua_oil_painting_black_grey_tattoo_aging_las_vegas/,"index, follow, max-snippet:-1, max-image-preview:large",true,Joshua Cole,Katelyn Cole,learn about or book tattoo service/topic: joshua oil painting black grey tattoo aging las vegas,mixed,high,true,true,true,false,,1,101,KEEP,
https://workofarttattoo.com/katelyn_anatomy_matters_las_vegas_authority_guide/,katelyn_anatomy_matters_las_vegas_authority_guide/code.html,static-html-export,other,Why Anatomy Matters | Work of Art,"Why Anatomy Matters | Work of Art — Work of Art Tattoo & Piercing, Las Vegas. Custom tattoos, piercing, and walk-ins near the Strip.",Why Anatomy Matters,https://workofarttattoo.com/katelyn_anatomy_matters_las_vegas_authority_guide/,"index, follow, max-snippet:-1, max-image-preview:large",true,Joshua Cole,Katelyn Cole,understand page topic: Why Anatomy Matters | Work of Art,mixed,medium,true,true,true,false,,35,101,KEEP,
https://workofarttattoo.com/katelyn_butterfly_backs_truth_las_vegas_authority_guide/,katelyn_butterfly_backs_truth_las_vegas_authority_guide/code.html,static-html-export,other,The Truth About Butterfly Backs | Work of Art,"The Truth About Butterfly Backs | Work of Art — Work of Art Tattoo & Piercing, Las Vegas. Custom tattoos, piercing, and walk-ins near the Strip.",The Truth About Butterfly Backs,https://workofarttattoo.com/katelyn_butterfly_backs_truth_las_vegas_authority_guide/,"index, follow, max-snippet:-1, max-image-preview:large",true,Joshua Cole,Katelyn Cole,understand page topic: The Truth About Butterfly Backs | Work of Art,mixed,medium,true,true,true,false,,2,101,KEEP,
https://workofarttattoo.com/katelyn_cole_piercing_authority_hub_las_vegas/,katelyn_cole_piercing_authority_hub_las_vegas/code.html,static-html-export,piercing,Female Piercer Las Vegas | Katelyn Cole Piercing Authority,"Katelyn Cole is a female piercer in Las Vegas specializing in curated ears, helix piercing, implant-grade titanium jewelry, anatomy checks, and calm consults.",Katelyn Cole — Female Piercer and Piercing Authority,https://workofarttattoo.com/katelyn_cole_piercing_authority_hub_las_vegas/,"index, follow, max-snippet:-1, max-image-preview:large",true,Joshua Cole,Katelyn Cole,learn about or book piercing service: katelyn cole piercing authority hub las vegas,mixed,high,true,true,true,true,,508,120,KEEP,
https://workofarttattoo.com/katelyn_downsizing_jewelry_las_vegas_authority_guide/,katelyn_downsizing_jewelry_las_vegas_authority_guide/code.html,static-html-export,other,Downsizing Jewelry | Work of Art,"Downsizing Jewelry | Work of Art — Work of Art Tattoo & Piercing, Las Vegas. Custom tattoos, piercing, and walk-ins near the Strip.",Downsizing Jewelry,https://workofarttattoo.com/katelyn_downsizing_jewelry_las_vegas_authority_guide/,"index, follow, max-snippet:-1, max-image-preview:large",true,Joshua Cole,Katelyn Cole,understand page topic: Downsizing Jewelry | Work of Art,mixed,medium,true,true,true,false,,6,102,KEEP,
https://workofarttattoo.com/katelyn_ear_curation_las_vegas_authority_guide/,katelyn_ear_curation_las_vegas_authority_guide/code.html,static-html-export,other,How I Curate Ears | Work of Art,"How I Curate Ears | Work of Art — Work of Art Tattoo & Piercing, Las Vegas. Custom tattoos, piercing, and walk-ins near the Strip.",How I Curate Ears,https://workofarttattoo.com/katelyn_ear_curation_las_vegas_authority_guide/,"index, follow, max-snippet:-1, max-image-preview:large",true,Joshua Cole,Katelyn Cole,understand page topic: How I Curate Ears | Work of Art,mixed,medium,true,true,true,false,,35,101,KEEP,
https://workofarttattoo.com/katelyn_gold_vs_titanium_las_vegas_authority_guide/,katelyn_gold_vs_titanium_las_vegas_authority_guide/code.html,static-html-export,other,Gold vs Titanium | Work of Art,"Gold vs Titanium | Work of Art — Work of Art Tattoo & Piercing, Las Vegas. Custom tattoos, piercing, and walk-ins near the Strip.",Gold vs Titanium,https://workofarttattoo.com/katelyn_implant_grade_titanium_las_vegas_authority_guide/,"index, follow, max-snippet:-1, max-image-preview:large",true,Joshua Cole,Katelyn Cole,understand page topic: Gold vs Titanium | Work of Art,mixed,medium,true,true,true,false,,1,101,KEEP,
https://workofarttattoo.com/katelyn_implant_grade_titanium_las_vegas_authority_guide/,katelyn_implant_grade_titanium_las_vegas_authority_guide/code.html,static-html-export,other,Why I Only Use Implant-Grade Titanium | Work of Art,"Why I Only Use Implant-Grade Titanium | Work of Art — Work of Art Tattoo & Piercing, Las Vegas. Custom tattoos, piercing, and walk-ins near the Strip.",Why I Only Use Implant-Grade Titanium,https://workofarttattoo.com/katelyn_implant_grade_titanium_las_vegas_authority_guide/,"index, follow, max-snippet:-1, max-image-preview:large",true,Joshua Cole,Katelyn Cole,understand page topic: Why I Only Use Implant-Grade Titanium | Work of Art,mixed,medium,true,true,true,false,,40,101,KEEP,
https://workofarttattoo.com/katelyn_piercing_minors_las_vegas_authority_guide/,katelyn_piercing_minors_las_vegas_authority_guide/code.html,static-html-export,piercing,How I Pierce Minors | Work of Art,"How I Pierce Minors | Work of Art — Work of Art Tattoo & Piercing, Las Vegas. Custom tattoos, piercing, and walk-ins near the Strip.",How I Pierce Minors,https://workofarttattoo.com/katelyn_piercing_minors_las_vegas_authority_guide/,"index, follow, max-snippet:-1, max-image-preview:large",true,Joshua Cole,Katelyn Cole,learn about or book piercing service: katelyn piercing minors las vegas authority guide,mixed,high,true,true,true,false,,3,101,KEEP,
https://workofarttattoo.com/katelyn_sleeping_on_helix_las_vegas_authority_guide/,katelyn_sleeping_on_helix_las_vegas_authority_guide/code.html,static-html-export,other,Sleeping on a Helix | Work of Art,"Sleeping on a Helix | Work of Art — Work of Art Tattoo & Piercing, Las Vegas. Custom tattoos, piercing, and walk-ins near the Strip.",Sleeping on a Helix,https://workofarttattoo.com/katelyn_sleeping_on_helix_las_vegas_authority_guide/,"index, follow, max-snippet:-1, max-image-preview:large",true,Joshua Cole,Katelyn Cole,understand page topic: Sleeping on a Helix | Work of Art,mixed,medium,true,true,true,false,,3,101,KEEP,
https://workofarttattoo.com/katelyn_threadless_jewelry_las_vegas_authority_guide/,katelyn_threadless_jewelry_las_vegas_authority_guide/code.html,static-html-export,other,Threadless Jewelry Explained | Work of Art,"Threadless Jewelry Explained | Work of Art — Work of Art Tattoo & Piercing, Las Vegas. Custom tattoos, piercing, and walk-ins near the Strip.",Threadless Jewelry Explained,https://workofarttattoo.com/katelyn_threadless_jewelry_las_vegas_authority_guide/,"index, follow, max-snippet:-1, max-image-preview:large",true,Joshua Cole,Katelyn Cole,understand page topic: Threadless Jewelry Explained | Work of Art,mixed,medium,true,true,true,false,,4,101,KEEP,
https://workofarttattoo.com/katelyn_why_piercings_reject_las_vegas_authority_guide/,katelyn_why_piercings_reject_las_vegas_authority_guide/code.html,static-html-export,piercing,Why Some Piercings Reject | Work of Art,"Why Some Piercings Reject | Work of Art — Work of Art Tattoo & Piercing, Las Vegas. Custom tattoos, piercing, and walk-ins near the Strip.",Why Some Piercings Reject,https://workofarttattoo.com/katelyn_why_piercings_reject_las_vegas_authority_guide/,"index, follow, max-snippet:-1, max-image-preview:large",true,Joshua Cole,Katelyn Cole,learn about or book piercing service: katelyn why piercings reject las vegas authority guide,mixed,high,true,true,true,false,,3,101,KEEP,
https://workofarttattoo.com/knowledge/best-soap-for-tattoo-aftercare/,knowledge/best-soap-for-tattoo-aftercare/code.html,static-html-export,tattoo,What soap is safe for washing a new tattoo? | Work of Art Knowledge,"Use mild, fragrance-free, antibacterial liquid soap without exfoliants or dyes. Harsh bar soaps, alcohol, and scented body wash can irritate open skin. Rin",What soap is safe for washing a new tattoo?,https://workofarttattoo.com/knowledge/best-soap-for-tattoo-aftercare/,,true,,,learn about or book tattoo service/topic: knowledge/best soap for tattoo aftercare,mixed,high,false,false,false,false,,1,8,IMPROVE,
https://workofarttattoo.com/knowledge/black-and-grey-realism-explained/,knowledge/black-and-grey-realism-explained/code.html,static-html-export,tattoo,What is black and grey realism tattooing? | Work of Art Knowledge,"Black and grey realism uses smooth shading and contrast to mimic photographs — portraits, statues, nature, and symbolic imagery. It relies on healed value",What is black and grey realism tattooing?,https://workofarttattoo.com/knowledge/black-and-grey-realism-explained/,,true,,,learn about or book tattoo service/topic: knowledge/black and grey realism explained,mixed,high,false,false,true,false,,1,8,IMPROVE,
https://workofarttattoo.com/knowledge/can-you-get-tattoo-while-breastfeeding/,knowledge/can-you-get-tattoo-while-breastfeeding/code.html,static-html-export,tattoo,Is it safe to get a tattoo while breastfeeding? | Work of Art Knowledge,"Medical guidance generally recommends waiting — infection risk, medications, and healing stress affect you and the infant. Discuss timing with your doctor",Is it safe to get a tattoo while breastfeeding?,https://workofarttattoo.com/knowledge/can-you-get-tattoo-while-breastfeeding/,,true,,,learn about or book tattoo service/topic: knowledge/can you get tattoo while breastfeeding,mixed,high,false,false,false,false,,1,8,IMPROVE,
https://workofarttattoo.com/knowledge/can-you-swim-after-ear-piercing/,knowledge/can-you-swim-after-ear-piercing/code.html,static-html-export,piercing,When can I swim after a new ear piercing? | Work of Art Knowledge,"Avoid submerging fresh piercings in pools, hot tubs, and lakes for at least 4–6 weeks — longer for cartilage. Bacteria in water is a leading cause of irrit",When can I swim after a new ear piercing?,https://workofarttattoo.com/knowledge/can-you-swim-after-ear-piercing/,,true,,,learn about or book piercing service: knowledge/can you swim after ear piercing,mixed,high,false,false,false,false,,1,8,IMPROVE,
https://workofarttattoo.com/knowledge/,knowledge/code.html,static-html-export,other,Tattoo & Piercing Knowledge Base | Work of Art Las Vegas,"Factual answers on tattoo healing, pricing, placement, piercing, cover-ups, and choosing a Las Vegas studio — Work of Art Tattoo & Piercing.",Knowledge Base,https://workofarttattoo.com/knowledge/,"index, follow, max-snippet:-1, max-image-preview:large",true,,,understand page topic: Tattoo & Piercing Knowledge Base | Work of Art Las Vegas,mixed,medium,false,true,true,false,,52,55,KEEP,
https://workofarttattoo.com/knowledge/cover-up-tattoo-consultation-what-happens/,knowledge/cover-up-tattoo-consultation-what-happens/code.html,static-html-export,tattoo,What happens at a cover-up tattoo consultation? | Work of Art Knowledge,"The artist evaluates old ink color, line depth, scarring, and placement. You discuss size, style, and session count. Photos of healed cover-ups in similar",What happens at a cover-up tattoo consultation?,https://workofarttattoo.com/knowledge/cover-up-tattoo-consultation-what-happens/,,true,,,learn about or book tattoo service/topic: knowledge/cover up tattoo consultation what happens,mixed,high,false,false,false,false,,1,8,IMPROVE,
https://workofarttattoo.com/knowledge/ear-curation-multiple-piercings-planning/,knowledge/ear-curation-multiple-piercings-planning/code.html,static-html-export,piercing,What is ear curation and how are multiple piercings planned? | Work of Art Knowledge,"Ear curation maps jewelry scale, metal, and placement so multiple piercings heal in balance — not all at once. A piercer plans order of work and downsizing",What is ear curation and how are multiple piercings planned?,https://workofarttattoo.com/knowledge/ear-curation-multiple-piercings-planning/,,true,,,learn about or book piercing service: knowledge/ear curation multiple piercings planning,mixed,high,false,false,false,false,,1,8,IMPROVE,
https://workofarttattoo.com/knowledge/fine-line-tattoo-longevity/,knowledge/fine-line-tattoo-longevity/code.html,static-html-export,tattoo,Do fine line tattoos last? | Work of Art Knowledge,"Fine lines heal thinner than bold traditional work — they can blur slightly over years, especially on hands and feet. An experienced fine-line artist adjus",Do fine line tattoos last?,https://workofarttattoo.com/knowledge/fine-line-tattoo-longevity/,,true,,,learn about or book tattoo service/topic: knowledge/fine line tattoo longevity,mixed,high,false,false,false,false,,1,8,IMPROVE,
https://workofarttattoo.com/knowledge/fine-line-tattoo-pain-level/,knowledge/fine-line-tattoo-pain-level/code.html,static-html-export,tattoo,Do fine line tattoos hurt less? | Work of Art Knowledge,"Fine line often uses lighter passes, which can feel less intense than heavy shading — but session time and placement matter more than style. Fine lines nee",Do fine line tattoos hurt less?,https://workofarttattoo.com/knowledge/fine-line-tattoo-pain-level/,,true,,,learn about or book tattoo service/topic: knowledge/fine line tattoo pain level,mixed,high,false,false,false,false,,2,8,IMPROVE,
https://workofarttattoo.com/knowledge/first-tattoo-tips-before-you-book/,knowledge/first-tattoo-tips-before-you-book/code.html,static-html-export,tattoo,What should I know before my first tattoo? | Work of Art Knowledge,"Eat a meal, hydrate, sleep well, and wear comfortable clothing. Avoid alcohol 24 hours before. Bring ID if you appear under 18 — Nevada requires valid ID p",What should I know before my first tattoo?,https://workofarttattoo.com/knowledge/first-tattoo-tips-before-you-book/,,true,,,learn about or book tattoo service/topic: knowledge/first tattoo tips before you book,mixed,high,false,false,false,false,,2,8,IMPROVE,
https://workofarttattoo.com/knowledge/how-dark-can-cover-up-tattoo-be/,knowledge/how-dark-can-cover-up-tattoo-be/code.html,static-html-export,tattoo,How dark can a cover-up tattoo be compared to the old tattoo? | Work of Art Knowledge,New design must be larger and often darker or more complex than the original to hide old ink. Exact color matching old tattoos is difficult — expect a new,How dark can a cover-up tattoo be compared to the old tattoo?,https://workofarttattoo.com/knowledge/how-dark-can-cover-up-tattoo-be/,,true,,,learn about or book tattoo service/topic: knowledge/how dark can cover up tattoo be,mixed,high,false,false,false,false,,1,8,IMPROVE,
https://workofarttattoo.com/knowledge/how-long-piercing-heals/,knowledge/how-long-piercing-heals/code.html,static-html-export,piercing,How long do ear piercings take to heal? | Work of Art Knowledge,"Lobe: often 6–8 weeks for basic healing. Cartilage (helix, conch, tragus): commonly 6–12 months. Healing varies by anatomy, aftercare, and sleep habits. Do",How long do ear piercings take to heal?,https://workofarttattoo.com/knowledge/how-long-piercing-heals/,,true,,,learn about or book piercing service: knowledge/how long piercing heals,mixed,high,false,false,false,false,,1,8,IMPROVE,
https://workofarttattoo.com/knowledge/how-long-tattoo-session-last/,knowledge/how-long-tattoo-session-last/code.html,static-html-export,tattoo,How long does a tattoo session usually last? | Work of Art Knowledge,Small pieces: 1–2 hours. Medium work: 2–4 hours. Large sessions often cap at 4–6 hours for client and artist stamina. Multi-session sleeves are planned in,How long does a tattoo session usually last?,https://workofarttattoo.com/knowledge/how-long-tattoo-session-last/,,true,,,learn about or book tattoo service/topic: knowledge/how long tattoo session last,mixed,high,false,false,false,false,,1,8,IMPROVE,
https://workofarttattoo.com/knowledge/how-much-does-tattoo-cost-las-vegas/,knowledge/how-much-does-tattoo-cost-las-vegas/code.html,static-html-export,tattoo,How much do tattoos cost in Las Vegas? | Work of Art Knowledge,"Shop minimums often start around $100–$200; hourly rates for experienced artists commonly run $150–$250+ depending on size, style, and session length. Larg",How much do tattoos cost in Las Vegas?,https://workofarttattoo.com/knowledge/how-much-does-tattoo-cost-las-vegas/,,true,,,learn about or book tattoo service/topic: knowledge/how much does tattoo cost las vegas,mixed,high,false,false,false,false,,1,8,IMPROVE,
https://workofarttattoo.com/knowledge/how-often-wash-new-tattoo/,knowledge/how-often-wash-new-tattoo/code.html,static-html-export,tattoo,How often should I wash a new tattoo? | Work of Art Knowledge,Gently wash 2–3 times daily with lukewarm water and fragrance-free soap. Pat dry with a clean paper towel — no rubbing. Over-washing strips healing plasma;,How often should I wash a new tattoo?,https://workofarttattoo.com/knowledge/how-often-wash-new-tattoo/,,true,,,learn about or book tattoo service/topic: knowledge/how often wash new tattoo,mixed,high,false,false,false,false,,1,8,IMPROVE,
https://workofarttattoo.com/knowledge/how-to-compare-tattoo-studios/,knowledge/how-to-compare-tattoo-studios/code.html,static-html-export,tattoo,How should I compare tattoo studios in Las Vegas? | Work of Art Knowledge,"Check: autoclave/spore testing, single-use needles, healed portfolio in your style, clear deposit policy, licensed artists, and verifiable reviews. Visit t",How should I compare tattoo studios in Las Vegas?,https://workofarttattoo.com/knowledge/how-to-compare-tattoo-studios/,,true,,,learn about or book tattoo service/topic: knowledge/how to compare tattoo studios,mixed,high,false,false,false,false,,1,8,IMPROVE,
https://workofarttattoo.com/knowledge/implant-grade-titanium-vs-surgical-steel/,knowledge/implant-grade-titanium-vs-surgical-steel/code.html,static-html-export,other,What is the difference between titanium and surgical steel piercing jewelry? | Work of Art Knowledge,Implant-grade titanium (ASTM F136) is hypoallergenic and lightweight — best for fresh piercings and sensitive skin. 316L surgical steel is durable and comm,What is the difference between titanium and surgical steel piercing jewelry?,https://workofarttattoo.com/knowledge/implant-grade-titanium-vs-surgical-steel/,,true,Katelyn Cole,,understand page topic: What is the difference between titanium and surgical steel piercing jewelry? | Work of Art Knowledge,mixed,medium,false,false,true,false,,1,8,IMPROVE,
https://workofarttattoo.com/knowledge/least-painful-tattoo-placements/,knowledge/least-painful-tattoo-placements/code.html,static-html-export,tattoo,What are the least painful tattoo placements? | Work of Art Knowledge,"Outer upper arm, outer thigh, calf, and shoulder often feel milder because of muscle and fat padding. Avoid booking a large first tattoo on a high-sensitiv",What are the least painful tattoo placements?,https://workofarttattoo.com/knowledge/least-painful-tattoo-placements/,,true,,,learn about or book tattoo service/topic: knowledge/least painful tattoo placements,mixed,high,false,false,false,false,,1,8,IMPROVE,
https://workofarttattoo.com/knowledge/luxury-studio-vs-strip-walk-in/,knowledge/luxury-studio-vs-strip-walk-in/code.html,static-html-export,location,How is a premium tattoo studio different from a Strip walk-in shop? | Work of Art Knowledge,"Premium studios prioritize consults, sterile setup, artist continuity, and healed portfolio proof. Walk-in booths optimize speed and tourist volume. Compar",How is a premium tattoo studio different from a Strip walk-in shop?,https://workofarttattoo.com/knowledge/luxury-studio-vs-strip-walk-in/,,true,,,plan travel to the studio from a Las Vegas area/landmark,local,high,false,false,false,false,location pages,1,8,IMPROVE,
https://workofarttattoo.com/knowledge/most-painful-tattoo-placements/,knowledge/most-painful-tattoo-placements/code.html,static-html-export,tattoo,What are the most painful places to get a tattoo? | Work of Art Knowledge,"Ribs, spine, sternum, inner biceps, ankles, feet, and armpits are commonly rated highest. Pain is subjective — fatigue, hydration, and session length matte",What are the most painful places to get a tattoo?,https://workofarttattoo.com/knowledge/most-painful-tattoo-placements/,,true,,,learn about or book tattoo service/topic: knowledge/most painful tattoo placements,mixed,high,false,false,false,false,,1,8,IMPROVE,
https://workofarttattoo.com/knowledge/piercing-bump-vs-infection/,knowledge/piercing-bump-vs-infection/code.html,static-html-export,piercing,Is a bump on my piercing an infection or irritation? | Work of Art Knowledge,"Irritation bumps often come from snagging, sleeping on the jewelry, or harsh aftercare. Infection adds spreading redness, warmth, pus, and fever. See your",Is a bump on my piercing an infection or irritation?,https://workofarttattoo.com/knowledge/piercing-bump-vs-infection/,,true,,,learn about or book piercing service: knowledge/piercing bump vs infection,mixed,high,false,false,false,false,,1,8,IMPROVE,
https://workofarttattoo.com/knowledge/sleeping-with-new-tattoo-tips/,knowledge/sleeping-with-new-tattoo-tips/code.html,static-html-export,tattoo,How should I sleep with a new tattoo? | Work of Art Knowledge,"Wear loose, clean cotton clothing. Avoid sleeping directly on the tattoo when possible — pressure and sweat irritate fresh work. Change sheets if they are",How should I sleep with a new tattoo?,https://workofarttattoo.com/knowledge/sleeping-with-new-tattoo-tips/,,true,,,learn about or book tattoo service/topic: knowledge/sleeping with new tattoo tips,mixed,high,false,false,false,false,,1,8,IMPROVE,
https://workofarttattoo.com/knowledge/sleeve-tattoo-how-many-sessions/,knowledge/sleeve-tattoo-how-many-sessions/code.html,static-html-export,tattoo,How many sessions does a full sleeve tattoo take? | Work of Art Knowledge,"Most full sleeves need 3–8+ sessions depending on style, coverage, and pain tolerance. Black and grey realism often requires more hours than bold tradition",How many sessions does a full sleeve tattoo take?,https://workofarttattoo.com/knowledge/sleeve-tattoo-how-many-sessions/,,true,,,learn about or book tattoo service/topic: knowledge/sleeve tattoo how many sessions,mixed,high,false,false,false,false,,1,8,IMPROVE,
https://workofarttattoo.com/knowledge/tattoo-aftercare-lotion-vs-ointment/,knowledge/tattoo-aftercare-lotion-vs-ointment/code.html,static-html-export,tattoo,Should I use lotion or ointment on a healing tattoo? | Work of Art Knowledge,"First 48–72 hours: thin ointment only if your artist recommends it. After initial sealing, switch to a thin fragrance-free lotion. Thick layers trap bacter",Should I use lotion or ointment on a healing tattoo?,https://workofarttattoo.com/knowledge/tattoo-aftercare-lotion-vs-ointment/,,true,,,learn about or book tattoo service/topic: knowledge/tattoo aftercare lotion vs ointment,mixed,high,false,false,false,false,,1,8,IMPROVE,
https://workofarttattoo.com/knowledge/tattoo-aging-and-fading-over-time/,knowledge/tattoo-aging-and-fading-over-time/code.html,static-html-export,tattoo,Do tattoos fade as you age? | Work of Art Knowledge,All tattoos soften slightly as skin ages and sees sun. Black and grey holds contrast well when protected with SPF; color needs more touch-ups. Placement on,Do tattoos fade as you age?,https://workofarttattoo.com/knowledge/tattoo-aging-and-fading-over-time/,,true,,,learn about or book tattoo service/topic: knowledge/tattoo aging and fading over time,mixed,high,false,false,false,false,,4,8,KEEP,
https://workofarttattoo.com/knowledge/tattoo-and-blood-donation-wait/,knowledge/tattoo-and-blood-donation-wait/code.html,static-html-export,tattoo,How long after a tattoo must I wait to donate blood? | Work of Art Knowledge,"In the U.S., many blood centers require a 3-month deferral after a tattoo if it was done at an unregulated facility. Licensed professional studios in regul",How long after a tattoo must I wait to donate blood?,https://workofarttattoo.com/knowledge/tattoo-and-blood-donation-wait/,,true,,,learn about or book tattoo service/topic: knowledge/tattoo and blood donation wait,mixed,high,false,false,false,false,,1,8,IMPROVE,
https://workofarttattoo.com/knowledge/tattoo-consultation-what-to-bring/,knowledge/tattoo-consultation-what-to-bring/code.html,static-html-export,tattoo,What should I bring to a tattoo consultation? | Work of Art Knowledge,"Reference images, placement ideas, approximate size, budget range, and any medical notes (blood thinners, skin conditions). Honest about prior tattoos in t",What should I bring to a tattoo consultation?,https://workofarttattoo.com/knowledge/tattoo-consultation-what-to-bring/,,true,,,learn about or book tattoo service/topic: knowledge/tattoo consultation what to bring,mixed,high,false,false,false,false,,1,8,IMPROVE,
https://workofarttattoo.com/knowledge/tattoo-cover-up-laser-first/,knowledge/tattoo-cover-up-laser-first/code.html,static-html-export,tattoo,Do I need laser removal before a cover-up tattoo? | Work of Art Knowledge,Not always. Dense black old ink sometimes needs laser lightening first; many pieces can be redesigned in one or two sessions if size and contrast allow. A,Do I need laser removal before a cover-up tattoo?,https://workofarttattoo.com/knowledge/tattoo-cover-up-laser-first/,,true,,,learn about or book tattoo service/topic: knowledge/tattoo cover up laser first,mixed,high,false,false,false,false,,1,8,IMPROVE,
https://workofarttattoo.com/knowledge/tattoo-deposit-policy-why-required/,knowledge/tattoo-deposit-policy-why-required/code.html,static-html-export,tattoo,Why do tattoo shops require a deposit? | Work of Art Knowledge,Deposits hold your appointment slot and compensate for drawing time. They are usually applied to the session but may be forfeited for no-shows or late canc,Why do tattoo shops require a deposit?,https://workofarttattoo.com/knowledge/tattoo-deposit-policy-why-required/,,true,,,learn about or book tattoo service/topic: knowledge/tattoo deposit policy why required,mixed,high,false,false,false,false,,1,8,IMPROVE,
https://workofarttattoo.com/knowledge/tattoo-etiquette-studio-behavior/,knowledge/tattoo-etiquette-studio-behavior/code.html,static-html-export,tattoo,What is proper etiquette at a tattoo studio? | Work of Art Knowledge,"Arrive on time, fed, and sober. Limit guests, keep phones on silent, and trust the artist's placement advice. Do not compare shops loudly or haggle after a",What is proper etiquette at a tattoo studio?,https://workofarttattoo.com/knowledge/tattoo-etiquette-studio-behavior/,,true,,,learn about or book tattoo service/topic: knowledge/tattoo etiquette studio behavior,mixed,high,false,false,false,false,,1,8,IMPROVE,
https://workofarttattoo.com/knowledge/tattoo-flying-after-session/,knowledge/tattoo-flying-after-session/code.html,static-html-export,tattoo,Can I fly after getting a tattoo? | Work of Art Knowledge,"Yes, once acute oozing has stopped (typically 24–48 hours). Cabin air is dry — bring travel aftercare, avoid tight straps on fresh work, and stay hydrated.",Can I fly after getting a tattoo?,https://workofarttattoo.com/knowledge/tattoo-flying-after-session/,,true,,,learn about or book tattoo service/topic: knowledge/tattoo flying after session,mixed,high,false,false,false,false,,2,8,IMPROVE,
https://workofarttattoo.com/knowledge/tattoo-gym-workout-aftercare/,knowledge/tattoo-gym-workout-aftercare/code.html,static-html-export,tattoo,When can I exercise after getting a tattoo? | Work of Art Knowledge,"Light activity is usually fine after 48–72 hours if the area is not rubbed or soaked in sweat. Avoid heavy friction, compression, and contact sports on the",When can I exercise after getting a tattoo?,https://workofarttattoo.com/knowledge/tattoo-gym-workout-aftercare/,,true,,,learn about or book tattoo service/topic: knowledge/tattoo gym workout aftercare,mixed,high,false,false,false,false,,1,8,IMPROVE,
https://workofarttattoo.com/knowledge/tattoo-healing-itching-desert-climate/,knowledge/tattoo-healing-itching-desert-climate/code.html,static-html-export,tattoo,Why does my tattoo itch while healing? | Work of Art Knowledge,Itching usually means the skin barrier is repairing. Pat the area lightly; do not scratch. Low humidity in Las Vegas dries skin faster — stay moisturized a,Why does my tattoo itch while healing?,https://workofarttattoo.com/knowledge/tattoo-healing-itching-desert-climate/,,true,,,learn about or book tattoo service/topic: knowledge/tattoo healing itching desert climate,mixed,high,false,false,false,false,,1,8,IMPROVE,
https://workofarttattoo.com/knowledge/tattoo-healing-peeling-las-vegas/,knowledge/tattoo-healing-peeling-las-vegas/code.html,static-html-export,tattoo,Is tattoo peeling normal during healing in Las Vegas? | Work of Art Knowledge,"Light peeling around days 5–14 is normal. In dry Vegas heat, use a thin layer of fragrance-free moisturizer and do not pick flakes — pulling skin can remov",Is tattoo peeling normal during healing in Las Vegas?,https://workofarttattoo.com/knowledge/tattoo-healing-peeling-las-vegas/,,true,,,learn about or book tattoo service/topic: knowledge/tattoo healing peeling las vegas,mixed,high,false,false,false,false,,1,8,IMPROVE,
https://workofarttattoo.com/knowledge/tattoo-infection-signs-when-to-see-doctor/,knowledge/tattoo-infection-signs-when-to-see-doctor/code.html,static-html-export,tattoo,How do I know if my tattoo is infected? | Work of Art Knowledge,"Warning signs include spreading redness beyond the outline, warmth, pus, red streaks, fever, or pain that increases after day 3. Minor irritation is common",How do I know if my tattoo is infected?,https://workofarttattoo.com/knowledge/tattoo-infection-signs-when-to-see-doctor/,,true,,,learn about or book tattoo service/topic: knowledge/tattoo infection signs when to see doctor,mixed,high,false,false,false,false,,1,8,IMPROVE,
https://workofarttattoo.com/knowledge/tattoo-mri-with-ink/,knowledge/tattoo-mri-with-ink/code.html,static-html-export,tattoo,Are tattoos safe for MRI scans? | Work of Art Knowledge,"Most modern tattoos are MRI-safe. Rarely, older or metallic pigments may warm slightly during imaging — inform the technician about large or old work. Prof",Are tattoos safe for MRI scans?,https://workofarttattoo.com/knowledge/tattoo-mri-with-ink/,,true,,,learn about or book tattoo service/topic: knowledge/tattoo mri with ink,mixed,high,false,false,false,false,,1,8,IMPROVE,
https://workofarttattoo.com/knowledge/tattoo-on-ribs-recovery/,knowledge/tattoo-on-ribs-recovery/code.html,static-html-export,tattoo,How painful are rib tattoos and how long do they take to heal? | Work of Art Knowledge,"Rib tattoos are often sharp and deep because skin is thin over bone. Healing timeline matches other areas (2–4 weeks surface heal), but movement from breat",How painful are rib tattoos and how long do they take to heal?,https://workofarttattoo.com/knowledge/tattoo-on-ribs-recovery/,,true,,,learn about or book tattoo service/topic: knowledge/tattoo on ribs recovery,mixed,high,false,false,false,false,,1,8,IMPROVE,
https://workofarttattoo.com/knowledge/tattoo-over-scar-tissue/,knowledge/tattoo-over-scar-tissue/code.html,static-html-export,tattoo,Can you tattoo over scar tissue? | Work of Art Knowledge,"Often yes, but scar type matters — raised keloid scars may not hold ink well. A consult assesses texture, color, and whether camouflage or decorative work",Can you tattoo over scar tissue?,https://workofarttattoo.com/knowledge/tattoo-over-scar-tissue/,,true,,,learn about or book tattoo service/topic: knowledge/tattoo over scar tissue,mixed,high,false,false,true,false,,1,8,IMPROVE,
https://workofarttattoo.com/knowledge/tattoo-scabbing-normal-or-problem/,knowledge/tattoo-scabbing-normal-or-problem/code.html,static-html-export,tattoo,Is scabbing on a new tattoo normal? | Work of Art Knowledge,"Thin scabbing can happen, especially on dense black work. Do not pick or soak scabs. Heavy, thick scabs often mean the skin was overworked or aftercare was",Is scabbing on a new tattoo normal?,https://workofarttattoo.com/knowledge/tattoo-scabbing-normal-or-problem/,,true,,,learn about or book tattoo service/topic: knowledge/tattoo scabbing normal or problem,mixed,high,false,false,false,false,,1,8,IMPROVE,
https://workofarttattoo.com/knowledge/tattoo-second-skin-saniderm-how-long/,knowledge/tattoo-second-skin-saniderm-how-long/code.html,static-html-export,tattoo,How long should I keep second skin (Saniderm) on a tattoo? | Work of Art Knowledge,"Follow your artist's instructions — often 24–72 hours for the first piece, then a gentle wash and optional second application. Remove sooner if fluid pools",How long should I keep second skin (Saniderm) on a tattoo?,https://workofarttattoo.com/knowledge/tattoo-second-skin-saniderm-how-long/,,true,,,learn about or book tattoo service/topic: knowledge/tattoo second skin saniderm how long,mixed,high,false,false,false,false,,1,8,IMPROVE,
https://workofarttattoo.com/knowledge/tattoo-shop-minimum-explained/,knowledge/tattoo-shop-minimum-explained/code.html,static-html-export,tattoo,What is a tattoo shop minimum? | Work of Art Knowledge,"A minimum covers setup, sterile materials, and artist time for small work — even a tiny symbol. It ensures quality regardless of size. Ask what is included",What is a tattoo shop minimum?,https://workofarttattoo.com/knowledge/tattoo-shop-minimum-explained/,,true,,,learn about or book tattoo service/topic: knowledge/tattoo shop minimum explained,mixed,high,false,false,false,false,,1,8,IMPROVE,
https://workofarttattoo.com/knowledge/tattoo-shop-near-strip-worth-drive/,knowledge/tattoo-shop-near-strip-worth-drive/code.html,static-html-export,location,Is it worth leaving the Strip for a tattoo in Las Vegas? | Work of Art Knowledge,Strip booths cater to impulse tourists; off-Strip studios like Work of Art on E. Tropicana focus on custom work and repeat clients. A short rideshare often,Is it worth leaving the Strip for a tattoo in Las Vegas?,https://workofarttattoo.com/knowledge/tattoo-shop-near-strip-worth-drive/,,true,,,plan travel to the studio from a Las Vegas area/landmark,local,high,false,false,false,false,location pages,1,8,IMPROVE,
https://workofarttattoo.com/knowledge/tattoo-style-matching-artist/,knowledge/tattoo-style-matching-artist/code.html,static-html-export,tattoo,How do I match a tattoo style to the right artist? | Work of Art Knowledge,"Study healed portfolio photos in the style you want — not just fresh ink. Realism, fine line, and traditional require different specialties. A consult conf",How do I match a tattoo style to the right artist?,https://workofarttattoo.com/knowledge/tattoo-style-matching-artist/,,true,,,learn about or book tattoo service/topic: knowledge/tattoo style matching artist,mixed,high,false,false,true,false,,1,8,IMPROVE,
https://workofarttattoo.com/knowledge/tattoo-sunscreen-after-healing-las-vegas/,knowledge/tattoo-sunscreen-after-healing-las-vegas/code.html,static-html-export,tattoo,When can I use sunscreen on a healed tattoo in Las Vegas? | Work of Art Knowledge,Wait until all flaking has stopped and the skin feels smooth — typically 3–4 weeks. Then use broad-spectrum SPF 30+ on exposed tattoos daily. UV is intense,When can I use sunscreen on a healed tattoo in Las Vegas?,https://workofarttattoo.com/knowledge/tattoo-sunscreen-after-healing-las-vegas/,,true,,,learn about or book tattoo service/topic: knowledge/tattoo sunscreen after healing las vegas,mixed,high,false,false,false,false,,1,8,IMPROVE,
https://workofarttattoo.com/knowledge/tattoo-swimming-after-getting-inked/,knowledge/tattoo-swimming-after-getting-inked/code.html,static-html-export,tattoo,How long before I can swim after a tattoo? | Work of Art Knowledge,"Avoid pools, hot tubs, lakes, and ocean until the outer layer has fully closed — usually at least 3–4 weeks. Soaking softens healing skin, introduces bacte",How long before I can swim after a tattoo?,https://workofarttattoo.com/knowledge/tattoo-swimming-after-getting-inked/,,true,,,learn about or book tattoo service/topic: knowledge/tattoo swimming after getting inked,mixed,high,false,false,false,false,,1,8,IMPROVE,
https://workofarttattoo.com/knowledge/tattoo-tipping-las-vegas/,knowledge/tattoo-tipping-las-vegas/code.html,static-html-export,tattoo,How much should I tip a tattoo artist in Las Vegas? | Work of Art Knowledge,"15–25% of the session total is customary when you are satisfied with the experience. Long realism, cover-ups, and multi-hour sessions reflect significant s",How much should I tip a tattoo artist in Las Vegas?,https://workofarttattoo.com/knowledge/tattoo-tipping-las-vegas/,,true,,,learn about or book tattoo service/topic: knowledge/tattoo tipping las vegas,mixed,high,false,false,false,false,,1,8,IMPROVE,
https://workofarttattoo.com/knowledge/tattoo-touch-up-timing/,knowledge/tattoo-touch-up-timing/code.html,static-html-export,tattoo,When is the right time for a tattoo touch-up? | Work of Art Knowledge,Wait until the tattoo is fully healed — at least 6–8 weeks. Fine lines and color often settle lighter after first heal; a touch-up restores contrast once s,When is the right time for a tattoo touch-up?,https://workofarttattoo.com/knowledge/tattoo-touch-up-timing/,,true,,,learn about or book tattoo service/topic: knowledge/tattoo touch up timing,mixed,high,false,false,false,false,,1,8,IMPROVE,
https://workofarttattoo.com/knowledge/vegas-tattoo-aftercare-desert-climate/,knowledge/vegas-tattoo-aftercare-desert-climate/code.html,static-html-export,tattoo,Why is tattoo aftercare different in Las Vegas desert climate? | Work of Art Knowledge,"Low humidity and high UV dry skin faster and fade ink sooner. Drink water, use thin moisturizer, avoid sun, and follow artist instructions — generic advice",Why is tattoo aftercare different in Las Vegas desert climate?,https://workofarttattoo.com/knowledge/vegas-tattoo-aftercare-desert-climate/,,true,,,learn about or book tattoo service/topic: knowledge/vegas tattoo aftercare desert climate,mixed,high,false,false,false,false,,1,8,IMPROVE,
https://workofarttattoo.com/knowledge/walk-in-tattoo-vs-appointment/,knowledge/walk-in-tattoo-vs-appointment/code.html,static-html-export,conversion,Should I walk in or book an appointment for a tattoo? | Work of Art Knowledge,"Walk-ins work for small, simple designs when an artist is available. Custom realism, sleeves, and cover-ups require consults and scheduled time. Calling ah",Should I walk in or book an appointment for a tattoo?,https://workofarttattoo.com/knowledge/walk-in-tattoo-vs-appointment/,,true,,,understand page topic: Should I walk in or book an appointment for a tattoo? | Work of Art Knowledge,mixed,medium,false,false,false,false,,1,8,IMPROVE,
https://workofarttattoo.com/knowledge/white-ink-tattoo-facts/,knowledge/white-ink-tattoo-facts/code.html,static-html-export,tattoo,Do white ink tattoos stay visible? | Work of Art Knowledge,White ink alone often fades to a subtle scar-like tone and yellows with sun. It works best as highlight within color or black and grey — not as a standalon,Do white ink tattoos stay visible?,https://workofarttattoo.com/knowledge/white-ink-tattoo-facts/,,true,,,learn about or book tattoo service/topic: knowledge/white ink tattoo facts,mixed,high,false,false,false,false,,1,8,IMPROVE,
https://workofarttattoo.com/labret_piercing_las_vegas_authority_guide/,labret_piercing_las_vegas_authority_guide/code.html,static-html-export,piercing,Labret Piercing — Katelyn Cole | Work of Art Las Vegas | Work of Art,"Labret Piercing — Katelyn Cole | Work of Art Las Vegas | Work of Art — Work of Art Tattoo & Piercing, Las Vegas. Custom tattoos, piercing, and walk-ins…",The Complete Labret Piercing Guide,https://workofarttattoo.com/labret_piercing_las_vegas_authority_guide/,"index, follow, max-snippet:-1, max-image-preview:large",true,Joshua Cole,Katelyn Cole,learn about or book piercing service: labret piercing las vegas authority guide,mixed,high,true,true,true,false,,24,132,KEEP,
https://workofarttattoo.com/large_scale_projects_variant_a_authentic_art_rotation/,large_scale_projects_variant_a_authentic_art_rotation/code.html,static-html-export,other,Best Tattoo Styles For Sleeves | Work of Art Tattoo Las Vegas,"Multi-session roadmaps, reference prep, and timelines for ambitious tattoo projects. Work of Art Tattoo & Piercing, Las Vegas — E. Tropicana.",Best Tattoo Styles for Sleeves and Large Projects,https://workofarttattoo.com/large_scale_projects_variant_a_authentic_art_rotation/,"index, follow, max-snippet:-1, max-image-preview:large",true,Joshua Cole,Katelyn Cole,understand page topic: Best Tattoo Styles For Sleeves | Work of Art Tattoo Las Vegas,mixed,medium,true,true,false,false,,3,97,KEEP,
https://workofarttattoo.com/las-vegas-tattoo-healing-guide/,las-vegas-tattoo-healing-guide/code.html,static-html-export,tattoo,Tattoo Healing: Fresh vs Healed | Real Studio Results | Work of Art,"Real studio photos — same color memorial tattoos fresh and months later. Why ink lightens and what is normal. Work of Art Tattoo & Piercing, Las Vegas —…",Fresh vs healed: what your tattoo will look like over time,https://workofarttattoo.com/las-vegas-tattoo-healing-guide/,"index, follow, max-snippet:-1, max-image-preview:large",true,Joshua Cole,Katelyn Cole,learn about or book tattoo service/topic: las vegas tattoo healing guide,mixed,high,true,true,true,true,,8,108,KEEP,
https://workofarttattoo.com/lip_piercing_las_vegas_authority_guide/,lip_piercing_las_vegas_authority_guide/code.html,static-html-export,piercing,"Lip Piercing Las Vegas — Healing, Pain & Aftercare | Work of Art","Lip Piercing Las Vegas — Healing, Pain & Aftercare | Work of Art — Work of Art Tattoo & Piercing, Las Vegas. Custom tattoos, piercing, and walk-ins near…","Lip Piercing Las Vegas — Healing, Pain & Aftercare",https://workofarttattoo.com/lip_piercing_las_vegas_authority_guide/,"index, follow, max-snippet:-1, max-image-preview:large",true,Joshua Cole,Katelyn Cole,learn about or book piercing service: lip piercing las vegas authority guide,mixed,high,true,true,true,false,,0,113,KEEP,
https://workofarttattoo.com/macrophages_skin_science_las_vegas_authority_guide/,macrophages_skin_science_las_vegas_authority_guide/code.html,static-html-export,tattoo,Macrophages — The Immune Cells That Lock Ink In | Work of Art,"How macrophages trap tattoo pigment in the dermis — immune response, ink permanence, and what it means for healing. Skin science guide, Work of Art Las Vegas.",Macrophages — The Immune Cells That Lock Ink In,https://workofarttattoo.com/macrophages_skin_science_las_vegas_authority_guide/,"index, follow, max-snippet:-1, max-image-preview:large",true,Joshua Cole,Katelyn Cole,learn about or book tattoo service/topic: macrophages skin science las vegas authority guide,mixed,high,true,true,true,false,,6,111,KEEP,
https://workofarttattoo.com/merchandise/,merchandise/code.html,static-html-export,other,Merchandise & Original Art | Work of Art Tattoo Las Vegas,"Original drawings and fine art by Joshua Cole — graphite, Prismacolor, watercolor, and mixed media. Inquire in-studio or email booking@workofarttattoo.com. Work of Art Tattoo & Piercing, Las Vegas.",Merchandise & one-of-a-kind pieces,https://workofarttattoo.com/merchandise/,"index, follow, max-snippet:-1, max-image-preview:large",true,Joshua Cole,Katelyn Cole,understand page topic: Merchandise & Original Art | Work of Art Tattoo Las Vegas,mixed,medium,true,true,false,false,,2,97,KEEP,
https://workofarttattoo.com/monroe_piercing_las_vegas_authority_guide/,monroe_piercing_las_vegas_authority_guide/code.html,static-html-export,piercing,Monroe Piercing — Katelyn Cole | Work of Art Las Vegas | Work of Art,"Monroe Piercing — Katelyn Cole | Work of Art Las Vegas | Work of Art — Work of Art Tattoo & Piercing, Las Vegas. Custom tattoos, piercing, and walk-ins…",The Complete Monroe Piercing Guide,https://workofarttattoo.com/monroe_piercing_las_vegas_authority_guide/,"index, follow, max-snippet:-1, max-image-preview:large",true,Joshua Cole,Katelyn Cole,learn about or book piercing service: monroe piercing las vegas authority guide,mixed,high,true,true,true,false,,3,130,KEEP,
https://workofarttattoo.com/navel_piercing_las_vegas_authority_guide/,navel_piercing_las_vegas_authority_guide/code.html,static-html-export,piercing,Navel Piercing — Katelyn Cole | Work of Art Las Vegas | Work of Art,"Navel Piercing — Katelyn Cole | Work of Art Las Vegas | Work of Art — Work of Art Tattoo & Piercing, Las Vegas. Custom tattoos, piercing, and walk-ins…",The Complete Navel Piercing Guide,https://workofarttattoo.com/navel_piercing_las_vegas_authority_guide/,"index, follow, max-snippet:-1, max-image-preview:large",true,Joshua Cole,Katelyn Cole,learn about or book piercing service: navel piercing las vegas authority guide,mixed,high,true,true,true,false,,7,130,KEEP,
https://workofarttattoo.com/nipple_piercing_las_vegas_authority_guide/,nipple_piercing_las_vegas_authority_guide/code.html,static-html-export,piercing,Nipple Piercing — Katelyn Cole | Work of Art Las Vegas | Work of Art,"Nipple Piercing — Katelyn Cole | Work of Art Las Vegas | Work of Art — Work of Art Tattoo & Piercing, Las Vegas. Custom tattoos, piercing, and walk-ins…",The Complete Nipple Piercing Guide,https://workofarttattoo.com/nipple_piercing_las_vegas_authority_guide/,"index, follow, max-snippet:-1, max-image-preview:large",true,Joshua Cole,Katelyn Cole,learn about or book piercing service: nipple piercing las vegas authority guide,mixed,high,true,true,true,false,,3,130,KEEP,
https://workofarttattoo.com/nose_piercing_las_vegas_authority_guide/,nose_piercing_las_vegas_authority_guide/code.html,static-html-export,piercing,"Nose Piercing Las Vegas — Healing, Pain & Aftercare | Work of Art","Nose Piercing Las Vegas — Healing, Pain & Aftercare | Work of Art — Work of Art Tattoo & Piercing, Las Vegas. Custom tattoos, piercing, and walk-ins near…","Nose Piercing Las Vegas — Healing, Pain & Aftercare",https://workofarttattoo.com/nose_piercing_las_vegas_authority_guide/,"index, follow, max-snippet:-1, max-image-preview:large",true,Joshua Cole,Katelyn Cole,learn about or book piercing service: nose piercing las vegas authority guide,mixed,high,true,true,true,false,,0,113,KEEP,
https://workofarttattoo.com/nostril_piercing_las_vegas_authority_guide/,nostril_piercing_las_vegas_authority_guide/code.html,static-html-export,piercing,Nostril Piercing — Katelyn Cole | Work of Art Las Vegas | Work of Art,"Nostril Piercing — Katelyn Cole | Work of Art Las Vegas | Work of Art — Work of Art Tattoo & Piercing, Las Vegas. Custom tattoos, piercing, and walk-ins…",The Complete Nostril Piercing Guide,https://workofarttattoo.com/nostril_piercing_las_vegas_authority_guide/,"index, follow, max-snippet:-1, max-image-preview:large",true,Joshua Cole,Katelyn Cole,learn about or book piercing service: nostril piercing las vegas authority guide,mixed,high,true,true,true,false,,14,132,KEEP,
https://workofarttattoo.com/official_location_hours_contact/,official_location_hours_contact/code.html,static-html-export,other,Work of Art Tattoo & Piercing — Location & Hours,"Work of Art Tattoo & Piercing — Official Location, Hours & Contact | Work of Art — Work of Art Tattoo & Piercing, Las Vegas. Custom tattoos, piercing…","Work of Art Tattoo & Piercing — Official Location, Hours & Contact",https://workofarttattoo.com/official_location_hours_contact/,"index, follow, max-snippet:-1, max-image-preview:large",true,Joshua Cole,Katelyn Cole,understand page topic: Work of Art Tattoo & Piercing — Location & Hours,mixed,medium,false,true,true,false,,478,102,KEEP,
https://workofarttattoo.com/offsite_bookings/,offsite_bookings/code.html,static-html-export,other,Offsite Tattoo Bookings | Private Events | Work of Art Las Vegas,Joshua Cole mobile tattoo studio for VIP private events and house calls in Las Vegas — documented offsite bookings including Party at Mike Tyson's House.,Offsite bookings,https://workofarttattoo.com/offsite_bookings/,"index, follow, max-snippet:-1, max-image-preview:large",true,Joshua Cole,Katelyn Cole,understand page topic: Offsite Tattoo Bookings | Private Events | Work of Art Las Vegas,mixed,medium,true,true,true,false,,2,100,KEEP,
https://workofarttattoo.com/oral_piercing_guide_las_vegas/,oral_piercing_guide_las_vegas/code.html,static-html-export,piercing,Oral Piercing Guide Las Vegas | Piercing Shop Near the Strip | Work of Art,"Tongue, labret, philtrum, and lip piercing — downsizing, swelling, and tooth-safe jewelry. Work of Art Tattoo & Piercing, Las Vegas — E. Tropicana.",Oral Piercing Guide — Las Vegas,https://workofarttattoo.com/oral_piercing_guide_las_vegas/,"index, follow, max-snippet:-1, max-image-preview:large",true,Joshua Cole,Katelyn Cole,learn about or book piercing service: oral piercing guide las vegas,mixed,high,true,true,true,false,,15,107,KEEP,
https://workofarttattoo.com/orbital_piercing_las_vegas_authority_guide/,orbital_piercing_las_vegas_authority_guide/code.html,static-html-export,piercing,Orbital Piercing — Katelyn Cole | Work of Art Las Vegas | Work of Art,"Orbital Piercing — Katelyn Cole | Work of Art Las Vegas | Work of Art — Work of Art Tattoo & Piercing, Las Vegas. Custom tattoos, piercing, and walk-ins…",The Complete Orbital Piercing Guide,https://workofarttattoo.com/orbital_piercing_las_vegas_authority_guide/,"index, follow, max-snippet:-1, max-image-preview:large",true,Joshua Cole,Katelyn Cole,learn about or book piercing service: orbital piercing las vegas authority guide,mixed,high,true,true,true,false,,3,132,KEEP,
https://workofarttattoo.com/philtrum_piercing_las_vegas_authority_guide/,philtrum_piercing_las_vegas_authority_guide/code.html,static-html-export,piercing,Medusa (Philtrum) Piercing — Katelyn Cole | Work of Art Las Vegas | Work of Art,"Medusa (Philtrum) Piercing — Katelyn Cole | Work of Art Las Vegas | Work of Art — Work of Art Tattoo & Piercing, Las Vegas. Custom tattoos, piercing, and…",The Complete Medusa (Philtrum) Piercing Guide,https://workofarttattoo.com/philtrum_piercing_las_vegas_authority_guide/,"index, follow, max-snippet:-1, max-image-preview:large",true,Joshua Cole,Katelyn Cole,learn about or book piercing service: philtrum piercing las vegas authority guide,mixed,high,true,true,true,false,,14,132,KEEP,
https://workofarttattoo.com/piercing-guide-las-vegas/,piercing-guide-las-vegas/code.html,static-html-export,piercing,Piercing Las Vegas | Walk-Ins Near the Strip | Work of Art,"Piercing in Las Vegas near the Strip with Katelyn Cole. Ear, facial, oral, and body piercing guides, walk-ins when available, and online booking.","Piercing Las Vegas | Complete Guide — Ear, Nose, Body & Book Online",https://workofarttattoo.com/piercing-guide-las-vegas/,"index, follow, max-snippet:-1, max-image-preview:large",true,Joshua Cole,Katelyn Cole,learn about or book piercing service: piercing guide las vegas,mixed,high,true,true,true,true,,564,158,KEEP,multiple h1s
https://workofarttattoo.com/piercing_aftercare_desert_climate_las_vegas_expert_guide/,piercing_aftercare_desert_climate_las_vegas_expert_guide/code.html,static-html-export,piercing,Piercing Aftercare Las Vegas | Desert Climate Guide — Book Online | Work of Art,"Las Vegas piercing aftercare — dry heat, pools, dust, gym sweat, and saline routines by Katelyn Cole. Work of Art Tattoo & Piercing, Las Vegas — E…",Piercing aftercare in the Las Vegas desert,https://workofarttattoo.com/piercing_aftercare_desert_climate_las_vegas_expert_guide/,"index, follow, max-snippet:-1, max-image-preview:large",true,Joshua Cole,Katelyn Cole,learn about or book piercing service: piercing aftercare desert climate las vegas expert guide,mixed,high,true,true,true,true,,77,108,KEEP,
https://workofarttattoo.com/piercing_aftercare_guide_las_vegas/,piercing_aftercare_guide_las_vegas/code.html,static-html-export,piercing,Piercing Aftercare Guide Las Vegas | Piercing Shop Near the Strip | Work of Art,"How to clean, sleep, swim, and gym with a fresh piercing in Las Vegas. Work of Art Tattoo & Piercing, Las Vegas — E. Tropicana.",Piercing Aftercare Guide — Las Vegas,https://workofarttattoo.com/piercing_aftercare_guide_las_vegas/,"index, follow, max-snippet:-1, max-image-preview:large",true,Joshua Cole,Katelyn Cole,learn about or book piercing service: piercing aftercare guide las vegas,mixed,high,true,true,true,true,,434,107,KEEP,
https://workofarttattoo.com/piercing_healing_guide_las_vegas/,piercing_healing_guide_las_vegas/code.html,static-html-export,piercing,Piercing Healing Guide Las Vegas | Piercing Shop Near the Strip | Work of Art,"Healing timelines by placement — lobe, cartilage, oral, and body piercings. Work of Art Tattoo & Piercing, Las Vegas — E. Tropicana.",Piercing Healing Guide — Las Vegas,https://workofarttattoo.com/piercing_healing_guide_las_vegas/,"index, follow, max-snippet:-1, max-image-preview:large",true,Joshua Cole,Katelyn Cole,learn about or book piercing service: piercing healing guide las vegas,mixed,high,true,true,true,true,,70,107,KEEP,
https://workofarttattoo.com/piercing_jewelry_guide_las_vegas/,piercing_jewelry_guide_las_vegas/code.html,static-html-export,piercing,Implant-Grade Titanium Piercing Jewelry Las Vegas | Work of Art,"Implant-grade titanium piercing jewelry in Las Vegas with Katelyn Cole. Threadless ends, starter length, downsizing, jewelry changes, and curated ears.",Piercing Jewelry Guide — Las Vegas,https://workofarttattoo.com/piercing_jewelry_guide_las_vegas/,"index, follow, max-snippet:-1, max-image-preview:large",true,Joshua Cole,Katelyn Cole,learn about or book piercing service: piercing jewelry guide las vegas,mixed,high,true,true,true,false,,508,106,KEEP,
https://workofarttattoo.com/piercing_types_las_vegas_authority_hub/,piercing_types_las_vegas_authority_hub/code.html,static-html-export,piercing,"Piercing Las Vegas | Complete Guide — Ear, Nose, Body & Book Online | Work of Art","Piercing placement guides, jewelry tips, and aftercare from Katelyn Cole. Work of Art Tattoo & Piercing, Las Vegas — E. Tropicana.","Piercing Las Vegas | Complete Guide — Ear, Nose, Body & Book Online",https://workofarttattoo.com/piercing-guide-las-vegas/,"index, follow, max-snippet:-1, max-image-preview:large",true,Joshua Cole,Katelyn Cole,learn about or book piercing service: piercing types las vegas authority hub,mixed,high,true,true,true,false,,60,136,KEEP,not in sitemap; multiple h1s
https://workofarttattoo.com/psoriasis_skin_science_las_vegas_authority_guide/,psoriasis_skin_science_las_vegas_authority_guide/code.html,static-html-export,tattoo,Psoriasis & Tattoo Safety | Work of Art,"Psoriasis and tattoos — Koebner phenomenon, flares, biologics, and when tattooing may be considered. Not medical advice — Work of Art Las Vegas.",Psoriasis & Tattoo Safety,https://workofarttattoo.com/psoriasis_skin_science_las_vegas_authority_guide/,"index, follow, max-snippet:-1, max-image-preview:large",true,Joshua Cole,Katelyn Cole,learn about or book tattoo service/topic: psoriasis skin science las vegas authority guide,mixed,high,true,true,true,false,,2,111,KEEP,
https://workofarttattoo.com/real_client_tattoo_timeline_las_vegas/,real_client_tattoo_timeline_las_vegas/code.html,static-html-export,tattoo,"Real Client Tattoo Timeline — Fresh to 1 Year | Joshua Cole, Las Vegas | Work of Art","One forearm tattoo documented from fresh to one year — cross, eye, and skull black & grey realism by Joshua Cole. Real heal stages, desert aftercare, no filters. Work of Art Las Vegas.","Real Client Timeline — One Tattoo, Every Stage",https://workofarttattoo.com/real_client_tattoo_timeline_las_vegas/,"index, follow, max-snippet:-1, max-image-preview:large",true,Joshua Cole,Katelyn Cole,learn about or book tattoo service/topic: real client tattoo timeline las vegas,mixed,high,true,true,true,false,,598,109,KEEP,
https://workofarttattoo.com/realism-tattoos-las-vegas/,realism-tattoos-las-vegas/code.html,static-html-export,tattoo,Black & Grey Realism — Joshua Cole | Work of Art Las Vegas | Work of Art,"Black-and-grey and color realism: what to expect, healing, and artist fit near the Strip. Work of Art Tattoo & Piercing, Las Vegas — E. Tropicana.",Realism Tattoo in Las Vegas,https://workofarttattoo.com/realism-tattoos-las-vegas/,"index, follow, max-snippet:-1, max-image-preview:large",true,Joshua Cole,Katelyn Cole,learn about or book tattoo service/topic: realism tattoos las vegas,mixed,high,true,true,true,true,,437,116,KEEP,
https://workofarttattoo.com/realism_tattoos_las_vegas_master_authority_guide/,realism_tattoos_las_vegas_master_authority_guide/code.html,static-html-export,tattoo,Realism Tattoo Guide — Joshua Cole | Work of Art Las Vegas,"Black-and-grey and color realism: what to expect, healing, and artist fit near the Strip. Work of Art Tattoo & Piercing, Las Vegas — E. Tropicana.",Realism Tattoo in Las Vegas,https://workofarttattoo.com/realism-tattoos-las-vegas/,"index, follow, max-snippet:-1, max-image-preview:large",true,Joshua Cole,Katelyn Cole,learn about or book tattoo service/topic: realism tattoos las vegas master authority guide,mixed,high,true,true,false,false,,57,110,KEEP,not in sitemap
https://workofarttattoo.com/review_funnel_google_authority_hub/,review_funnel_google_authority_hub/code.html,static-html-export,other,Leave a Review | Work of Art Tattoo & Piercing,"Scan our in-studio QR or NFC sign to share your experience and support our artists. Work of Art Tattoo & Piercing, Las Vegas — E. Tropicana.",Client reviews & healed work,https://workofarttattoo.com/review_funnel_google_authority_hub/,"index, follow, max-snippet:-1, max-image-preview:large",true,Joshua Cole,Katelyn Cole,understand page topic: Leave a Review | Work of Art Tattoo & Piercing,mixed,medium,true,true,false,false,,12,98,KEEP,
https://workofarttattoo.com/reviews_vault_100_verified_masterpieces/,reviews_vault_100_verified_masterpieces/code.html,static-html-export,other,Review Gallery & Client Feedback | Work of Art Tattoo & Piercing,"Curated proof of quality: real healed work and verified feedback from Vegas collectors. Work of Art Tattoo & Piercing, Las Vegas — E. Tropicana.",Client reviews & healed work,https://workofarttattoo.com/reviews_vault_100_verified_masterpieces/,"index, follow, max-snippet:-1, max-image-preview:large",true,Joshua Cole,Katelyn Cole,understand page topic: Review Gallery & Client Feedback | Work of Art Tattoo & Piercing,mixed,medium,true,true,true,false,,15,105,KEEP,
https://workofarttattoo.com/rook_piercing_las_vegas_authority_guide/,rook_piercing_las_vegas_authority_guide/code.html,static-html-export,piercing,Rook Piercing — Katelyn Cole | Work of Art Las Vegas | Work of Art,"Rook Piercing — Katelyn Cole | Work of Art Las Vegas | Work of Art — Work of Art Tattoo & Piercing, Las Vegas. Custom tattoos, piercing, and walk-ins…",The Complete Rook Piercing Guide,https://workofarttattoo.com/rook_piercing_las_vegas_authority_guide/,"index, follow, max-snippet:-1, max-image-preview:large",true,Joshua Cole,Katelyn Cole,learn about or book piercing service: rook piercing las vegas authority guide,mixed,high,true,true,true,false,,11,132,KEEP,
https://workofarttattoo.com/scar_tissue_tattoo_skin_science_las_vegas_authority_guide/,scar_tissue_tattoo_skin_science_las_vegas_authority_guide/code.html,static-html-export,tattoo,Why Scar Tissue Tattoos Differently | Work of Art,"Tattooing over scar tissue — collagen structure, ink retention, timing, and cover-up planning at Work of Art Las Vegas. Studio education, not medical advice.",Why Scar Tissue Tattoos Differently,https://workofarttattoo.com/scar_tissue_tattoo_skin_science_las_vegas_authority_guide/,"index, follow, max-snippet:-1, max-image-preview:large",true,Joshua Cole,Katelyn Cole,learn about or book tattoo service/topic: scar tissue tattoo skin science las vegas authority guide,mixed,high,true,true,true,false,,5,111,KEEP,
https://workofarttattoo.com/septum_piercing_las_vegas_authority_guide/,septum_piercing_las_vegas_authority_guide/code.html,static-html-export,piercing,Septum Piercing — Katelyn Cole | Work of Art Las Vegas | Work of Art,"Septum Piercing — Katelyn Cole | Work of Art Las Vegas | Work of Art — Work of Art Tattoo & Piercing, Las Vegas. Custom tattoos, piercing, and walk-ins…",The Complete Septum Piercing Guide,https://workofarttattoo.com/septum_piercing_las_vegas_authority_guide/,"index, follow, max-snippet:-1, max-image-preview:large",true,Joshua Cole,Katelyn Cole,learn about or book piercing service: septum piercing las vegas authority guide,mixed,high,true,true,true,false,,12,132,KEEP,
https://workofarttattoo.com/skin_science_tattoo_dermatology_authority_guide/,skin_science_tattoo_dermatology_authority_guide/code.html,static-html-export,tattoo,Skin Science for Tattoo Collectors | Work of Art,"How skin layers, immune cells, and collagen hold tattoo ink — plus scar tissue, eczema, psoriasis, diabetes, and aging skin from a Las Vegas tattoo studio perspective. Work of Art Tattoo & Piercing.",Skin Science for Tattoo Collectors,https://workofarttattoo.com/skin_science_tattoo_dermatology_authority_guide/,"index, follow, max-snippet:-1, max-image-preview:large",true,Joshua Cole,Katelyn Cole,learn about or book tattoo service/topic: skin science tattoo dermatology authority guide,mixed,high,true,true,true,true,,454,134,KEEP,
https://workofarttattoo.com/snake_bites_piercing_las_vegas_authority_guide/,snake_bites_piercing_las_vegas_authority_guide/code.html,static-html-export,piercing,Snake Bites Piercing — Katelyn Cole | Work of Art Las Vegas | Work of Art,"Snake Bites Piercing — Katelyn Cole | Work of Art Las Vegas | Work of Art — Work of Art Tattoo & Piercing, Las Vegas. Custom tattoos, piercing, and…",The Complete Snake Bites Piercing Guide,https://workofarttattoo.com/snake_bites_piercing_las_vegas_authority_guide/,"index, follow, max-snippet:-1, max-image-preview:large",true,Joshua Cole,Katelyn Cole,learn about or book piercing service: snake bites piercing las vegas authority guide,mixed,high,true,true,true,false,,3,128,KEEP,
https://workofarttattoo.com/snug_piercing_las_vegas_authority_guide/,snug_piercing_las_vegas_authority_guide/code.html,static-html-export,piercing,Snug Piercing — Katelyn Cole | Work of Art Las Vegas | Work of Art,"Snug Piercing — Katelyn Cole | Work of Art Las Vegas | Work of Art — Work of Art Tattoo & Piercing, Las Vegas. Custom tattoos, piercing, and walk-ins…",The Complete Snug Piercing Guide,https://workofarttattoo.com/snug_piercing_las_vegas_authority_guide/,"index, follow, max-snippet:-1, max-image-preview:large",true,Joshua Cole,Katelyn Cole,learn about or book piercing service: snug piercing las vegas authority guide,mixed,high,true,true,true,false,,3,132,KEEP,
https://workofarttattoo.com/start_here/,start_here/code.html,static-html-export,other,Start Here | Work of Art Las Vegas,"Not sure where to begin? Pick your situation — first tattoo, Vegas visit, piercing, cover-up, healed proof, pricing, or meeting our artists. Work of Art Las Vegas.",Start Here,https://workofarttattoo.com/start_here/,"index, follow, max-snippet:-1, max-image-preview:large",true,Joshua Cole,Katelyn Cole,understand page topic: Start Here | Work of Art Las Vegas,mixed,medium,true,true,true,false,,820,131,KEEP,
https://workofarttattoo.com/stretch_marks_skin_science_las_vegas_authority_guide/,stretch_marks_skin_science_las_vegas_authority_guide/code.html,static-html-export,tattoo,Stretch Marks & Tattoo Planning | Work of Art,"Tattooing over stretch marks — striae anatomy, timing after pregnancy or weight change, and design strategies. Work of Art Las Vegas.",Stretch Marks & Tattoo Planning,https://workofarttattoo.com/stretch_marks_skin_science_las_vegas_authority_guide/,"index, follow, max-snippet:-1, max-image-preview:large",true,Joshua Cole,Katelyn Cole,learn about or book tattoo service/topic: stretch marks skin science las vegas authority guide,mixed,high,true,true,true,false,,3,111,KEEP,
https://workofarttattoo.com/studio-rules/,studio-rules/code.html,static-html-export,other,Studio Rules | Work of Art Tattoo & Piercing,"Studio rules for appointments, walk-ins, minors, IDs, guests, safety, and respectful visits at Work of Art Tattoo & Piercing Las Vegas.",Studio Rules,https://workofarttattoo.com/studio-rules/,"index, follow, max-snippet:-1, max-image-preview:large",true,,,understand page topic: Studio Rules | Work of Art Tattoo & Piercing,mixed,medium,false,true,false,false,,195,7,KEEP,
https://workofarttattoo.com/studio_gallery/,studio_gallery/code.html,static-html-export,gallery,"Studio Gallery | Tattoos, Original Art & Piercing | Work of Art Las Vegas","Real tattoo portfolio, original fine art, and piercing work from Work of Art Las Vegas — Joshua Cole tattoos & paintings, Katelyn Cole ear curation and body piercing.",Studio gallery,https://workofarttattoo.com/studio_gallery/,"index, follow, max-snippet:-1, max-image-preview:large",true,Joshua Cole,Katelyn Cole,inspect original work/proof,commercial,medium,true,true,true,false,,582,102,KEEP,
https://workofarttattoo.com/studio_videos/,studio_videos/code.html,static-html-export,other,Studio Videos | Tattoo Reels & Client Stories | Work of Art Las Vegas,"Watch tattoo session reels, client interviews, and in-studio footage from Work of Art Tattoo & Piercing in Las Vegas — official Instagram video library.",Studio Videos — Tattoos & Client Stories,https://workofarttattoo.com/studio_videos/,"index, follow, max-snippet:-1, max-image-preview:large",true,Joshua Cole,Katelyn Cole,understand page topic: Studio Videos | Tattoo Reels & Client Stories | Work of Art Las Vegas,mixed,medium,false,true,false,false,,713,94,KEEP,
https://workofarttattoo.com/surface_piercing_las_vegas_authority_guide/,surface_piercing_las_vegas_authority_guide/code.html,static-html-export,piercing,Surface Piercing — Katelyn Cole | Work of Art Las Vegas | Work of Art,"Surface Piercing — Katelyn Cole | Work of Art Las Vegas | Work of Art — Work of Art Tattoo & Piercing, Las Vegas. Custom tattoos, piercing, and walk-ins…",The Complete Surface Piercing Guide,https://workofarttattoo.com/surface_piercing_las_vegas_authority_guide/,"index, follow, max-snippet:-1, max-image-preview:large",true,Joshua Cole,Katelyn Cole,learn about or book piercing service: surface piercing las vegas authority guide,mixed,high,true,true,true,false,,9,130,KEEP,
https://workofarttattoo.com/tattoo-aftercare-desert-climate/,tattoo-aftercare-desert-climate/code.html,static-html-export,tattoo,Desert Tattoo Healing — Joshua Cole | Work of Art Las Vegas | Work of Art,"Vegas-specific healing: sun, dryness, and step-by-step aftercare that protects your ink. Work of Art Tattoo & Piercing, Las Vegas — E. Tropicana.",Tattoo Healing in Desert Climate,https://workofarttattoo.com/tattoo-aftercare-desert-climate/,"index, follow, max-snippet:-1, max-image-preview:large",true,Joshua Cole,Katelyn Cole,learn about or book tattoo service/topic: tattoo aftercare desert climate,mixed,high,true,true,true,true,,443,112,KEEP,
https://workofarttattoo.com/tattoo_healing_before_after_real_results/,tattoo_healing_before_after_real_results/code.html,static-html-export,tattoo,Fresh vs Healed Tattoo Results | Work of Art Las Vegas,"See the same color memorial tattoos fresh and healed months later — why ink lightens, what is normal, and how aftercare affects long-term vibrance. Work of Art Las Vegas.",Fresh vs healed: what your tattoo will look like over time,https://workofarttattoo.com/tattoo_healing_before_after_real_results/,"index, follow, max-snippet:-1, max-image-preview:large",true,Joshua Cole,Katelyn Cole,learn about or book tattoo service/topic: tattoo healing before after real results,mixed,high,true,true,true,true,,23,107,KEEP,not in sitemap
https://workofarttattoo.com/tattoo_healing_in_desert_climate_expert_aftercare_guide/,tattoo_healing_in_desert_climate_expert_aftercare_guide/code.html,static-html-export,tattoo,Las Vegas Desert Tattoo Healing Guide | Work of Art,"Vegas-specific healing: sun, dryness, and step-by-step aftercare that protects your ink. Work of Art Tattoo & Piercing, Las Vegas — E. Tropicana.",Tattoo Healing in Desert Climate,https://workofarttattoo.com/tattoo-aftercare-desert-climate/,"index, follow, max-snippet:-1, max-image-preview:large",true,Joshua Cole,Katelyn Cole,learn about or book tattoo service/topic: tattoo healing in desert climate expert aftercare guide,mixed,high,true,true,true,true,,182,115,KEEP,not in sitemap
https://workofarttattoo.com/tattoo_pain_chart_placement_sensitivity_guide/,tattoo_pain_chart_placement_sensitivity_guide/code.html,static-html-export,tattoo,Tattoo Pain Chart Las Vegas | Placement Guide | Work of Art,"Body-area sensitivity guide so you can plan size, placement, and session comfort. Work of Art Tattoo & Piercing, Las Vegas — E. Tropicana.",Tattoo pain by placement,https://workofarttattoo.com/tattoo_pain_chart_placement_sensitivity_guide/,"index, follow, max-snippet:-1, max-image-preview:large",true,Joshua Cole,Katelyn Cole,learn about or book tattoo service/topic: tattoo pain chart placement sensitivity guide,mixed,high,true,true,true,false,,7,105,KEEP,
https://workofarttattoo.com/tattoo_shop_enterprise_las_vegas/,tattoo_shop_enterprise_las_vegas/code.html,static-html-export,location,"Tattoo Shop Near Enterprise, Las Vegas | Work of Art","Tattoo Shop Near Enterprise, Las Vegas | Work of Art — Work of Art Tattoo & Piercing, Las Vegas. Custom tattoos, piercing, and walk-ins near the Strip.","Tattoo Shop Near Enterprise, Las Vegas",https://workofarttattoo.com/tattoo_shop_enterprise_las_vegas/,"index, follow, max-snippet:-1, max-image-preview:large",true,Joshua Cole,Katelyn Cole,plan travel to the studio from a Las Vegas area/landmark,local,high,false,true,false,false,location pages,426,11,KEEP,
https://workofarttattoo.com/tattoo_shop_green_valley_henderson/,tattoo_shop_green_valley_henderson/code.html,static-html-export,location,Tattoo Shop Near Green Valley & Henderson | Work of Art,"Tattoo Shop Near Green Valley & Henderson | Work of Art — Work of Art Tattoo & Piercing, Las Vegas. Custom tattoos, piercing, and walk-ins near the Strip.",Tattoo Shop Near Green Valley & Henderson,https://workofarttattoo.com/tattoo_shop_green_valley_henderson/,"index, follow, max-snippet:-1, max-image-preview:large",true,Joshua Cole,Katelyn Cole,plan travel to the studio from a Las Vegas area/landmark,local,high,false,true,true,false,location pages,426,11,KEEP,
https://workofarttattoo.com/tattoo_shop_near_allegiant_stadium_las_vegas/,tattoo_shop_near_allegiant_stadium_las_vegas/code.html,static-html-export,location,Tattoo Shop Near Allegiant Stadium Las Vegas | Work of Art,"Tattoo Shop Near Allegiant Stadium Las Vegas | Work of Art — Work of Art Tattoo & Piercing, Las Vegas. Custom tattoos, piercing, and walk-ins near the…",Tattoo Shop Near Allegiant Stadium Las Vegas,https://workofarttattoo.com/tattoo_shop_near_allegiant_stadium_las_vegas/,"index, follow, max-snippet:-1, max-image-preview:large",true,Joshua Cole,Katelyn Cole,plan travel to the studio from a Las Vegas area/landmark,local,high,false,true,true,false,location pages,426,11,KEEP,
https://workofarttattoo.com/tattoo_shop_near_las_vegas_airport/,tattoo_shop_near_las_vegas_airport/code.html,static-html-export,location,Tattoo Shop Near Las Vegas Airport (LAS) | Work of Art,"Tattoo Shop Near Las Vegas Airport (LAS) | Work of Art — Work of Art Tattoo & Piercing, Las Vegas. Custom tattoos, piercing, and walk-ins near the Strip.",Tattoo Shop Near Las Vegas Airport (LAS),https://workofarttattoo.com/tattoo_shop_near_las_vegas_airport/,"index, follow, max-snippet:-1, max-image-preview:large",true,Joshua Cole,Katelyn Cole,plan travel to the studio from a Las Vegas area/landmark,local,high,false,true,false,false,location pages,427,11,KEEP,
https://workofarttattoo.com/tattoo_shop_near_mgm_grand_las_vegas/,tattoo_shop_near_mgm_grand_las_vegas/code.html,static-html-export,location,Tattoo Shop Near MGM Grand Las Vegas | Work of Art,"Tattoo Shop Near MGM Grand Las Vegas | Work of Art — Work of Art Tattoo & Piercing, Las Vegas. Custom tattoos, piercing, and walk-ins near the Strip.",Tattoo Shop Near MGM Grand Las Vegas,https://workofarttattoo.com/tattoo_shop_near_mgm_grand_las_vegas/,"index, follow, max-snippet:-1, max-image-preview:large",true,Joshua Cole,Katelyn Cole,plan travel to the studio from a Las Vegas area/landmark,local,high,false,true,true,false,location pages,427,11,KEEP,
https://workofarttattoo.com/tattoo_shop_near_the_sphere_las_vegas/,tattoo_shop_near_the_sphere_las_vegas/code.html,static-html-export,location,Tattoo Shop Near The Sphere Las Vegas | Work of Art,"Tattoo Shop Near The Sphere Las Vegas | Work of Art — Work of Art Tattoo & Piercing, Las Vegas. Custom tattoos, piercing, and walk-ins near the Strip.",Tattoo Shop Near The Sphere Las Vegas,https://workofarttattoo.com/tattoo_shop_near_the_sphere_las_vegas/,"index, follow, max-snippet:-1, max-image-preview:large",true,Joshua Cole,Katelyn Cole,plan travel to the studio from a Las Vegas area/landmark,local,high,false,true,false,false,location pages,427,11,KEEP,
https://workofarttattoo.com/tattoo_shop_near_the_strip_geo_seo_optimized/,tattoo_shop_near_the_strip_geo_seo_optimized/code.html,static-html-export,location,Tattoo and Piercing Shops Near Me Las Vegas | Strip Area | Work of Art,"Location, parking, and why locals and tourists choose us minutes from the Las Vegas Strip. Work of Art Tattoo & Piercing, Las Vegas — E. Tropicana.","Vegas Artistry, No Ego Culture.",https://workofarttattoo.com/tattoo_shop_near_the_strip_nap_corrected/,"index, follow, max-snippet:-1, max-image-preview:large",true,Joshua Cole,Katelyn Cole,plan travel to the studio from a Las Vegas area/landmark,local,high,true,true,true,false,location pages,0,122,KEEP,not in sitemap
https://workofarttattoo.com/tattoo_shop_near_the_strip_nap_corrected/,tattoo_shop_near_the_strip_nap_corrected/code.html,static-html-export,location,Tattoo and Piercing Shop Near Me | Near the Strip Las Vegas | Work of Art,"Directions to Work of Art at 2375 E. Tropicana Ave, Suite 3 — easy access from the Strip and airport. Work of Art Tattoo & Piercing, Las Vegas — E. Tropicana.","Vegas Artistry, No Ego Culture.",https://workofarttattoo.com/tattoo_shop_near_the_strip_nap_corrected/,"index, follow, max-snippet:-1, max-image-preview:large",true,Joshua Cole,Katelyn Cole,plan travel to the studio from a Las Vegas area/landmark,local,high,true,true,true,false,location pages,447,127,KEEP,
https://workofarttattoo.com/tattoo_shop_paradise_nevada/,tattoo_shop_paradise_nevada/code.html,static-html-export,location,"Tattoo Shop in Paradise, Nevada | Work of Art","Tattoo Shop in Paradise, Nevada | Work of Art — Work of Art Tattoo & Piercing, Las Vegas. Custom tattoos, piercing, and walk-ins near the Strip.","Tattoo Shop in Paradise, Nevada",https://workofarttattoo.com/tattoo_shop_paradise_nevada/,"index, follow, max-snippet:-1, max-image-preview:large",true,Joshua Cole,Katelyn Cole,plan travel to the studio from a Las Vegas area/landmark,local,high,false,true,false,false,location pages,426,11,KEEP,
https://workofarttattoo.com/tattoo_shop_spring_valley_las_vegas/,tattoo_shop_spring_valley_las_vegas/code.html,static-html-export,location,"Tattoo Shop Serving Spring Valley, Las Vegas | Work of Art","Tattoo Shop Serving Spring Valley, Las Vegas | Work of Art — Work of Art Tattoo & Piercing, Las Vegas. Custom tattoos, piercing, and walk-ins near the…","Tattoo Shop Serving Spring Valley, Las Vegas",https://workofarttattoo.com/tattoo_shop_spring_valley_las_vegas/,"index, follow, max-snippet:-1, max-image-preview:large",true,Joshua Cole,Katelyn Cole,plan travel to the studio from a Las Vegas area/landmark,local,high,false,true,false,true,location pages,426,11,KEEP,
https://workofarttattoo.com/terms-of-service/,terms-of-service/code.html,static-html-export,other,Terms of Service | Work of Art Tattoo & Piercing,"Terms for consultations, appointments, deposits, studio communication, and website use at Work of Art Tattoo & Piercing in Las Vegas.",Terms of Service,https://workofarttattoo.com/terms-of-service/,"index, follow, max-snippet:-1, max-image-preview:large",true,,,understand page topic: Terms of Service | Work of Art Tattoo & Piercing,mixed,medium,false,true,false,false,,203,7,KEEP,
https://workofarttattoo.com/tongue_piercing_las_vegas_authority_guide/,tongue_piercing_las_vegas_authority_guide/code.html,static-html-export,piercing,Tongue (Center) Piercing — Katelyn Cole | Work of Art Las Vegas | Work of Art,"Tongue (Center) Piercing — Katelyn Cole | Work of Art Las Vegas | Work of Art — Work of Art Tattoo & Piercing, Las Vegas. Custom tattoos, piercing, and…",The Complete Tongue (Center) Piercing Guide,https://workofarttattoo.com/tongue_piercing_las_vegas_authority_guide/,"index, follow, max-snippet:-1, max-image-preview:large",true,Joshua Cole,Katelyn Cole,learn about or book piercing service: tongue piercing las vegas authority guide,mixed,high,true,true,true,false,,7,130,KEEP,
https://workofarttattoo.com/tragus_piercing_las_vegas_authority_guide/,tragus_piercing_las_vegas_authority_guide/code.html,static-html-export,piercing,Tragus Piercing — Katelyn Cole | Work of Art Las Vegas | Work of Art,"Tragus Piercing — Katelyn Cole | Work of Art Las Vegas | Work of Art — Work of Art Tattoo & Piercing, Las Vegas. Custom tattoos, piercing, and walk-ins…",The Complete Tragus Piercing Guide,https://workofarttattoo.com/tragus_piercing_las_vegas_authority_guide/,"index, follow, max-snippet:-1, max-image-preview:large",true,Joshua Cole,Katelyn Cole,learn about or book piercing service: tragus piercing las vegas authority guide,mixed,high,true,true,true,false,,11,132,KEEP,
https://workofarttattoo.com/upper_lobe_piercing_las_vegas_authority_guide/,upper_lobe_piercing_las_vegas_authority_guide/code.html,static-html-export,piercing,Upper Lobe Piercing — Katelyn Cole | Work of Art Las Vegas | Work of Art,"Upper Lobe Piercing — Katelyn Cole | Work of Art Las Vegas | Work of Art — Work of Art Tattoo & Piercing, Las Vegas. Custom tattoos, piercing, and…",The Complete Upper Lobe Piercing Guide,https://workofarttattoo.com/upper_lobe_piercing_las_vegas_authority_guide/,"index, follow, max-snippet:-1, max-image-preview:large",true,Joshua Cole,Katelyn Cole,learn about or book piercing service: upper lobe piercing las vegas authority guide,mixed,high,true,true,true,false,,3,133,KEEP,
https://workofarttattoo.com/vegas_tattoo_shop_vs_cheap_strip_tattoo_ultimate_comparison/,vegas_tattoo_shop_vs_cheap_strip_tattoo_ultimate_comparison/code.html,static-html-export,location,Premium Tattoo & Piercing Studio vs Strip Shops | Work of Art,"Side-by-side comparison of hygiene, artistry, and long-term value before you book. Work of Art Tattoo & Piercing, Las Vegas — E. Tropicana.",The High Cost of Cheap Ink: Vegas Studio vs. The Strip,https://workofarttattoo.com/vegas_tattoo_shop_vs_cheap_strip_tattoo_ultimate_comparison/,"index, follow, max-snippet:-1, max-image-preview:large",true,Joshua Cole,Katelyn Cole,plan travel to the studio from a Las Vegas area/landmark,local,high,true,true,false,true,location pages,433,102,KEEP,
https://workofarttattoo.com/vegas_tattoo_shop_vs_cheap_strip_tattoo_what_you_need_to_know/,vegas_tattoo_shop_vs_cheap_strip_tattoo_what_you_need_to_know/code.html,static-html-export,location,Vegas Tattoo and Piercing Shop vs Cheap Strip Tattoo | Work of Art Studio,"Red flags, pricing traps, and how to avoid regret on vacation tattoos in Vegas. Work of Art Tattoo & Piercing, Las Vegas — E. Tropicana.",The High Cost of Cheap Ink: Vegas Studio vs. The Strip,https://workofarttattoo.com/vegas_tattoo_shop_vs_cheap_strip_tattoo_what_you_need_to_know/,"index, follow, max-snippet:-1, max-image-preview:large",true,Joshua Cole,Katelyn Cole,plan travel to the studio from a Las Vegas area/landmark,local,high,true,true,true,false,location pages,3,102,KEEP,
https://workofarttattoo.com/vertical_labret_piercing_las_vegas_authority_guide/,vertical_labret_piercing_las_vegas_authority_guide/code.html,static-html-export,piercing,Vertical Labret Piercing — Katelyn Cole | Work of Art Las Vegas | Work of Art,"Vertical Labret Piercing — Katelyn Cole | Work of Art Las Vegas | Work of Art — Work of Art Tattoo & Piercing, Las Vegas. Custom tattoos, piercing, and…",The Complete Vertical Labret Piercing Guide,https://workofarttattoo.com/vertical_labret_piercing_las_vegas_authority_guide/,"index, follow, max-snippet:-1, max-image-preview:large",true,Joshua Cole,Katelyn Cole,learn about or book piercing service: vertical labret piercing las vegas authority guide,mixed,high,true,true,true,false,,3,130,KEEP,
https://workofarttattoo.com/walk-in-tattoos-las-vegas/,walk-in-tattoos-las-vegas/code.html,static-html-export,tattoo,Walk-In & Same-Day Tattoos — Joshua Cole | Work of Art Las Vegas | Work of Art,"Same-day availability, sizing limits, and how walk-ins work at our Tropicana studio. Work of Art Tattoo & Piercing, Las Vegas — E. Tropicana.",Instant Art. Zero Compromise.,https://workofarttattoo.com/walk-in-tattoos-las-vegas/,"index, follow, max-snippet:-1, max-image-preview:large",true,Joshua Cole,Katelyn Cole,learn about or book tattoo service/topic: walk in tattoos las vegas,mixed,high,true,true,true,true,,432,110,KEEP,
https://workofarttattoo.com/walk_in_tattoos_las_vegas_authority_guide/,walk_in_tattoos_las_vegas_authority_guide/code.html,static-html-export,tattoo,Walk-In Tattoo Guide for Las Vegas | Work of Art,"Same-day availability, sizing limits, and how walk-ins work at our Tropicana studio. Work of Art Tattoo & Piercing, Las Vegas — E. Tropicana.",Instant Art. Zero Compromise.,https://workofarttattoo.com/walk-in-tattoos-las-vegas/,"index, follow, max-snippet:-1, max-image-preview:large",true,Joshua Cole,Katelyn Cole,learn about or book tattoo service/topic: walk in tattoos las vegas authority guide,mixed,high,true,true,true,false,,7,103,KEEP,not in sitemap
https://workofarttattoo.com/why_tattoos_stay_forever_skin_science_las_vegas_authority_guide/,why_tattoos_stay_forever_skin_science_las_vegas_authority_guide/code.html,static-html-export,tattoo,Why Tattoos Stay Forever | Work of Art,"Why tattoos are permanent — dermal ink trapping, immune response, particle size, and what can still fade over decades. Joshua Cole, Work of Art Las Vegas.",Why Tattoos Stay Forever,https://workofarttattoo.com/why_tattoos_stay_forever_skin_science_las_vegas_authority_guide/,"index, follow, max-snippet:-1, max-image-preview:large",true,Joshua Cole,Katelyn Cole,learn about or book tattoo service/topic: why tattoos stay forever skin science las vegas authority guide,mixed,high,true,true,true,false,,6,112,KEEP,
