url,page_intent,section_heading,asset_type,asset_path,alt_text,caption,artist,verified_real_work,intent_alignment_score,provenance_status,action,notes
/,tattoo,,image,/home_work_of_art_tattoo_piercing/work-of-art-studio-banner-las-vegas.webp,,,,YES,4,UNKNOWN,KEEP,Tattoo visual supports tattoo page.
/,tattoo,,image,/home_work_of_art_tattoo_piercing/work-of-art-studio-banner-las-vegas.png,Work of Art Tattoo & Piercing — Las Vegas studio banner,,,YES,4,UNKNOWN,KEEP,Tattoo visual supports tattoo page.
/,tattoo,"Fresh vs healed — same clients, real timelines",image,/healed_tattoo_gallery_las_vegas/fresh-eagle-memorial-calf-tattoo-las-vegas-400.webp,,,Joshua Cole,YES,4,LIKELY,KEEP,Tattoo visual supports tattoo page.
/,tattoo,"Fresh vs healed — same clients, real timelines",image,/healed_tattoo_gallery_las_vegas/fresh-eagle-memorial-calf-tattoo-las-vegas.png,Fresh color eagle memorial calf tattoo — Work of Art Las Vegas,,Joshua Cole,YES,4,LIKELY,KEEP,Tattoo visual supports tattoo page.
/,tattoo,"Fresh vs healed — same clients, real timelines",image,/healed_tattoo_gallery_las_vegas/eagle-memorial-calf-healed-tattoo-las-vegas-400.webp,,,Joshua Cole,YES,4,LIKELY,KEEP,Tattoo visual supports tattoo page.
/,tattoo,"Fresh vs healed — same clients, real timelines",image,/healed_tattoo_gallery_las_vegas/eagle-memorial-calf-healed-tattoo-las-vegas.png,Healed color eagle memorial calf tattoo — Work of Art Las Vegas,,Joshua Cole,YES,4,LIKELY,KEEP,Tattoo visual supports tattoo page.
/,tattoo,"Fresh vs healed — same clients, real timelines",image,/healed_tattoo_gallery_las_vegas/fresh-roaring-lion-thigh-black-grey-joshua-cole-las-vegas-400.webp,,,Joshua Cole,YES,4,LIKELY,KEEP,Tattoo visual supports tattoo page.
/,tattoo,"Fresh vs healed — same clients, real timelines",image,/healed_tattoo_gallery_las_vegas/fresh-roaring-lion-thigh-black-grey-joshua-cole-las-vegas.png,Fresh roaring lion thigh black and grey realism — Work of Art Las Vegas,,Joshua Cole,YES,4,LIKELY,KEEP,Tattoo visual supports tattoo page.
/,tattoo,"Fresh vs healed — same clients, real timelines",image,/healed_tattoo_gallery_las_vegas/healed-3-month-roaring-lion-thigh-joshua-cole-las-vegas-400.webp,,,Joshua Cole,YES,4,LIKELY,KEEP,Tattoo visual supports tattoo page.
/,tattoo,"Fresh vs healed — same clients, real timelines",image,/healed_tattoo_gallery_las_vegas/healed-3-month-roaring-lion-thigh-joshua-cole-las-vegas.png,Healed roaring lion thigh at three months — Work of Art Las Vegas,,Joshua Cole,YES,4,LIKELY,KEEP,Tattoo visual supports tattoo page.
/,tattoo,Meet Our Artists,image,/artists/joshua-cole/joshua-cole-portrait-las-vegas-400.webp,,,Joshua Cole,YES,4,LIKELY,KEEP,Tattoo visual supports tattoo page.
/,tattoo,Meet Our Artists,image,/artists/joshua-cole/joshua-cole-portrait-las-vegas.png,"Joshua Cole — black and grey realism tattoo artist, Work of Art Tattoo Las Vegas",,Joshua Cole,YES,4,LIKELY,KEEP,Tattoo visual supports tattoo page.
/,tattoo,Meet Our Artists,image,/artists/katelyn-cole/katelyn-cole-professional-piercer-ear-curation-no-duplicates-las-vegas-400.webp,,,Katelyn Cole,YES,3,VERIFIED,REVIEW,Generic studio creative; acceptable when not used as portfolio proof.
/,tattoo,Meet Our Artists,image,/artists/katelyn-cole/katelyn-cole-professional-piercer-ear-curation-no-duplicates-las-vegas.jpg,"Katelyn Cole — professional piercer, Work of Art Tattoo Las Vegas",,Katelyn Cole,YES,4,VERIFIED,KEEP,Tattoo visual supports tattoo page.
/,tattoo,Meet Our Artists,image,/artists/teralyn/teralyn-fine-line-tattoo-artist-las-vegas-400.webp,,,Teralyn,YES,4,VERIFIED,KEEP,Tattoo visual supports tattoo page.
/,tattoo,Meet Our Artists,image,/artists/teralyn/teralyn-fine-line-tattoo-artist-las-vegas.jpg,"Teralyn — tattoo artist and piercer, Work of Art Tattoo Las Vegas",,Teralyn,YES,4,VERIFIED,KEEP,Tattoo visual supports tattoo page.
/,tattoo,Meet Our Artists,image,/home_work_of_art_tattoo_piercing/client-portfolio/norse-odin-viking-ship-sleeve-realism-las-vegas-400.webp,,Masterpiece,Joshua Cole,YES,4,LIKELY,KEEP,Tattoo visual supports tattoo page.
/,tattoo,Meet Our Artists,image,/home_work_of_art_tattoo_piercing/client-portfolio/norse-odin-viking-ship-sleeve-realism-las-vegas.png,Black and grey Norse Odin and Viking ship sleeve — Work of Art Tattoo Las Vegas,Masterpiece,Joshua Cole,YES,4,LIKELY,KEEP,Tattoo visual supports tattoo page.
/,tattoo,Norse Odin Sleeve,image,/home_work_of_art_tattoo_piercing/client-portfolio/black-grey-warrior-profile-shoulder-realism-las-vegas-400.webp,,,Joshua Cole,YES,4,LIKELY,KEEP,Tattoo visual supports tattoo page.
/,tattoo,Norse Odin Sleeve,image,/home_work_of_art_tattoo_piercing/client-portfolio/black-grey-warrior-profile-shoulder-realism-las-vegas.png,Black and grey warrior profile shoulder realism — Work of Art Tattoo Las Vegas,,Joshua Cole,YES,4,LIKELY,KEEP,Tattoo visual supports tattoo page.
/,tattoo,Norse Odin Sleeve,image,/home_work_of_art_tattoo_piercing/client-portfolio/veiled-woman-statue-black-grey-realism-las-vegas-400.webp,,,Joshua Cole,YES,4,LIKELY,KEEP,Tattoo visual supports tattoo page.
/,tattoo,Norse Odin Sleeve,image,/home_work_of_art_tattoo_piercing/client-portfolio/veiled-woman-statue-black-grey-realism-las-vegas.png,Veiled woman statue black and grey realism — Work of Art Tattoo Las Vegas,,Joshua Cole,YES,4,LIKELY,KEEP,Tattoo visual supports tattoo page.
/,tattoo,Norse Odin Sleeve,image,/home_work_of_art_tattoo_piercing/client-portfolio/all-seeing-eye-triangle-forearm-realism-las-vegas-400.webp,,,Joshua Cole,YES,4,LIKELY,KEEP,Tattoo visual supports tattoo page.
/,tattoo,Norse Odin Sleeve,image,/home_work_of_art_tattoo_piercing/client-portfolio/all-seeing-eye-triangle-forearm-realism-las-vegas.png,All-seeing eye triangle forearm realism — Work of Art Tattoo Las Vegas,,Joshua Cole,YES,4,LIKELY,KEEP,Tattoo visual supports tattoo page.
/,tattoo,Studio Portfolio — 13 Recent Pieces,image,/home_work_of_art_tattoo_piercing/client-portfolio/black-grey-warrior-profile-shoulder-realism-las-vegas-400.webp,,,Joshua Cole,YES,4,LIKELY,KEEP,Tattoo visual supports tattoo page.
/,tattoo,Studio Portfolio — 13 Recent Pieces,image,/home_work_of_art_tattoo_piercing/client-portfolio/black-grey-warrior-profile-shoulder-realism-las-vegas.png,"Black and grey warrior profile shoulder realism tattoo — Joshua Cole, Work of Art Las Vegas",,Joshua Cole,YES,4,LIKELY,KEEP,Tattoo visual supports tattoo page.
/,tattoo,Studio Portfolio — 13 Recent Pieces,image,/home_work_of_art_tattoo_piercing/client-portfolio/norse-odin-viking-ship-sleeve-realism-las-vegas-400.webp,,,Joshua Cole,YES,4,LIKELY,KEEP,Tattoo visual supports tattoo page.
/,tattoo,Studio Portfolio — 13 Recent Pieces,image,/home_work_of_art_tattoo_piercing/client-portfolio/norse-odin-viking-ship-sleeve-realism-las-vegas.png,"Norse Odin and Viking ship black and grey sleeve — Joshua Cole, Work of Art Las Vegas",,Joshua Cole,YES,4,LIKELY,KEEP,Tattoo visual supports tattoo page.
/,tattoo,Studio Portfolio — 13 Recent Pieces,image,/home_work_of_art_tattoo_piercing/client-portfolio/portrait-legs-black-grey-realism-las-vegas-400.webp,,,Joshua Cole,YES,4,LIKELY,KEEP,Tattoo visual supports tattoo page.
/,tattoo,Studio Portfolio — 13 Recent Pieces,image,/home_work_of_art_tattoo_piercing/client-portfolio/portrait-legs-black-grey-realism-las-vegas.png,"Black and grey portrait leg tattoos — Joshua Cole, Work of Art Las Vegas",,Joshua Cole,YES,4,LIKELY,KEEP,Tattoo visual supports tattoo page.
/,tattoo,Studio Portfolio — 13 Recent Pieces,image,/home_work_of_art_tattoo_piercing/client-portfolio/eagle-memorial-color-leg-tattoo-las-vegas-400.webp,,,Joshua Cole,YES,4,LIKELY,KEEP,Tattoo visual supports tattoo page.
/,tattoo,Studio Portfolio — 13 Recent Pieces,image,/home_work_of_art_tattoo_piercing/client-portfolio/eagle-memorial-color-leg-tattoo-las-vegas.png,"Color eagle memorial leg tattoo — Joshua Cole, Work of Art Las Vegas",,Joshua Cole,YES,4,LIKELY,KEEP,Tattoo visual supports tattoo page.
/,tattoo,Studio Portfolio — 13 Recent Pieces,image,/home_work_of_art_tattoo_piercing/client-portfolio/falling-angel-black-grey-realism-las-vegas-400.webp,,,Joshua Cole,YES,4,LIKELY,KEEP,Tattoo visual supports tattoo page.
/,tattoo,Studio Portfolio — 13 Recent Pieces,image,/home_work_of_art_tattoo_piercing/client-portfolio/falling-angel-black-grey-realism-las-vegas.png,"Falling angel black and grey realism tattoo — Joshua Cole, Work of Art Las Vegas",,Joshua Cole,YES,4,LIKELY,KEEP,Tattoo visual supports tattoo page.
/,tattoo,Studio Portfolio — 13 Recent Pieces,image,/home_work_of_art_tattoo_piercing/client-portfolio/original-portrait-drawing-graphite-las-vegas-400.webp,,,Joshua Cole,YES,4,LIKELY,KEEP,Tattoo visual supports tattoo page.
/,tattoo,Studio Portfolio — 13 Recent Pieces,image,/home_work_of_art_tattoo_piercing/client-portfolio/original-portrait-drawing-graphite-las-vegas.png,Original graphite portrait drawing by Joshua Cole — Work of Art Las Vegas,,Joshua Cole,YES,4,LIKELY,KEEP,Tattoo visual supports tattoo page.
/,tattoo,Studio Portfolio — 13 Recent Pieces,image,/home_work_of_art_tattoo_piercing/client-portfolio/egyptian-face-neck-realism-tattoo-las-vegas-400.webp,,,Joshua Cole,YES,4,LIKELY,KEEP,Tattoo visual supports tattoo page.
/,tattoo,Studio Portfolio — 13 Recent Pieces,image,/home_work_of_art_tattoo_piercing/client-portfolio/egyptian-face-neck-realism-tattoo-las-vegas.png,"Egyptian face neck black and grey realism tattoo — Joshua Cole, Work of Art Las Vegas",,Joshua Cole,YES,4,LIKELY,KEEP,Tattoo visual supports tattoo page.
/,tattoo,Studio Portfolio — 13 Recent Pieces,image,/home_work_of_art_tattoo_piercing/client-portfolio/veiled-woman-statue-black-grey-realism-las-vegas-400.webp,,,Joshua Cole,YES,4,LIKELY,KEEP,Tattoo visual supports tattoo page.
/,tattoo,Studio Portfolio — 13 Recent Pieces,image,/home_work_of_art_tattoo_piercing/client-portfolio/veiled-woman-statue-black-grey-realism-las-vegas.png,"Veiled woman statue black and grey realism tattoo — Joshua Cole, Work of Art Las Vegas",,Joshua Cole,YES,4,LIKELY,KEEP,Tattoo visual supports tattoo page.
/,tattoo,Studio Portfolio — 13 Recent Pieces,image,/home_work_of_art_tattoo_piercing/client-portfolio/fly-high-eagle-memorial-color-las-vegas-400.webp,,,Joshua Cole,YES,4,LIKELY,KEEP,Tattoo visual supports tattoo page.
/,tattoo,Studio Portfolio — 13 Recent Pieces,image,/home_work_of_art_tattoo_piercing/client-portfolio/fly-high-eagle-memorial-color-las-vegas.png,"Fly High With The Eagles memorial color leg tattoo — Joshua Cole, Work of Art Las Vegas",,Joshua Cole,YES,4,LIKELY,KEEP,Tattoo visual supports tattoo page.
/,tattoo,Studio Portfolio — 13 Recent Pieces,image,/home_work_of_art_tattoo_piercing/client-portfolio/all-seeing-eye-triangle-forearm-realism-las-vegas-400.webp,,,Joshua Cole,YES,4,LIKELY,KEEP,Tattoo visual supports tattoo page.
/,tattoo,Studio Portfolio — 13 Recent Pieces,image,/home_work_of_art_tattoo_piercing/client-portfolio/all-seeing-eye-triangle-forearm-realism-las-vegas.png,"All-seeing eye triangle forearm black and grey realism — Joshua Cole, Work of Art Las Vegas",,Joshua Cole,YES,4,LIKELY,KEEP,Tattoo visual supports tattoo page.
/,tattoo,Studio Portfolio — 13 Recent Pieces,image,/home_work_of_art_tattoo_piercing/client-portfolio/original-singer-portrait-drawing-las-vegas-400.webp,,,Joshua Cole,YES,4,LIKELY,KEEP,Tattoo visual supports tattoo page.
/,tattoo,Studio Portfolio — 13 Recent Pieces,image,/home_work_of_art_tattoo_piercing/client-portfolio/original-singer-portrait-drawing-las-vegas.png,Original singer portrait drawing by Joshua Cole — Work of Art Las Vegas,,Joshua Cole,YES,4,LIKELY,KEEP,Tattoo visual supports tattoo page.
/,tattoo,Studio Portfolio — 13 Recent Pieces,image,/home_work_of_art_tattoo_piercing/client-portfolio/original-pennywise-drawing-las-vegas-400.webp,,,Joshua Cole,YES,4,LIKELY,KEEP,Tattoo visual supports tattoo page.
/,tattoo,Studio Portfolio — 13 Recent Pieces,image,/home_work_of_art_tattoo_piercing/client-portfolio/original-pennywise-drawing-las-vegas.png,Original Pennywise portrait drawing by Joshua Cole — Work of Art Las Vegas,,Joshua Cole,YES,4,LIKELY,KEEP,Tattoo visual supports tattoo page.
/,tattoo,Studio Portfolio — 13 Recent Pieces,image,/home_work_of_art_tattoo_piercing/client-portfolio/red-rose-memorial-name-tattoo-las-vegas-400.webp,,,Joshua Cole,YES,4,LIKELY,KEEP,Tattoo visual supports tattoo page.
/,tattoo,Studio Portfolio — 13 Recent Pieces,image,/home_work_of_art_tattoo_piercing/client-portfolio/red-rose-memorial-name-tattoo-las-vegas.png,"Red rose memorial name tattoo — Joshua Cole, Work of Art Las Vegas",,Joshua Cole,YES,4,LIKELY,KEEP,Tattoo visual supports tattoo page.
/,tattoo,,video,https://www.googletagmanager.com/ns.html?id=GTM-TZTQSQBB,,,,NO,3,UNKNOWN,REVIEW,Generic studio creative; acceptable when not used as portfolio proof.
/,tattoo,Joshua Cole — professional studio interview,video,https://www.instagram.com/reel/DDiX988y0tR/,"▶ Joshua Cole — professional studio interview The full Work of Art story — consult-first custom tattoos and piercings in Las Vegas, told straight from the studio chair. Watch on Instagram","▶ Joshua Cole — professional studio interview The full Work of Art story — consult-first custom tattoos and piercings in Las Vegas, told straight from the studio chair. Watch on Instagram",Joshua Cole,YES,3,LIKELY,REVIEW,Remote Instagram card; verify reel subject visually before using as proof.
/,tattoo,Joshua Cole — professional studio interview,video,https://www.instagram.com/reel/DDiX988y0tR/,Watch on Instagram,Watch on Instagram,,NO,3,UNKNOWN,REVIEW,Remote Instagram card; verify reel subject visually before using as proof.
/aging_skin_skin_science_las_vegas_authority_guide/,tattoo,Real heal documentation,image,/healed_tattoo_gallery_las_vegas/fresh-all-seeing-eye-triangle-forearm-joshua-cole-las-vegas.webp,,Tattoo skin science close-up Fresh tattoo surface detail — the epidermis is irritated while pigment is placed below it.,Joshua Cole,YES,4,LIKELY,KEEP,Tattoo visual supports tattoo page.
/aging_skin_skin_science_las_vegas_authority_guide/,tattoo,Real heal documentation,image,/healed_tattoo_gallery_las_vegas/fresh-all-seeing-eye-triangle-forearm-joshua-cole-las-vegas.png,Tattoo skin science close-up — Tattoo skin science — Work of Art Las Vegas,Tattoo skin science close-up Fresh tattoo surface detail — the epidermis is irritated while pigment is placed below it.,Joshua Cole,YES,4,LIKELY,KEEP,Tattoo visual supports tattoo page.
/aging_skin_skin_science_las_vegas_authority_guide/,tattoo,Real heal documentation,image,/tattoo_healing_before_after_real_results/eagle-memorial-calf-fresh-tattoo-las-vegas.webp,,"Healing week 1 Early tattoo healing reference — surface shine, tightness, and light texture can change how value reads.",,YES,4,UNKNOWN,KEEP,Tattoo visual supports tattoo page.
/aging_skin_skin_science_las_vegas_authority_guide/,tattoo,Real heal documentation,image,/tattoo_healing_before_after_real_results/eagle-memorial-calf-fresh-tattoo-las-vegas.png,Healing week 1 — Tattoo skin science — Work of Art Las Vegas,"Healing week 1 Early tattoo healing reference — surface shine, tightness, and light texture can change how value reads.",,YES,4,UNKNOWN,KEEP,Tattoo visual supports tattoo page.
/aging_skin_skin_science_las_vegas_authority_guide/,tattoo,Real heal documentation,image,/tattoo_healing_before_after_real_results/eagle-memorial-calf-fresh-vs-healed-comparison-las-vegas.webp,,Healing month 2 Fresh vs settled tattoo comparison — useful for explaining how the surface calms while pigment remains.,,YES,4,UNKNOWN,KEEP,Tattoo visual supports tattoo page.
/aging_skin_skin_science_las_vegas_authority_guide/,tattoo,Real heal documentation,image,/tattoo_healing_before_after_real_results/eagle-memorial-calf-fresh-vs-healed-comparison-las-vegas.png,Healing month 2 — Tattoo skin science — Work of Art Las Vegas,Healing month 2 Fresh vs settled tattoo comparison — useful for explaining how the surface calms while pigment remains.,,YES,4,UNKNOWN,KEEP,Tattoo visual supports tattoo page.
/aging_skin_skin_science_las_vegas_authority_guide/,tattoo,Real heal documentation,image,/healed_tattoo_gallery_las_vegas/healed-3-month-roaring-lion-thigh-joshua-cole-las-vegas.webp,,Settled heal Settled black and grey tattoo detail — healed contrast is what matters for long-term readability.,Joshua Cole,YES,4,LIKELY,KEEP,Tattoo visual supports tattoo page.
/aging_skin_skin_science_las_vegas_authority_guide/,tattoo,Real heal documentation,image,/healed_tattoo_gallery_las_vegas/healed-3-month-roaring-lion-thigh-joshua-cole-las-vegas.png,Settled heal — Tattoo skin science — Work of Art Las Vegas,Settled heal Settled black and grey tattoo detail — healed contrast is what matters for long-term readability.,Joshua Cole,YES,4,LIKELY,KEEP,Tattoo visual supports tattoo page.
/aging_skin_skin_science_las_vegas_authority_guide/,tattoo,Real heal documentation,image,/home_work_of_art_tattoo_piercing/client-portfolio/skull-hourglass-forearm-realism-fresh-las-vegas.webp,,"Fresh redness Day-zero tattoo surface redness — shown as healing context, not as finished portfolio proof.",Joshua Cole,YES,4,LIKELY,KEEP,Tattoo visual supports tattoo page.
/aging_skin_skin_science_las_vegas_authority_guide/,tattoo,Real heal documentation,image,/home_work_of_art_tattoo_piercing/client-portfolio/skull-hourglass-forearm-realism-fresh-las-vegas.png,Fresh redness — Tattoo skin science — Work of Art Las Vegas,"Fresh redness Day-zero tattoo surface redness — shown as healing context, not as finished portfolio proof.",Joshua Cole,YES,4,LIKELY,KEEP,Tattoo visual supports tattoo page.
/aging_skin_skin_science_las_vegas_authority_guide/,tattoo,,video,https://www.googletagmanager.com/ns.html?id=GTM-TZTQSQBB,,,,NO,3,UNKNOWN,REVIEW,Generic studio creative; acceptable when not used as portfolio proof.
/aging_skin_skin_science_las_vegas_authority_guide/,tattoo,Book a consult,video,https://www.instagram.com/reel/Cpp18lXgU3P/,▶ Joshua Cole — seminars & advanced training Continuing education and advanced training from Joshua Cole. Watch on Instagram,▶ Joshua Cole — seminars & advanced training Continuing education and advanced training from Joshua Cole. Watch on Instagram,Joshua Cole,YES,3,LIKELY,REVIEW,Remote Instagram card; verify reel subject visually before using as proof.
/anti_eyebrow_piercing_las_vegas_authority_guide/,piercing,Real heal documentation,image,/studio_gallery/nostril-stud-on-smiling-client-dd626b1d.webp,,Facial piercing close-up Placement and angle marked for your anatomy — starter jewelry sized for swelling.,Katelyn Cole,YES,5,VERIFIED,KEEP,Piercing visual matches page intent.
/anti_eyebrow_piercing_las_vegas_authority_guide/,piercing,Real heal documentation,image,/studio_gallery/nostril-stud-on-smiling-client-dd626b1d.png,Facial piercing close-up — Facial piercing — Work of Art Las Vegas,Facial piercing close-up Placement and angle marked for your anatomy — starter jewelry sized for swelling.,Katelyn Cole,YES,5,VERIFIED,KEEP,Piercing visual matches page intent.
/anti_eyebrow_piercing_las_vegas_authority_guide/,piercing,Real heal documentation,image,/studio_gallery/facial-piercing-work-c65aaed1.webp,,"Healing week 1 Days 3–7: tenderness around nostril, eyebrow, or bridge — keep hands off and saline only.",Katelyn Cole,YES,5,VERIFIED,KEEP,Piercing visual matches page intent.
/anti_eyebrow_piercing_las_vegas_authority_guide/,piercing,Real heal documentation,image,/studio_gallery/facial-piercing-work-c65aaed1.png,Healing week 1 — Facial piercing — Work of Art Las Vegas,"Healing week 1 Days 3–7: tenderness around nostril, eyebrow, or bridge — keep hands off and saline only.",Katelyn Cole,YES,5,VERIFIED,KEEP,Piercing visual matches page intent.
/anti_eyebrow_piercing_las_vegas_authority_guide/,piercing,Real heal documentation,image,/studio_gallery/curated-facial-piercing-jewelry-display-7d759759.webp,,Healing month 2 Healed facial work — shorter posts and decorative ends once swelling is gone.,Katelyn Cole,YES,5,VERIFIED,KEEP,Piercing visual matches page intent.
/anti_eyebrow_piercing_las_vegas_authority_guide/,piercing,Real heal documentation,image,/studio_gallery/curated-facial-piercing-jewelry-display-7d759759.png,Healing month 2 — Facial piercing — Work of Art Las Vegas,Healing month 2 Healed facial work — shorter posts and decorative ends once swelling is gone.,Katelyn Cole,YES,5,VERIFIED,KEEP,Piercing visual matches page intent.
/anti_eyebrow_piercing_las_vegas_authority_guide/,piercing,Real heal documentation,image,/studio_gallery/labret-and-eyebrow-piercing-closeup-c6159742.webp,,Swelling example Starter jewelry sits long so tissue is not pulled inward — embedding happens when posts are too short too soon.,Katelyn Cole,YES,5,VERIFIED,KEEP,Piercing visual matches page intent.
/anti_eyebrow_piercing_las_vegas_authority_guide/,piercing,Real heal documentation,image,/studio_gallery/labret-and-eyebrow-piercing-closeup-c6159742.png,Swelling example — Facial piercing — Work of Art Las Vegas,Swelling example Starter jewelry sits long so tissue is not pulled inward — embedding happens when posts are too short too soon.,Katelyn Cole,YES,5,VERIFIED,KEEP,Piercing visual matches page intent.
/anti_eyebrow_piercing_las_vegas_authority_guide/,piercing,,video,https://www.googletagmanager.com/ns.html?id=GTM-TZTQSQBB,,,,NO,3,UNKNOWN,REVIEW,Generic asset on piercing page.
/anti_eyebrow_piercing_las_vegas_authority_guide/,piercing,Related piercing guides,video,https://www.instagram.com/reel/C78fY1quCVF/,▶ Katelyn Cole — piercing in the studio Watch Katelyn at Work of Art — calm ear curation and piercing placement in Las Vegas. Watch on Instagram,▶ Katelyn Cole — piercing in the studio Watch Katelyn at Work of Art — calm ear curation and piercing placement in Las Vegas. Watch on Instagram,Katelyn Cole,YES,3,VERIFIED,REVIEW,Remote Instagram card; verify reel subject visually before using as proof.
/anti_tragus_piercing_las_vegas_authority_guide/,piercing,Real heal documentation,image,/studio_gallery/curated-helix-tragus-lobe-piercings-88475d3e.webp,,Anti-tragus close-up Placement and angle marked for your anatomy — starter jewelry sized for swelling.,Katelyn Cole,YES,5,VERIFIED,KEEP,Piercing visual matches page intent.
/anti_tragus_piercing_las_vegas_authority_guide/,piercing,Real heal documentation,image,/studio_gallery/curated-helix-tragus-lobe-piercings-88475d3e.png,Anti-tragus close-up — Anti-tragus — Work of Art Las Vegas,Anti-tragus close-up Placement and angle marked for your anatomy — starter jewelry sized for swelling.,Katelyn Cole,YES,5,VERIFIED,KEEP,Piercing visual matches page intent.
/anti_tragus_piercing_las_vegas_authority_guide/,piercing,Real heal documentation,image,/studio_gallery/flat-and-conch-cartilage-studs-c317138a.webp,,"Healing week 1 Days 3–7: light crusties, tenderness, and a longer post on purpose — do not shorten jewelry at home.",Katelyn Cole,YES,5,VERIFIED,KEEP,Piercing visual matches page intent.
/anti_tragus_piercing_las_vegas_authority_guide/,piercing,Real heal documentation,image,/studio_gallery/flat-and-conch-cartilage-studs-c317138a.png,Healing week 1 — Anti-tragus — Work of Art Las Vegas,"Healing week 1 Days 3–7: light crusties, tenderness, and a longer post on purpose — do not shorten jewelry at home.",Katelyn Cole,YES,5,VERIFIED,KEEP,Piercing visual matches page intent.
/anti_tragus_piercing_las_vegas_authority_guide/,piercing,Real heal documentation,image,/studio_gallery/ear-piercing-healed-result-0f5998be.webp,,Healing month 2 Around 6–8 weeks swelling drops — this is when downsizing protects the angle and prevents bumps.,Katelyn Cole,YES,5,VERIFIED,KEEP,Piercing visual matches page intent.
/anti_tragus_piercing_las_vegas_authority_guide/,piercing,Real heal documentation,image,/studio_gallery/ear-piercing-healed-result-0f5998be.png,Healing month 2 — Anti-tragus — Work of Art Las Vegas,Healing month 2 Around 6–8 weeks swelling drops — this is when downsizing protects the angle and prevents bumps.,Katelyn Cole,YES,5,VERIFIED,KEEP,Piercing visual matches page intent.
/anti_tragus_piercing_las_vegas_authority_guide/,piercing,Real heal documentation,image,/studio_gallery/jewelry-upgrade-86d3f26f.webp,,"Jewelry change Downsize to a shorter post or swap ends once the fistula is stable — booked as a check-in, not a mall kiosk.",Katelyn Cole,YES,5,VERIFIED,KEEP,Piercing visual matches page intent.
/anti_tragus_piercing_las_vegas_authority_guide/,piercing,Real heal documentation,image,/studio_gallery/jewelry-upgrade-86d3f26f.png,Jewelry change — Anti-tragus — Work of Art Las Vegas,"Jewelry change Downsize to a shorter post or swap ends once the fistula is stable — booked as a check-in, not a mall kiosk.",Katelyn Cole,YES,5,VERIFIED,KEEP,Piercing visual matches page intent.
/anti_tragus_piercing_las_vegas_authority_guide/,piercing,Real heal documentation,image,/studio_gallery/fresh-upper-cartilage-industrial-bar-2e41fc98.webp,,Swelling example Starter jewelry sits long so tissue is not pulled inward — embedding happens when posts are too short too soon.,Katelyn Cole,YES,5,VERIFIED,KEEP,Piercing visual matches page intent.
/anti_tragus_piercing_las_vegas_authority_guide/,piercing,Real heal documentation,image,/studio_gallery/fresh-upper-cartilage-industrial-bar-2e41fc98.png,Swelling example — Anti-tragus — Work of Art Las Vegas,Swelling example Starter jewelry sits long so tissue is not pulled inward — embedding happens when posts are too short too soon.,Katelyn Cole,YES,5,VERIFIED,KEEP,Piercing visual matches page intent.
/anti_tragus_piercing_las_vegas_authority_guide/,piercing,,video,https://www.googletagmanager.com/ns.html?id=GTM-TZTQSQBB,,,,NO,3,UNKNOWN,REVIEW,Generic asset on piercing page.
/anti_tragus_piercing_las_vegas_authority_guide/,piercing,Related piercing guides,video,https://www.instagram.com/reel/C78fY1quCVF/,▶ Katelyn Cole — piercing in the studio Watch Katelyn at Work of Art — calm ear curation and piercing placement in Las Vegas. Watch on Instagram,▶ Katelyn Cole — piercing in the studio Watch Katelyn at Work of Art — calm ear curation and piercing placement in Las Vegas. Watch on Instagram,Katelyn Cole,YES,3,VERIFIED,REVIEW,Remote Instagram card; verify reel subject visually before using as proof.
/appointments/,tattoo,Verified studio work,image,/home_work_of_art_tattoo_piercing/client-portfolio/roaring-lion-tiger-forearm-realism-las-vegas.webp,,,Joshua Cole,YES,4,LIKELY,KEEP,Tattoo visual supports tattoo page.
/appointments/,tattoo,Verified studio work,image,/home_work_of_art_tattoo_piercing/client-portfolio/roaring-lion-tiger-forearm-realism-las-vegas.png,"Roaring lion and tiger forearm realism — Appointments, Joshua Cole, Work of Art Las Vegas, Work of Art Tattoo & Piercing, Las Vegas",,Joshua Cole,YES,4,LIKELY,KEEP,Tattoo visual supports tattoo page.
/appointments/,tattoo,Verified studio work,image,/home_work_of_art_tattoo_piercing/client-portfolio/black-grey-all-seeing-eye-realism-las-vegas.webp,,,Joshua Cole,YES,4,LIKELY,KEEP,Tattoo visual supports tattoo page.
/appointments/,tattoo,Verified studio work,image,/home_work_of_art_tattoo_piercing/client-portfolio/black-grey-all-seeing-eye-realism-las-vegas.png,"Black and grey all-seeing eye realism — Appointments, Joshua Cole, Work of Art Las Vegas, Work of Art Tattoo & Piercing, Las Vegas",,Joshua Cole,YES,4,LIKELY,KEEP,Tattoo visual supports tattoo page.
/appointments/,tattoo,Verified studio work,image,/home_work_of_art_tattoo_piercing/client-portfolio/skull-hourglass-forearm-realism-fresh-las-vegas.webp,,,Joshua Cole,YES,4,LIKELY,KEEP,Tattoo visual supports tattoo page.
/appointments/,tattoo,Verified studio work,image,/home_work_of_art_tattoo_piercing/client-portfolio/skull-hourglass-forearm-realism-fresh-las-vegas.png,"Fresh skull and hourglass forearm realism — Appointments, Joshua Cole, Work of Art Las Vegas, Work of Art Tattoo & Piercing, Las Vegas",,Joshua Cole,YES,4,LIKELY,KEEP,Tattoo visual supports tattoo page.
/appointments/,tattoo,Verified studio work,image,/home_work_of_art_tattoo_piercing/client-portfolio/steampunk-clock-gears-rose-forearm-healed-las-vegas.webp,,,Joshua Cole,YES,4,LIKELY,KEEP,Tattoo visual supports tattoo page.
/appointments/,tattoo,Verified studio work,image,/home_work_of_art_tattoo_piercing/client-portfolio/steampunk-clock-gears-rose-forearm-healed-las-vegas.png,"Healed steampunk clock and rose forearm — Appointments, Joshua Cole, Work of Art Las Vegas, Work of Art Tattoo & Piercing, Las Vegas",,Joshua Cole,YES,4,LIKELY,KEEP,Tattoo visual supports tattoo page.
/appointments/,tattoo,,video,https://www.googletagmanager.com/ns.html?id=GTM-TZTQSQBB,,,,NO,3,UNKNOWN,REVIEW,Generic studio creative; acceptable when not used as portfolio proof.
/appointments/,tattoo,Explore related studio guides,video,https://www.instagram.com/reel/C8vPwacP1du/,▶ Joshua Cole — painting in the studio Joshua at the easel — fine art and tattoo craft under one roof at Work of Art Las Vegas. Watch on Instagram,▶ Joshua Cole — painting in the studio Joshua at the easel — fine art and tattoo craft under one roof at Work of Art Las Vegas. Watch on Instagram,Joshua Cole,YES,3,LIKELY,REVIEW,Remote Instagram card; verify reel subject visually before using as proof.
/artists/,tattoo,In-Studio Residents,image,/artists/joshua-cole/joshua-cole-portrait-las-vegas.webp,,,Joshua Cole,YES,4,LIKELY,KEEP,Tattoo visual supports tattoo page.
/artists/,tattoo,In-Studio Residents,image,/artists/joshua-cole/joshua-cole-portrait-las-vegas.png,"Joshua Cole — black and grey realism tattoo artist, Work of Art Tattoo Las Vegas",,Joshua Cole,YES,4,LIKELY,KEEP,Tattoo visual supports tattoo page.
/artists/,tattoo,In-Studio Residents,image,/artists/katelyn-cole/katelyn-cole-professional-piercer-ear-curation-no-duplicates-las-vegas.webp,,,Katelyn Cole,YES,3,VERIFIED,REVIEW,Generic studio creative; acceptable when not used as portfolio proof.
/artists/,tattoo,In-Studio Residents,image,/artists/katelyn-cole/katelyn-cole-professional-piercer-ear-curation-no-duplicates-las-vegas.jpg,"Katelyn Cole — professional piercer, Work of Art Tattoo Las Vegas",,Katelyn Cole,YES,4,VERIFIED,KEEP,Tattoo visual supports tattoo page.
/artists/,tattoo,In-Studio Residents,image,/artists/teralyn/teralyn-fine-line-tattoo-artist-las-vegas.webp,,,Teralyn,YES,4,VERIFIED,KEEP,Tattoo visual supports tattoo page.
/artists/,tattoo,In-Studio Residents,image,/artists/teralyn/teralyn-fine-line-tattoo-artist-las-vegas.jpg,"Teralyn — tattoo artist and piercer, Work of Art Tattoo Las Vegas",,Teralyn,YES,4,VERIFIED,KEEP,Tattoo visual supports tattoo page.
/artists/,tattoo,,video,https://www.googletagmanager.com/ns.html?id=GTM-TZTQSQBB,,,,NO,3,UNKNOWN,REVIEW,Generic studio creative; acceptable when not used as portfolio proof.
/artists/joshua-cole/,realism tattoo,Joshua Cole — Realism Tattoo Artist Las Vegas,image,/artists/joshua-cole/joshua-cole-portrait-las-vegas.webp,,,Joshua Cole,YES,5,LIKELY,KEEP,Realism visual matches page intent.
/artists/joshua-cole/,realism tattoo,Joshua Cole — Realism Tattoo Artist Las Vegas,image,/artists/joshua-cole/joshua-cole-portrait-las-vegas.png,"Joshua cole portrait — Joshua Cole tattoo artist Las Vegas, Work of Art Tattoo & Piercing, Las Vegas",,Joshua Cole,YES,5,LIKELY,KEEP,Realism visual matches page intent.
/artists/joshua-cole/,realism tattoo,Masterpiece Image Wall,image,/artists_joshua_cole_assets/joshua-gallery-c6fcc65d93.webp,,,Joshua Cole,YES,1,LIKELY,REPLACE,Non-tattoo creative on realism page.
/artists/joshua-cole/,realism tattoo,Masterpiece Image Wall,image,/artists_joshua_cole_assets/joshua-gallery-de012c23c6.webp,,,Joshua Cole,YES,1,LIKELY,REPLACE,Non-tattoo creative on realism page.
/artists/joshua-cole/,realism tattoo,Masterpiece Image Wall,image,/artists_joshua_cole_assets/joshua-gallery-61bc84bd92.webp,,,Joshua Cole,YES,1,LIKELY,REPLACE,Non-tattoo creative on realism page.
/artists/joshua-cole/,realism tattoo,Masterpiece Image Wall,image,/artists_joshua_cole_assets/joshua-gallery-5f2fa20717.webp,,,Joshua Cole,YES,1,LIKELY,REPLACE,Non-tattoo creative on realism page.
/artists/joshua-cole/,realism tattoo,Masterpiece Image Wall,image,/artists_joshua_cole_assets/joshua-gallery-2d823e1b55.webp,,,Joshua Cole,YES,1,LIKELY,REPLACE,Non-tattoo creative on realism page.
/artists/joshua-cole/,realism tattoo,Masterpiece Image Wall,image,/artists_joshua_cole_assets/joshua-gallery-0397f6014e.webp,,,Joshua Cole,YES,1,LIKELY,REPLACE,Non-tattoo creative on realism page.
/artists/joshua-cole/,realism tattoo,Masterpiece Image Wall,image,/artists_joshua_cole_assets/joshua-gallery-0dc02c7d6e.webp,,,Joshua Cole,YES,1,LIKELY,REPLACE,Non-tattoo creative on realism page.
/artists/joshua-cole/,realism tattoo,Masterpiece Image Wall,image,/artists_joshua_cole_assets/joshua-gallery-92378cefb5.webp,,,Joshua Cole,YES,1,LIKELY,REPLACE,Non-tattoo creative on realism page.
/artists/joshua-cole/,realism tattoo,Masterpiece Image Wall,image,/artists_joshua_cole_assets/joshua-gallery-02300d8759.webp,,,Joshua Cole,YES,1,LIKELY,REPLACE,Non-tattoo creative on realism page.
/artists/joshua-cole/,realism tattoo,Masterpiece Image Wall,image,/artists_joshua_cole_assets/joshua-gallery-b91384cd56.webp,,,Joshua Cole,YES,1,LIKELY,REPLACE,Non-tattoo creative on realism page.
/artists/joshua-cole/,realism tattoo,Masterpiece Image Wall,image,/artists_joshua_cole_assets/joshua-gallery-90b52eb7c0.webp,,,Joshua Cole,YES,1,LIKELY,REPLACE,Non-tattoo creative on realism page.
/artists/joshua-cole/,realism tattoo,Masterpiece Image Wall,image,/artists_joshua_cole_assets/joshua-gallery-552bef5522.webp,,,Joshua Cole,YES,1,LIKELY,REPLACE,Non-tattoo creative on realism page.
/artists/joshua-cole/,realism tattoo,Masterpiece Image Wall,image,/artists_joshua_cole_assets/joshua-gallery-515aa9c54a.webp,,,Joshua Cole,YES,1,LIKELY,REPLACE,Non-tattoo creative on realism page.
/artists/joshua-cole/,realism tattoo,Masterpiece Image Wall,image,/artists_joshua_cole_assets/joshua-gallery-fe37529b7c.webp,,,Joshua Cole,YES,1,LIKELY,REPLACE,Non-tattoo creative on realism page.
/artists/joshua-cole/,realism tattoo,Masterpiece Image Wall,image,/artists_joshua_cole_assets/joshua-gallery-b9f79f925d.webp,,,Joshua Cole,YES,1,LIKELY,REPLACE,Non-tattoo creative on realism page.
/artists/joshua-cole/,realism tattoo,Masterpiece Image Wall,image,/artists_joshua_cole_assets/joshua-gallery-368252bf21.webp,,,Joshua Cole,YES,1,LIKELY,REPLACE,Non-tattoo creative on realism page.
/artists/joshua-cole/,realism tattoo,Masterpiece Image Wall,image,/artists_joshua_cole_assets/joshua-gallery-37355c598c.webp,,,Joshua Cole,YES,1,LIKELY,REPLACE,Non-tattoo creative on realism page.
/artists/joshua-cole/,realism tattoo,Masterpiece Image Wall,image,/artists_joshua_cole_assets/joshua-gallery-9eacd7129b.webp,,,Joshua Cole,YES,1,LIKELY,REPLACE,Non-tattoo creative on realism page.
/artists/joshua-cole/,realism tattoo,Masterpiece Image Wall,image,/artists_joshua_cole_assets/joshua-gallery-aca04102e2.webp,,,Joshua Cole,YES,1,LIKELY,REPLACE,Non-tattoo creative on realism page.
/artists/joshua-cole/,realism tattoo,Masterpiece Image Wall,image,/artists_joshua_cole_assets/joshua-gallery-2b75e1331a.webp,,,Joshua Cole,YES,1,LIKELY,REPLACE,Non-tattoo creative on realism page.
/artists/joshua-cole/,realism tattoo,Masterpiece Image Wall,image,/artists_joshua_cole_assets/joshua-gallery-b7919f2700.webp,,,Joshua Cole,YES,1,LIKELY,REPLACE,Non-tattoo creative on realism page.
/artists/joshua-cole/,realism tattoo,Masterpiece Image Wall,image,/artists_joshua_cole_assets/joshua-gallery-fbc822e305.webp,,,Joshua Cole,YES,1,LIKELY,REPLACE,Non-tattoo creative on realism page.
/artists/joshua-cole/,realism tattoo,Masterpiece Image Wall,image,/artists_joshua_cole_assets/joshua-gallery-6f59448ae0.webp,,,Joshua Cole,YES,1,LIKELY,REPLACE,Non-tattoo creative on realism page.
/artists/joshua-cole/,realism tattoo,Masterpiece Image Wall,image,/artists_joshua_cole_assets/joshua-gallery-fe189dd2d6.webp,,,Joshua Cole,YES,1,LIKELY,REPLACE,Non-tattoo creative on realism page.
/artists/joshua-cole/,realism tattoo,Masterpiece Image Wall,image,/artists_joshua_cole_assets/joshua-gallery-6490d39d93.webp,,,Joshua Cole,YES,1,LIKELY,REPLACE,Non-tattoo creative on realism page.
/artists/joshua-cole/,realism tattoo,Masterpiece Image Wall,image,/artists_joshua_cole_assets/joshua-gallery-31f7221ef2.webp,,,Joshua Cole,YES,1,LIKELY,REPLACE,Non-tattoo creative on realism page.
/artists/joshua-cole/,realism tattoo,Masterpiece Image Wall,image,/artists_joshua_cole_assets/joshua-gallery-d63190ac46.webp,,,Joshua Cole,YES,1,LIKELY,REPLACE,Non-tattoo creative on realism page.
/artists/joshua-cole/,realism tattoo,Masterpiece Image Wall,image,/artists_joshua_cole_assets/joshua-gallery-42f298df36.webp,,,Joshua Cole,YES,1,LIKELY,REPLACE,Non-tattoo creative on realism page.
/artists/joshua-cole/,realism tattoo,Masterpiece Image Wall,image,/artists_joshua_cole_assets/joshua-gallery-de59e9d42e.webp,,,Joshua Cole,YES,1,LIKELY,REPLACE,Non-tattoo creative on realism page.
/artists/joshua-cole/,realism tattoo,Masterpiece Image Wall,image,/artists_joshua_cole_assets/joshua-gallery-71486a5a14.webp,,,Joshua Cole,YES,1,LIKELY,REPLACE,Non-tattoo creative on realism page.
/artists/joshua-cole/,realism tattoo,Masterpiece Image Wall,image,/artists_joshua_cole_assets/joshua-gallery-7583471087.webp,,,Joshua Cole,YES,1,LIKELY,REPLACE,Non-tattoo creative on realism page.
/artists/joshua-cole/,realism tattoo,Masterpiece Image Wall,image,/artists_joshua_cole_assets/joshua-gallery-fca07f48a6.webp,,,Joshua Cole,YES,1,LIKELY,REPLACE,Non-tattoo creative on realism page.
/artists/joshua-cole/,realism tattoo,Piercing & Jewelry Curation,image,/artists_joshua_cole_assets/joshua-gallery-070cb7dfa8.webp,,"Single-use needles, sterile setup, every session",Joshua Cole,YES,1,LIKELY,REPLACE,Non-tattoo creative on realism page.
/artists/joshua-cole/,realism tattoo,Piercing & Jewelry Curation,image,/artists_joshua_cole_assets/joshua-gallery-2895301b9b.webp,,Anatomy-first placement and jewelry,Joshua Cole,YES,1,LIKELY,REPLACE,Non-tattoo creative on realism page.
/artists/joshua-cole/,realism tattoo,Piercing & Jewelry Curation,image,/artists_joshua_cole_assets/joshua-gallery-bc19ea8f07.webp,,Piercing consults and jewelry planning,Joshua Cole,YES,1,LIKELY,REPLACE,Non-tattoo creative on realism page.
/artists/joshua-cole/,realism tattoo,Joshua Cole · Tattooing in the studio,image,/studio_gallery/joshua-cole-tattooing-client-forearm-7ac4181a.webp,,,Joshua Cole,YES,4,LIKELY,KEEP,Tattoo visual is relevant to realism page.
/artists/joshua-cole/,realism tattoo,Joshua Cole · Tattooing in the studio,image,/studio_gallery/joshua-cole-tattooing-client-forearm-7ac4181a.png,"Joshua Cole tattooing a client's forearm with focused detail in the studio. — Joshua Cole, Work…, Work of Art Tattoo & Piercing, Las Vegas",,Katelyn Cole,YES,4,VERIFIED,KEEP,Tattoo visual is relevant to realism page.
/artists/joshua-cole/,realism tattoo,Joshua Cole · Tattooing in the studio,image,/studio_gallery/joshua-cole-head-tattoo-session-f76aeef5.webp,,,Joshua Cole,YES,4,LIKELY,KEEP,Tattoo visual is relevant to realism page.
/artists/joshua-cole/,realism tattoo,Joshua Cole · Tattooing in the studio,image,/studio_gallery/joshua-cole-head-tattoo-session-f76aeef5.png,"Joshua Cole carefully tattooing a client's temple during a head tattoo session. — Joshua Cole…, Work of Art Tattoo & Piercing, Las Vegas",,Katelyn Cole,YES,4,VERIFIED,KEEP,Tattoo visual is relevant to realism page.
/artists/joshua-cole/,realism tattoo,Joshua Cole · Tattooing in the studio,image,/studio_gallery/joshua-cole-fine-line-ankle-work-55a4538d.webp,,,Joshua Cole,YES,4,LIKELY,KEEP,Tattoo visual is relevant to realism page.
/artists/joshua-cole/,realism tattoo,Joshua Cole · Tattooing in the studio,image,/studio_gallery/joshua-cole-fine-line-ankle-work-55a4538d.png,"Joshua Cole applying a fine-line ankle tattoo with a rotary machine. — Joshua Cole, Work of Art…, Work of Art Tattoo & Piercing, Las Vegas",,Katelyn Cole,YES,4,VERIFIED,KEEP,Tattoo visual is relevant to realism page.
/artists/joshua-cole/,realism tattoo,Joshua Cole · Tattooing in the studio,image,/studio_gallery/joshua-cole-geometric-forearm-stencil-83be4284.webp,,,Joshua Cole,YES,4,LIKELY,KEEP,Tattoo visual is relevant to realism page.
/artists/joshua-cole/,realism tattoo,Joshua Cole · Tattooing in the studio,image,/studio_gallery/joshua-cole-geometric-forearm-stencil-83be4284.png,"Joshua Cole inking a geometric star stencil on a client's forearm. — Joshua Cole, Work of Art…, Work of Art Tattoo & Piercing, Las Vegas",,Katelyn Cole,YES,4,VERIFIED,KEEP,Tattoo visual is relevant to realism page.
/artists/joshua-cole/,realism tattoo,Joshua Cole · Tattooing in the studio,image,/studio_gallery/tattoo-session-in-progress-70837687.webp,,,,YES,4,UNKNOWN,KEEP,Tattoo visual is relevant to realism page.
/artists/joshua-cole/,realism tattoo,Joshua Cole · Tattooing in the studio,image,/studio_gallery/tattoo-session-in-progress-70837687.png,"Joshua Cole Tattooing at Work of Art Las Vegas Studio, Work of Art Tattoo & Piercing, Las Vegas",,Katelyn Cole,YES,4,VERIFIED,KEEP,Tattoo visual is relevant to realism page.
/artists/joshua-cole/,realism tattoo,Joshua Cole · Tattooing in the studio,image,/studio_gallery/joshua-tattooing-lyric-piece-67f63f8a.webp,,,Joshua Cole,YES,4,LIKELY,KEEP,Tattoo visual is relevant to realism page.
/artists/joshua-cole/,realism tattoo,Joshua Cole · Tattooing in the studio,image,/studio_gallery/joshua-tattooing-lyric-piece-67f63f8a.png,"Joshua Cole tattooing illustrative demon and text piece — Work of Art Las Vegas studio, Work of Art Tattoo & Piercing, Las Vegas",,Katelyn Cole,YES,4,VERIFIED,KEEP,Tattoo visual is relevant to realism page.
/artists/joshua-cole/,realism tattoo,Joshua Cole · Tattooing in the studio,image,/studio_gallery/studio-session-in-progress-f39790c4.webp,,,,YES,4,UNKNOWN,KEEP,Tattoo visual is relevant to realism page.
/artists/joshua-cole/,realism tattoo,Joshua Cole · Tattooing in the studio,image,/studio_gallery/studio-session-in-progress-f39790c4.png,"Joshua Cole at work on custom illustrative tattoo — Work of Art Las Vegas, Work of Art Tattoo & Piercing, Las Vegas",,Katelyn Cole,YES,4,VERIFIED,KEEP,Tattoo visual is relevant to realism page.
/artists/joshua-cole/,realism tattoo,Healed timelines & client stories,image,/home_work_of_art_tattoo_piercing/client-portfolio/black-grey-lion-thigh-realism-las-vegas.webp,,,Joshua Cole,YES,5,LIKELY,KEEP,Realism visual matches page intent.
/artists/joshua-cole/,realism tattoo,Healed timelines & client stories,image,/home_work_of_art_tattoo_piercing/client-portfolio/black-grey-lion-thigh-realism-las-vegas.png,"Black & grey lion thigh — Work of Art Las Vegas, Work of Art Tattoo & Piercing, Las Vegas",,Joshua Cole,YES,5,LIKELY,KEEP,Realism visual matches page intent.
/artists/joshua-cole/,realism tattoo,Black & grey lion thigh,image,/home_work_of_art_tattoo_piercing/client-portfolio/skull-hourglass-forearm-realism-fresh-las-vegas.webp,,,Joshua Cole,YES,5,LIKELY,KEEP,Realism visual matches page intent.
/artists/joshua-cole/,realism tattoo,Black & grey lion thigh,image,/home_work_of_art_tattoo_piercing/client-portfolio/skull-hourglass-forearm-realism-fresh-las-vegas.png,"Skull & hourglass forearm — Work of Art Las Vegas, Work of Art Tattoo & Piercing, Las Vegas",,Joshua Cole,YES,5,LIKELY,KEEP,Realism visual matches page intent.
/artists/joshua-cole/,realism tattoo,Skull & hourglass forearm,image,/cover-up-tattoos-las-vegas/cover-up-tattoo-phoenix-hand-las-vegas-after.webp,,,Joshua Cole,YES,5,LIKELY,KEEP,Realism visual matches page intent.
/artists/joshua-cole/,realism tattoo,,video,https://www.googletagmanager.com/ns.html?id=GTM-TZTQSQBB,,,,NO,1,UNKNOWN,REPLACE,Non-tattoo creative on realism page.
/artists/joshua-cole/,realism tattoo,Advancing the Craft — Seminars & Mastery,video,https://www.instagram.com/reel/Cpp18lXgU3P/,See seminar reel on Instagram,See seminar reel on Instagram,,NO,3,UNKNOWN,REVIEW,Remote Instagram card; verify reel subject visually before using as proof.
/artists/joshua-cole/,realism tattoo,Advancing the Craft — Seminars & Mastery,video,https://www.instagram.com/reel/Cpp18lXgU3P/,▶ Joshua Cole — seminars & advanced training Continuing education and advanced training from Joshua Cole. Watch on Instagram,▶ Joshua Cole — seminars & advanced training Continuing education and advanced training from Joshua Cole. Watch on Instagram,Joshua Cole,YES,3,LIKELY,REVIEW,Remote Instagram card; verify reel subject visually before using as proof.
/artists/katelyn-cole/,general studio,Katelyn Cole — Female Piercer in Las Vegas,image,/artists/katelyn-cole/katelyn-cole-professional-piercer-ear-curation-no-duplicates-las-vegas.webp,,,Katelyn Cole,YES,3,VERIFIED,REVIEW,Generic studio creative; acceptable when not used as portfolio proof.
/artists/katelyn-cole/,general studio,Katelyn Cole — Female Piercer in Las Vegas,image,/artists/katelyn-cole/katelyn-cole-professional-piercer-ear-curation-no-duplicates-las-vegas.jpg,"Katelyn Cole professional piercer — curated ear and body piercing Las Vegas — Katelyn Cole piercer Las…, Work of Art Tattoo & piercing, Las Vegas",,Katelyn Cole,YES,3,VERIFIED,REVIEW,Generic studio creative; acceptable when not used as portfolio proof.
/artists/katelyn-cole/,general studio,$45 nipple piercings with jewelry included,image,/piercing-specials-las-vegas/nipple-piercing-special-45-jewelry-included-las-vegas-480.webp,,,,YES,3,UNKNOWN,REVIEW,Generic studio creative; acceptable when not used as portfolio proof.
/artists/katelyn-cole/,general studio,$45 nipple piercings with jewelry included,image,/piercing-specials-las-vegas/nipple-piercing-special-45-jewelry-included-las-vegas-480.jpg,,,,YES,3,UNKNOWN,REVIEW,Generic studio creative; acceptable when not used as portfolio proof.
/artists/katelyn-cole/,general studio,$45 nipple piercings with jewelry included,image,/piercing-specials-las-vegas/nipple-piercing-special-45-jewelry-included-las-vegas.webp,$45 nipple piercing special with jewelry included at Work of Art Tattoo and piercing in Las Vegas,,,YES,3,UNKNOWN,REVIEW,Generic studio creative; acceptable when not used as portfolio proof.
/artists/katelyn-cole/,general studio,Recent piercing work,image,/studio_gallery/ear-piercing-in-studio-69c261af.webp,,,Katelyn Cole,YES,3,VERIFIED,REVIEW,Generic studio creative; acceptable when not used as portfolio proof.
/artists/katelyn-cole/,general studio,Recent piercing work,image,/studio_gallery/ear-piercing-in-studio-69c261af.png,"Katelyn Cole ear piercing session — Work of Art Las Vegas, Work of Art Tattoo & piercing, Las Vegas",,Katelyn Cole,YES,3,VERIFIED,REVIEW,Generic studio creative; acceptable when not used as portfolio proof.
/artists/katelyn-cole/,general studio,Recent piercing work,image,/studio_gallery/curated-facial-piercing-jewelry-display-7d759759.webp,,,Katelyn Cole,YES,3,VERIFIED,REVIEW,Generic studio creative; acceptable when not used as portfolio proof.
/artists/katelyn-cole/,general studio,Recent piercing work,image,/studio_gallery/curated-facial-piercing-jewelry-display-7d759759.png,"Bridge, septum, nostril, philtrum and cheek piercings with silver jewelry — piercing by Katelyn Cole, Work of Art Tattoo & piercing, Las Vegas",,Katelyn Cole,YES,3,VERIFIED,REVIEW,Generic studio creative; acceptable when not used as portfolio proof.
/artists/katelyn-cole/,general studio,Recent piercing work,image,/studio_gallery/client-portrait-with-septum-piercings-3f1329cc.webp,,,Katelyn Cole,YES,3,VERIFIED,REVIEW,Generic studio creative; acceptable when not used as portfolio proof.
/artists/katelyn-cole/,general studio,Recent piercing work,image,/studio_gallery/client-portrait-with-septum-piercings-3f1329cc.png,"Smiling client with magenta curls, septum ring, nostril stud and cheek piercings — piercing by Katelyn Cole, Work of Art Tattoo & piercing, Las Vegas",,Katelyn Cole,YES,3,VERIFIED,REVIEW,Generic studio creative; acceptable when not used as portfolio proof.
/artists/katelyn-cole/,general studio,Recent piercing work,image,/studio_gallery/helix-and-starburst-lobe-piercings-f002f0c4.webp,,,Katelyn Cole,YES,3,VERIFIED,REVIEW,Generic studio creative; acceptable when not used as portfolio proof.
/artists/katelyn-cole/,general studio,Recent piercing work,image,/studio_gallery/helix-and-starburst-lobe-piercings-f002f0c4.png,"Fresh helix stud and gold starburst lobe earring shown on two separate client ears — piercing by Katelyn Cole, Work of Art Tattoo & piercing, Las Vegas",,Katelyn Cole,YES,3,VERIFIED,REVIEW,Generic studio creative; acceptable when not used as portfolio proof.
/artists/katelyn-cole/,general studio,Recent piercing work,image,/studio_gallery/septum-piercing-session-in-studio-07aad378.webp,,,Katelyn Cole,YES,3,VERIFIED,REVIEW,Generic studio creative; acceptable when not used as portfolio proof.
/artists/katelyn-cole/,general studio,Recent piercing work,image,/studio_gallery/septum-piercing-session-in-studio-07aad378.png,"Curly-haired client smiling after septum ring as piercer needles the columella below — piercing by Katelyn Cole, Work of Art Tattoo & piercing, Las Vegas",,Katelyn Cole,YES,3,VERIFIED,REVIEW,Generic studio creative; acceptable when not used as portfolio proof.
/artists/katelyn-cole/,general studio,Recent piercing work,image,/studio_gallery/spiked-septum-and-chest-ornament-b09080b0.webp,,,Katelyn Cole,YES,3,VERIFIED,REVIEW,Generic studio creative; acceptable when not used as portfolio proof.
/artists/katelyn-cole/,general studio,Recent piercing work,image,/studio_gallery/spiked-septum-and-chest-ornament-b09080b0.png,"Spiked septum horseshoe with nose chain and symmetrical black chest filigree tattoo — piercing by Katelyn Cole, Work of Art Tattoo & piercing, Las Vegas",,Katelyn Cole,YES,3,VERIFIED,REVIEW,Generic studio creative; acceptable when not used as portfolio proof.
/artists/katelyn-cole/,general studio,Recent piercing work,image,/studio_gallery/fresh-upper-cartilage-industrial-bar-2e41fc98.webp,,,,YES,3,UNKNOWN,REVIEW,Generic studio creative; acceptable when not used as portfolio proof.
/artists/katelyn-cole/,general studio,Recent piercing work,image,/studio_gallery/fresh-upper-cartilage-industrial-bar-2e41fc98.png,"Silver industrial barbell through upper helix cartilage on short-haired client ear — piercing by Katelyn Cole, Work of Art Tattoo & piercing, Las Vegas",,Katelyn Cole,YES,3,VERIFIED,REVIEW,Generic studio creative; acceptable when not used as portfolio proof.
/artists/katelyn-cole/,general studio,Recent piercing work,image,/studio_gallery/conch-and-lobe-piercing-smile-f1da8b6f.webp,,,Katelyn Cole,YES,3,VERIFIED,REVIEW,Generic studio creative; acceptable when not used as portfolio proof.
/artists/katelyn-cole/,general studio,Recent piercing work,image,/studio_gallery/conch-and-lobe-piercing-smile-f1da8b6f.png,"Smiling client showing fresh conch and lobe studs beside colorful butterfly shoulder tattoos…, Work of Art Tattoo & piercing, Las Vegas",,Katelyn Cole,YES,3,VERIFIED,REVIEW,Generic studio creative; acceptable when not used as portfolio proof.
/artists/katelyn-cole/,general studio,Recent piercing work,image,/studio_gallery/flat-and-conch-cartilage-studs-c317138a.webp,,,Katelyn Cole,YES,3,VERIFIED,REVIEW,Generic studio creative; acceptable when not used as portfolio proof.
/artists/katelyn-cole/,general studio,Recent piercing work,image,/studio_gallery/flat-and-conch-cartilage-studs-c317138a.png,"Side profile of smiling woman with new flat helix and conch crystal studs in studio — piercing by Katelyn Cole, Work of Art Tattoo & piercing, Las Vegas",,Katelyn Cole,YES,3,VERIFIED,REVIEW,Generic studio creative; acceptable when not used as portfolio proof.
/artists/katelyn-cole/,general studio,Recent piercing work,image,/studio_gallery/labret-and-eyebrow-piercing-closeup-c6159742.webp,,,Katelyn Cole,YES,3,VERIFIED,REVIEW,Generic studio creative; acceptable when not used as portfolio proof.
/artists/katelyn-cole/,general studio,Recent piercing work,image,/studio_gallery/labret-and-eyebrow-piercing-closeup-c6159742.png,"Close three-quarter portrait showing silver labret below lip and matching eyebrow stud — piercing by Katelyn Cole, Work of Art Tattoo & piercing, Las Vegas",,Katelyn Cole,YES,3,VERIFIED,REVIEW,Generic studio creative; acceptable when not used as portfolio proof.
/artists/katelyn-cole/,general studio,Recent piercing work,image,/studio_gallery/nostril-stud-on-smiling-client-dd626b1d.webp,,,Katelyn Cole,YES,3,VERIFIED,REVIEW,Generic studio creative; acceptable when not used as portfolio proof.
/artists/katelyn-cole/,general studio,Recent piercing work,image,/studio_gallery/nostril-stud-on-smiling-client-dd626b1d.png,"Smiling woman in camo cadet hat with small silver nostril stud and hoop earrings — piercing by Katelyn Cole, Work of Art Tattoo & piercing, Las Vegas",,Katelyn Cole,YES,3,VERIFIED,REVIEW,Generic studio creative; acceptable when not used as portfolio proof.
/artists/katelyn-cole/,general studio,From the piercing chair,image,/studio_gallery/ear-piercing-in-studio-69c261af.webp,,,Katelyn Cole,YES,3,VERIFIED,REVIEW,Generic studio creative; acceptable when not used as portfolio proof.
/artists/katelyn-cole/,general studio,From the piercing chair,image,/studio_gallery/ear-piercing-in-studio-69c261af.png,"Katelyn Cole ear piercing session — Work of Art Las Vegas Close-up composition, Work of Art Tattoo & piercing, Las Vegas",,Katelyn Cole,YES,3,VERIFIED,REVIEW,Generic studio creative; acceptable when not used as portfolio proof.
/artists/katelyn-cole/,general studio,From the piercing chair,image,/studio_gallery/curated-facial-piercing-jewelry-display-7d759759.webp,,,Katelyn Cole,YES,3,VERIFIED,REVIEW,Generic studio creative; acceptable when not used as portfolio proof.
/artists/katelyn-cole/,general studio,From the piercing chair,image,/studio_gallery/curated-facial-piercing-jewelry-display-7d759759.png,"Bridge, septum, nostril, philtrum and cheek piercings with silver jewelry — piercing by Katelyn Cole, Work of Art Tattoo & piercing, Las Vegas",,Katelyn Cole,YES,3,VERIFIED,REVIEW,Generic studio creative; acceptable when not used as portfolio proof.
/artists/katelyn-cole/,general studio,From the piercing chair,image,/studio_gallery/client-portrait-with-septum-piercings-3f1329cc.webp,,,Katelyn Cole,YES,3,VERIFIED,REVIEW,Generic studio creative; acceptable when not used as portfolio proof.
/artists/katelyn-cole/,general studio,From the piercing chair,image,/studio_gallery/client-portrait-with-septum-piercings-3f1329cc.png,"Smiling client with magenta curls, septum ring, nostril stud and cheek piercings — piercing by Katelyn Cole, Work of Art Tattoo & piercing, Las Vegas",,Katelyn Cole,YES,3,VERIFIED,REVIEW,Generic studio creative; acceptable when not used as portfolio proof.
/artists/katelyn-cole/,general studio,From the piercing chair,image,/studio_gallery/helix-and-starburst-lobe-piercings-f002f0c4.webp,,,Katelyn Cole,YES,3,VERIFIED,REVIEW,Generic studio creative; acceptable when not used as portfolio proof.
/artists/katelyn-cole/,general studio,From the piercing chair,image,/studio_gallery/helix-and-starburst-lobe-piercings-f002f0c4.png,"Fresh helix stud and gold starburst lobe earring shown on two separate client ears — piercing by Katelyn Cole, Work of Art Tattoo & piercing, Las Vegas",,Katelyn Cole,YES,3,VERIFIED,REVIEW,Generic studio creative; acceptable when not used as portfolio proof.
/artists/katelyn-cole/,general studio,From the piercing chair,image,/studio_gallery/septum-piercing-session-in-studio-07aad378.webp,,,Katelyn Cole,YES,3,VERIFIED,REVIEW,Generic studio creative; acceptable when not used as portfolio proof.
/artists/katelyn-cole/,general studio,From the piercing chair,image,/studio_gallery/septum-piercing-session-in-studio-07aad378.png,"Curly-haired client smiling after septum ring as piercer needles the columella below — piercing by Katelyn Cole, Work of Art Tattoo & piercing, Las Vegas",,Katelyn Cole,YES,3,VERIFIED,REVIEW,Generic studio creative; acceptable when not used as portfolio proof.
/artists/katelyn-cole/,general studio,From the piercing chair,image,/studio_gallery/spiked-septum-and-chest-ornament-b09080b0.webp,,,Katelyn Cole,YES,3,VERIFIED,REVIEW,Generic studio creative; acceptable when not used as portfolio proof.
/artists/katelyn-cole/,general studio,From the piercing chair,image,/studio_gallery/spiked-septum-and-chest-ornament-b09080b0.png,"Spiked septum horseshoe with nose chain and symmetrical black chest filigree tattoo — piercing by Katelyn Cole, Work of Art Tattoo & piercing, Las Vegas",,Katelyn Cole,YES,3,VERIFIED,REVIEW,Generic studio creative; acceptable when not used as portfolio proof.
/artists/katelyn-cole/,general studio,From the piercing chair,image,/studio_gallery/fresh-upper-cartilage-industrial-bar-2e41fc98.webp,,,,YES,3,UNKNOWN,REVIEW,Generic studio creative; acceptable when not used as portfolio proof.
/artists/katelyn-cole/,general studio,From the piercing chair,image,/studio_gallery/fresh-upper-cartilage-industrial-bar-2e41fc98.png,"Silver industrial barbell through upper helix cartilage on short-haired client ear — piercing by Katelyn Cole, Work of Art Tattoo & piercing, Las Vegas",,Katelyn Cole,YES,3,VERIFIED,REVIEW,Generic studio creative; acceptable when not used as portfolio proof.
/artists/katelyn-cole/,general studio,Healed timelines & client stories,image,/studio_gallery/ear-curation-work-eb7d2939.webp,,,,YES,3,UNKNOWN,REVIEW,Generic studio creative; acceptable when not used as portfolio proof.
/artists/katelyn-cole/,general studio,Healed timelines & client stories,image,/studio_gallery/ear-curation-work-eb7d2939.png,"Ear curation — helix & flat constellation — Work of Art Las Vegas, Work of Art Tattoo & piercing, Las Vegas",,Katelyn Cole,YES,3,VERIFIED,REVIEW,Generic studio creative; acceptable when not used as portfolio proof.
/artists/katelyn-cole/,general studio,,video,https://www.googletagmanager.com/ns.html?id=GTM-TZTQSQBB,,,,NO,3,UNKNOWN,REVIEW,Generic studio creative; acceptable when not used as portfolio proof.
/artists/katelyn-cole/,general studio,Watch Katelyn Cole,video,https://www.instagram.com/reel/C78fY1quCVF/,▶ Katelyn Cole — piercing in the studio Watch Katelyn at Work of Art — calm ear curation and piercing placement in Las Vegas. Watch on Instagram,▶ Katelyn Cole — piercing in the studio Watch Katelyn at Work of Art — calm ear curation and piercing placement in Las Vegas. Watch on Instagram,Katelyn Cole,YES,3,VERIFIED,REVIEW,Remote Instagram card; verify reel subject visually before using as proof.
/artists/katelyn-cole/,general studio,Katelyn Cole — piercing in the studio,video,https://www.instagram.com/reel/C0nNwUkRHz6/,▶ Jewelry & placement — studio reel Jewelry fit and anatomical placement. Watch on Instagram,▶ Jewelry & placement — studio reel Jewelry fit and anatomical placement. Watch on Instagram,,NO,3,UNKNOWN,REVIEW,Remote Instagram card; verify reel subject visually before using as proof.
/artists/katelyn-cole/,general studio,Jewelry & placement — studio reel,video,https://www.instagram.com/reel/C4fOsY7OSTq/,▶ Ear curation — studio reel Katelyn Cole at Work of Art — Las Vegas piercing. Watch on Instagram,▶ Ear curation — studio reel Katelyn Cole at Work of Art — Las Vegas piercing. Watch on Instagram,Katelyn Cole,YES,3,VERIFIED,REVIEW,Remote Instagram card; verify reel subject visually before using as proof.
/artists/katelyn-cole/,general studio,Ear curation — studio reel,video,https://www.instagram.com/reel/C3GjVCdLUQ9/,▶ piercing session — studio reel In-studio with professional piercer Katelyn Cole. Watch on Instagram,▶ piercing session — studio reel In-studio with professional piercer Katelyn Cole. Watch on Instagram,Katelyn Cole,YES,3,VERIFIED,REVIEW,Remote Instagram card; verify reel subject visually before using as proof.
/artists/katelyn-cole/,general studio,What to bring,video,https://www.instagram.com/reel/Cs1_Oc4gEx1/,▶ Minor ear piercing — how Katelyn does it Families & guardians — reel from piercing minors section. Watch on Instagram,▶ Minor ear piercing — how Katelyn does it Families & guardians — reel from piercing minors section. Watch on Instagram,Katelyn Cole,YES,3,VERIFIED,REVIEW,Remote Instagram card; verify reel subject visually before using as proof.
/artists/katelyn-cole/,general studio,Explore related studio guides,video,https://www.instagram.com/reel/Cpp18lXgU3P/,▶ Joshua Cole — seminars & advanced training Continuing education and advanced training from Joshua Cole. Watch on Instagram,▶ Joshua Cole — seminars & advanced training Continuing education and advanced training from Joshua Cole. Watch on Instagram,Joshua Cole,YES,3,LIKELY,REVIEW,Remote Instagram card; verify reel subject visually before using as proof.
/artists/teralyn/,tattoo,,image,/artists/teralyn/teralyn-fine-line-tattoo-artist-las-vegas-400.webp,,,Teralyn,YES,4,VERIFIED,KEEP,Tattoo visual supports tattoo page.
/artists/teralyn/,tattoo,,image,/artists/teralyn/teralyn-fine-line-tattoo-artist-las-vegas.jpg,"Teralyn, tattoo artist and piercer at Work of Art Tattoo & Piercing in Las Vegas",,Teralyn,YES,4,VERIFIED,KEEP,Tattoo visual supports tattoo page.
/best_fine_line_tattoos_in_vegas_ultimate_authority_guide/,fine-line tattoo,Fine Line Tattoos in Vegas,image,/home_work_of_art_tattoo_piercing/client-portfolio/lion-clock-realism-shoulder-tattoo-las-vegas.webp,,,Joshua Cole,YES,5,LIKELY,KEEP,Fine-line/script/small tattoo visual matches page intent.
/best_fine_line_tattoos_in_vegas_ultimate_authority_guide/,fine-line tattoo,Fine Line Tattoos in Vegas,image,/home_work_of_art_tattoo_piercing/client-portfolio/lion-clock-realism-shoulder-tattoo-las-vegas.png,"Black and grey realism shoulder tattoo merging a clock face with a roaring lion — Work of Art…, Work of Art Tattoo & Piercing, Las Vegas",,Joshua Cole,YES,5,LIKELY,KEEP,Fine-line/script/small tattoo visual matches page intent.
/best_fine_line_tattoos_in_vegas_ultimate_authority_guide/,fine-line tattoo,Fine Line Tattoos in Vegas,image,/home_work_of_art_tattoo_piercing/client-portfolio/roaring-lion-tiger-forearm-realism-las-vegas.webp,,,Joshua Cole,YES,5,LIKELY,KEEP,Fine-line/script/small tattoo visual matches page intent.
/best_fine_line_tattoos_in_vegas_ultimate_authority_guide/,fine-line tattoo,Fine Line Tattoos in Vegas,image,/home_work_of_art_tattoo_piercing/client-portfolio/roaring-lion-tiger-forearm-realism-las-vegas.png,"Black and grey roaring lion and tiger forearm realism with amber eyes — Work of Art Tattoo Las…, Work of Art Tattoo & Piercing, Las Vegas",,Joshua Cole,YES,5,LIKELY,KEEP,Fine-line/script/small tattoo visual matches page intent.
/best_fine_line_tattoos_in_vegas_ultimate_authority_guide/,fine-line tattoo,Fine Line Tattoos in Vegas,image,/home_work_of_art_tattoo_piercing/client-portfolio/archangel-michael-demon-upper-arm-realism-las-vegas.webp,,,Joshua Cole,YES,5,LIKELY,KEEP,Fine-line/script/small tattoo visual matches page intent.
/best_fine_line_tattoos_in_vegas_ultimate_authority_guide/,fine-line tattoo,Fine Line Tattoos in Vegas,image,/home_work_of_art_tattoo_piercing/client-portfolio/archangel-michael-demon-upper-arm-realism-las-vegas.png,"Black and grey realism upper arm tattoo of Archangel Michael defeating a demon — Work of Art…, Work of Art Tattoo & Piercing, Las Vegas",,Joshua Cole,YES,5,LIKELY,KEEP,Fine-line/script/small tattoo visual matches page intent.
/best_fine_line_tattoos_in_vegas_ultimate_authority_guide/,fine-line tattoo,Real heal documentation,image,/home_work_of_art_tattoo_piercing/client-portfolio/skull-hourglass-forearm-realism-fresh-las-vegas.webp,,Realism close-up Detail at bandage-off — values and line weight before the epidermis sheds.,Joshua Cole,YES,3,LIKELY,REVIEW,Tattoo visual is generic for fine-line intent.
/best_fine_line_tattoos_in_vegas_ultimate_authority_guide/,fine-line tattoo,Real heal documentation,image,/home_work_of_art_tattoo_piercing/client-portfolio/skull-hourglass-forearm-realism-fresh-las-vegas.png,Realism close-up — Realism — Work of Art Las Vegas,Realism close-up Detail at bandage-off — values and line weight before the epidermis sheds.,Joshua Cole,YES,3,LIKELY,REVIEW,Tattoo visual is generic for fine-line intent.
/best_fine_line_tattoos_in_vegas_ultimate_authority_guide/,fine-line tattoo,Real heal documentation,image,/healed_tattoo_gallery_las_vegas/fresh-all-seeing-eye-triangle-forearm-joshua-cole-las-vegas.webp,,"Healing week 1 Days 4–10: light peel, tight skin, and redness at the edges — normal, not infection.",Joshua Cole,YES,3,LIKELY,REVIEW,Tattoo visual is generic for fine-line intent.
/best_fine_line_tattoos_in_vegas_ultimate_authority_guide/,fine-line tattoo,Real heal documentation,image,/healed_tattoo_gallery_las_vegas/fresh-all-seeing-eye-triangle-forearm-joshua-cole-las-vegas.png,Healing week 1 — Realism — Work of Art Las Vegas,"Healing week 1 Days 4–10: light peel, tight skin, and redness at the edges — normal, not infection.",Joshua Cole,YES,3,LIKELY,REVIEW,Tattoo visual is generic for fine-line intent.
/best_fine_line_tattoos_in_vegas_ultimate_authority_guide/,fine-line tattoo,Real heal documentation,image,/healed_tattoo_gallery_las_vegas/healed-1-year-cross-eye-skull-outer-forearm-joshua-cole-las-vegas.webp,,Healing month 2 Weeks 6–8: surface looks closed while deeper layers still settle — contrast softens slightly.,Joshua Cole,YES,3,LIKELY,REVIEW,Tattoo visual is generic for fine-line intent.
/best_fine_line_tattoos_in_vegas_ultimate_authority_guide/,fine-line tattoo,Real heal documentation,image,/healed_tattoo_gallery_las_vegas/healed-1-year-cross-eye-skull-outer-forearm-joshua-cole-las-vegas.png,Healing month 2 — Realism — Work of Art Las Vegas,Healing month 2 Weeks 6–8: surface looks closed while deeper layers still settle — contrast softens slightly.,Joshua Cole,YES,3,LIKELY,REVIEW,Tattoo visual is generic for fine-line intent.
/best_fine_line_tattoos_in_vegas_ultimate_authority_guide/,fine-line tattoo,Real heal documentation,image,/healed_tattoo_gallery_las_vegas/healed-3-month-roaring-lion-thigh-joshua-cole-las-vegas.webp,,"Settled heal Months 3+ — readable at arm's length; blacks stay anchored, color mellows to a matte finish.",Joshua Cole,YES,3,LIKELY,REVIEW,Tattoo visual is generic for fine-line intent.
/best_fine_line_tattoos_in_vegas_ultimate_authority_guide/,fine-line tattoo,Real heal documentation,image,/healed_tattoo_gallery_las_vegas/healed-3-month-roaring-lion-thigh-joshua-cole-las-vegas.png,Settled heal — Realism — Work of Art Las Vegas,"Settled heal Months 3+ — readable at arm's length; blacks stay anchored, color mellows to a matte finish.",Joshua Cole,YES,3,LIKELY,REVIEW,Tattoo visual is generic for fine-line intent.
/best_fine_line_tattoos_in_vegas_ultimate_authority_guide/,fine-line tattoo,Real heal documentation,image,/healed_tattoo_gallery_las_vegas/fresh-roaring-lion-thigh-black-grey-joshua-cole-las-vegas.webp,,Fresh redness Day 0–3 inflammation and plasma sheen — colors read brightest before the skin rebuilds.,Joshua Cole,YES,3,LIKELY,REVIEW,Tattoo visual is generic for fine-line intent.
/best_fine_line_tattoos_in_vegas_ultimate_authority_guide/,fine-line tattoo,Real heal documentation,image,/healed_tattoo_gallery_las_vegas/fresh-roaring-lion-thigh-black-grey-joshua-cole-las-vegas.png,Fresh redness — Realism — Work of Art Las Vegas,Fresh redness Day 0–3 inflammation and plasma sheen — colors read brightest before the skin rebuilds.,Joshua Cole,YES,3,LIKELY,REVIEW,Tattoo visual is generic for fine-line intent.
/best_fine_line_tattoos_in_vegas_ultimate_authority_guide/,fine-line tattoo,,video,https://www.googletagmanager.com/ns.html?id=GTM-TZTQSQBB,,,,NO,1,UNKNOWN,REPLACE,Non-tattoo image on fine-line tattoo page.
/best_fine_line_tattoos_in_vegas_ultimate_authority_guide/,fine-line tattoo,Questions clients ask,video,https://www.instagram.com/reel/C78fY1quCVF/,▶ Katelyn Cole — piercing in the studio Watch Katelyn at Work of Art — calm ear curation and piercing placement in Las Vegas. Watch on Instagram,▶ Katelyn Cole — piercing in the studio Watch Katelyn at Work of Art — calm ear curation and piercing placement in Las Vegas. Watch on Instagram,Katelyn Cole,YES,3,VERIFIED,REVIEW,Remote Instagram card; verify reel subject visually before using as proof.
/best_tattoo_styles_for_sleeves_large_scale_project_hub/,cover-up tattoo,,image,https://lh3.googleusercontent.com/aida/ADBb0ujNjggWniTlsskj0HB9t-slY_FfT8rtfADGSueaEABNq3styZddr-qm0oy0gsgVZJSkDfFiZ-iFyT7CZZbyiPDZg_-2O6LjRWDnlF-aMmZywokhI2rfpMj55tjdTWuSGB02zxZ8QOYcs8d3TAll5ODxnoM93o7QdLD7Jl6jcrQDB4le0Vr88H8Mz6WMCP9U3OXWaquhXx9RsZAbA-5QpyNDSDO0rD3qcZLuvicnBuZAEtaWfHT8kqxIXLY,"A cinematic, high-contrast close-up of an intricate full-sleeve tattoo in progress on a muscular…, Work of Art Tattoo & Piercing, Las Vegas",,,NO,3,GENERATED/DECORATIVE,REVIEW,Tattoo visual lacks cover-up evidence.
/best_tattoo_styles_for_sleeves_large_scale_project_hub/,cover-up tattoo,The Canvas of the Arm,image,https://lh3.googleusercontent.com/aida/ADBb0ugq9v1B_dEr5YKUfY145-Wsp5ve508Den2MURZC0t__Y1PAE4Ut_Z6FpqVSbdUI0vTHGTLZSXdjjRVJMJNTnxKAx55k9_GuUsVjF9S2i-ysJo2RSwGE9fBUscQKnhtqWNIk7X9gOvPtaSNNwjVrFsdQaSdWMdtzdPUcHFb2nkAivqSonNtEFdxjWaMQe5ZV8RQJ4eeiiuImFkPCaTOkDwlE8joigrkZWvpQm73q5qtzCG-rYoBxF0jZqoifFywKtkqkj0RAYZhxSPs,"A masterful large-scale black and grey tattoo sleeve featuring hyper-realistic portraiture and…, Work of Art Tattoo & Piercing, Las Vegas",,,NO,3,GENERATED/DECORATIVE,REVIEW,Tattoo visual lacks cover-up evidence.
/best_tattoo_styles_for_sleeves_large_scale_project_hub/,cover-up tattoo,Japanese Traditional (Irezumi),image,https://lh3.googleusercontent.com/aida/ADBb0ugrhgVcelIaHpQekyEUFboW2G5LdW0_tIe7gggup4v_7nFU-64-sqFixhrT957tPpZDdHJ4OJm5TMw8mHIUykpyHipzh-fa5maVS4_y6jLY1tHoKDdNsbB3MufdGowpxNfg6FBlyLjNtldNCCaw4TpZc3u26vKFeMPawY8OE3DiKKRDn--mIFCbPlun5OzBkBRayU6B9fkb3dOShgeYCflkn3Rqac4QyZSmzOF0Ku7Y1Qkr6UN3IPGaoUd9p9DUhscHm9PKhkDeTHY,"A vibrant and powerful Japanese traditional tattoo sleeve showcasing a dragon weaving through…, Work of Art Tattoo & Piercing, Las Vegas",,,NO,3,GENERATED/DECORATIVE,REVIEW,Tattoo visual lacks cover-up evidence.
/best_tattoo_styles_for_sleeves_large_scale_project_hub/,cover-up tattoo,Sleeve Style Reference Gallery,image,https://lh3.googleusercontent.com/aida/ADBb0ujMTvnfEfWOIFDuAICDRWygraF4ulr_1lFvp0NIBUFL2Bu2tPWPv3fkKkNdtlLPNgs2KQ0XPM6LIbFIweUkQTOqSP1dC7vCn4SdCf0T7zEaJX0C6F4LuUuRhbVF3R2LSL8h8vhJWZF0ArNknPVAM6wJu7G223n0BPGoj96cktDZEoBnD0CDeSJlLUVNFqddY0bVbJqKF-Wonpw_QLBU6xhMqk-hrdvtMgwwX5KMNkJJ2Pc0gYP6GpflCHEqwN9AoY04mbCg7weJlFk,"A large-scale portfolio image of a large-scale sleeve and back tattoo reference example. The…, Work of Art Tattoo & Piercing, Las Vegas",CHEST & SLEEVE CONFLUENCE,,NO,3,GENERATED/DECORATIVE,REVIEW,Tattoo visual lacks cover-up evidence.
/best_tattoo_styles_for_sleeves_large_scale_project_hub/,cover-up tattoo,Sleeve Style Reference Gallery,image,https://lh3.googleusercontent.com/aida/ADBb0uj-QQTZr3IzVIm-g4DsDxsGaP61BGPnRsXpbBt0YV9a0AMNoFGartg_f3JlTiWLijNdgm8g6kUnieLTwnLR0N3p17tpIL_I0qIblrYOZl2Af6BcTL1xspMVs4iAY3zA-8sROdIYWBsGYLPXmXuVVm3JBf_hWk9BLDqy4HpMmLCJiCVxNbGbGnXUDJHAWgb-tEHSaKFE5yDp51PUiEu1f8d3pNTBzSWTHjxpoR9G1XIe5-zDov2mL_8Z9YYB8Av0iSCRIr3mr8GJ6RI,"A detailed shot of a Neo-traditional sleeve tattoo featuring a majestic lion adorned with gold…, Work of Art Tattoo & Piercing, Las Vegas",NEO-TRADITIONAL DETAIL,,NO,3,GENERATED/DECORATIVE,REVIEW,Tattoo visual lacks cover-up evidence.
/best_tattoo_styles_for_sleeves_large_scale_project_hub/,cover-up tattoo,Sleeve Style Reference Gallery,image,https://lh3.googleusercontent.com/aida/ADBb0uivVfi-9vUECb40O34KC1Cm30RgvlxcA_gDFIAl9x1oflD94uFNdT2k55HQmire5TZbh4IToO_AzWJEa8hIjGNwsCZ-sfQKWoMxVabKYhsgUgV0OxQE2rhGRcKj-05_bE458jxfkGAYyIjMq2TNS9fDGPctQ2H2Pg8Pr7UAyaHcOXxHTOkNpj7RsjmPpxso8cr5zx4e4Y2wB8cm02f6ACkD67GQcHIdlN_NAdKqSB3Kp9Phf3cHXF7CeCo73n7bwLEmU8VJEEMM-wg,"A close-up of a biomechanical sleeve tattoo focusing on the elbow joint, showing how the art…, Work of Art Tattoo & Piercing, Las Vegas",,,NO,3,GENERATED/DECORATIVE,REVIEW,Tattoo visual lacks cover-up evidence.
/best_tattoo_styles_for_sleeves_large_scale_project_hub/,cover-up tattoo,Sleeve Style Reference Gallery,image,https://lh3.googleusercontent.com/aida/ADBb0ugFeV_igEPv3RwBYcQrletrl4AXJXXhjneP9C2-y3QfboUOIc22Rw4QxWCsHl2mUbWo8vN6HZxJKFzKw21zW2Pr2NWQaqosEchw4voevnt8YV_Y2XMydKC2_WT0jCa5SsG0WNNXOFFi8187JMC3cQVmUEg4fJv5WTSP8HuNTGb0HwrPe950-IdwQsXtSqLDsr_q2yibIzgFsKbt6LozbHJDApjerEk5oeZ8S5je-okqTjMrgYiU9t55X65VB5SPTzi5o9KKw27Gktk,"An artistic shot of a tattoo artist's hand at work, using a modern rotary machine to apply a…, Work of Art Tattoo & Piercing, Las Vegas",,,NO,3,GENERATED/DECORATIVE,REVIEW,Tattoo visual lacks cover-up evidence.
/best_tattoo_styles_for_sleeves_large_scale_project_hub/,cover-up tattoo,,video,https://www.googletagmanager.com/ns.html?id=GTM-TZTQSQBB,,,,NO,1,UNKNOWN,REPLACE,Non-cover-up creative on cover-up page.
/body_piercing_guide_las_vegas/,piercing,Real heal documentation,image,/studio_gallery/body-piercing-work-c611f77c.webp,,Body piercing close-up Placement and angle marked for your anatomy — starter jewelry sized for swelling.,Katelyn Cole,YES,5,VERIFIED,KEEP,Piercing visual matches page intent.
/body_piercing_guide_las_vegas/,piercing,Real heal documentation,image,/studio_gallery/body-piercing-work-c611f77c.png,Body piercing close-up — Body piercing — Work of Art Las Vegas,Body piercing close-up Placement and angle marked for your anatomy — starter jewelry sized for swelling.,Katelyn Cole,YES,5,VERIFIED,KEEP,Piercing visual matches page intent.
/body_piercing_guide_las_vegas/,piercing,Real heal documentation,image,/studio_gallery/piercing-session-prep-b525678d.webp,,"Healing week 1 Sterile prep and marking before navel, nipple, or surface work — longer bar on purpose.",Katelyn Cole,YES,5,VERIFIED,KEEP,Piercing visual matches page intent.
/body_piercing_guide_las_vegas/,piercing,Real heal documentation,image,/studio_gallery/piercing-session-prep-b525678d.png,Healing week 1 — Body piercing — Work of Art Las Vegas,"Healing week 1 Sterile prep and marking before navel, nipple, or surface work — longer bar on purpose.",Katelyn Cole,YES,5,VERIFIED,KEEP,Piercing visual matches page intent.
/body_piercing_guide_las_vegas/,piercing,Real heal documentation,image,/studio_gallery/spiked-septum-and-chest-ornament-b09080b0.webp,,Healing month 2 Months in — jewelry stable and irritation resolved with proper aftercare and downsizing.,Katelyn Cole,YES,5,VERIFIED,KEEP,Piercing visual matches page intent.
/body_piercing_guide_las_vegas/,piercing,Real heal documentation,image,/studio_gallery/spiked-septum-and-chest-ornament-b09080b0.png,Healing month 2 — Body piercing — Work of Art Las Vegas,Healing month 2 Months in — jewelry stable and irritation resolved with proper aftercare and downsizing.,Katelyn Cole,YES,5,VERIFIED,KEEP,Piercing visual matches page intent.
/body_piercing_guide_las_vegas/,piercing,,video,https://www.googletagmanager.com/ns.html?id=GTM-TZTQSQBB,,,,NO,3,UNKNOWN,REVIEW,Generic asset on piercing page.
/body_piercing_guide_las_vegas/,piercing,Real heal documentation,video,https://www.instagram.com/reel/C78fY1quCVF/,▶ Katelyn Cole — piercing in the studio Watch Katelyn at Work of Art — calm ear curation and piercing placement in Las Vegas. Watch on Instagram,▶ Katelyn Cole — piercing in the studio Watch Katelyn at Work of Art — calm ear curation and piercing placement in Las Vegas. Watch on Instagram,Katelyn Cole,YES,3,VERIFIED,REVIEW,Remote Instagram card; verify reel subject visually before using as proof.
/bridge_piercing_las_vegas_authority_guide/,piercing,Real heal documentation,image,/studio_gallery/curated-facial-piercing-jewelry-display-7d759759.webp,,Bridge close-up Placement and angle marked for your anatomy — starter jewelry sized for swelling.,Katelyn Cole,YES,5,VERIFIED,KEEP,Piercing visual matches page intent.
/bridge_piercing_las_vegas_authority_guide/,piercing,Real heal documentation,image,/studio_gallery/curated-facial-piercing-jewelry-display-7d759759.png,Bridge close-up — Bridge — Work of Art Las Vegas,Bridge close-up Placement and angle marked for your anatomy — starter jewelry sized for swelling.,Katelyn Cole,YES,5,VERIFIED,KEEP,Piercing visual matches page intent.
/bridge_piercing_las_vegas_authority_guide/,piercing,Real heal documentation,image,/studio_gallery/facial-piercing-work-c65aaed1.webp,,"Healing week 1 Days 3–7: light crusties, tenderness, and a longer post on purpose — do not shorten jewelry at home.",Katelyn Cole,YES,5,VERIFIED,KEEP,Piercing visual matches page intent.
/bridge_piercing_las_vegas_authority_guide/,piercing,Real heal documentation,image,/studio_gallery/facial-piercing-work-c65aaed1.png,Healing week 1 — Bridge — Work of Art Las Vegas,"Healing week 1 Days 3–7: light crusties, tenderness, and a longer post on purpose — do not shorten jewelry at home.",Katelyn Cole,YES,5,VERIFIED,KEEP,Piercing visual matches page intent.
/bridge_piercing_las_vegas_authority_guide/,piercing,Real heal documentation,image,/studio_gallery/jewelry-upgrade-86d3f26f.webp,,"Jewelry change Downsize to a shorter post or swap ends once the fistula is stable — booked as a check-in, not a mall kiosk.",Katelyn Cole,YES,5,VERIFIED,KEEP,Piercing visual matches page intent.
/bridge_piercing_las_vegas_authority_guide/,piercing,Real heal documentation,image,/studio_gallery/jewelry-upgrade-86d3f26f.png,Jewelry change — Bridge — Work of Art Las Vegas,"Jewelry change Downsize to a shorter post or swap ends once the fistula is stable — booked as a check-in, not a mall kiosk.",Katelyn Cole,YES,5,VERIFIED,KEEP,Piercing visual matches page intent.
/bridge_piercing_las_vegas_authority_guide/,piercing,Real heal documentation,image,/studio_gallery/labret-and-eyebrow-piercing-closeup-c6159742.webp,,Swelling example Starter jewelry sits long so tissue is not pulled inward — embedding happens when posts are too short too soon.,Katelyn Cole,YES,5,VERIFIED,KEEP,Piercing visual matches page intent.
/bridge_piercing_las_vegas_authority_guide/,piercing,Real heal documentation,image,/studio_gallery/labret-and-eyebrow-piercing-closeup-c6159742.png,Swelling example — Bridge — Work of Art Las Vegas,Swelling example Starter jewelry sits long so tissue is not pulled inward — embedding happens when posts are too short too soon.,Katelyn Cole,YES,5,VERIFIED,KEEP,Piercing visual matches page intent.
/bridge_piercing_las_vegas_authority_guide/,piercing,,video,https://www.googletagmanager.com/ns.html?id=GTM-TZTQSQBB,,,,NO,3,UNKNOWN,REVIEW,Generic asset on piercing page.
/bridge_piercing_las_vegas_authority_guide/,piercing,Related piercing guides,video,https://www.instagram.com/reel/C78fY1quCVF/,▶ Katelyn Cole — piercing in the studio Watch Katelyn at Work of Art — calm ear curation and piercing placement in Las Vegas. Watch on Instagram,▶ Katelyn Cole — piercing in the studio Watch Katelyn at Work of Art — calm ear curation and piercing placement in Las Vegas. Watch on Instagram,Katelyn Cole,YES,3,VERIFIED,REVIEW,Remote Instagram card; verify reel subject visually before using as proof.
/cartilage_piercing_las_vegas_authority_guide/,piercing,Real heal documentation,image,/studio_gallery/curated-helix-tragus-lobe-piercings-88475d3e.webp,,Ear piercing close-up Placement and angle marked for your anatomy — starter jewelry sized for swelling.,Katelyn Cole,YES,5,VERIFIED,KEEP,Piercing visual matches page intent.
/cartilage_piercing_las_vegas_authority_guide/,piercing,Real heal documentation,image,/studio_gallery/curated-helix-tragus-lobe-piercings-88475d3e.png,Ear piercing close-up — Ear piercing — Work of Art Las Vegas,Ear piercing close-up Placement and angle marked for your anatomy — starter jewelry sized for swelling.,Katelyn Cole,YES,5,VERIFIED,KEEP,Piercing visual matches page intent.
/cartilage_piercing_las_vegas_authority_guide/,piercing,Real heal documentation,image,/studio_gallery/triple-flat-conch-lobe-ear-setup-f28e160a.webp,,Healing week 1 Fresh cartilage or lobe — starter studs with extra post length for swelling.,Katelyn Cole,YES,5,VERIFIED,KEEP,Piercing visual matches page intent.
/cartilage_piercing_las_vegas_authority_guide/,piercing,Real heal documentation,image,/studio_gallery/triple-flat-conch-lobe-ear-setup-f28e160a.png,Healing week 1 — Ear piercing — Work of Art Las Vegas,Healing week 1 Fresh cartilage or lobe — starter studs with extra post length for swelling.,Katelyn Cole,YES,5,VERIFIED,KEEP,Piercing visual matches page intent.
/cartilage_piercing_las_vegas_authority_guide/,piercing,Real heal documentation,image,/studio_gallery/ear-piercing-healed-result-0f5998be.webp,,Healing month 2 Around 6–8 weeks swelling drops — this is when downsizing protects the angle and prevents bumps.,Katelyn Cole,YES,5,VERIFIED,KEEP,Piercing visual matches page intent.
/cartilage_piercing_las_vegas_authority_guide/,piercing,Real heal documentation,image,/studio_gallery/ear-piercing-healed-result-0f5998be.png,Healing month 2 — Ear piercing — Work of Art Las Vegas,Healing month 2 Around 6–8 weeks swelling drops — this is when downsizing protects the angle and prevents bumps.,Katelyn Cole,YES,5,VERIFIED,KEEP,Piercing visual matches page intent.
/cartilage_piercing_las_vegas_authority_guide/,piercing,Real heal documentation,image,/studio_gallery/jewelry-upgrade-86d3f26f.webp,,"Jewelry change Downsize to a shorter post or swap ends once the fistula is stable — booked as a check-in, not a mall kiosk.",Katelyn Cole,YES,5,VERIFIED,KEEP,Piercing visual matches page intent.
/cartilage_piercing_las_vegas_authority_guide/,piercing,Real heal documentation,image,/studio_gallery/jewelry-upgrade-86d3f26f.png,Jewelry change — Ear piercing — Work of Art Las Vegas,"Jewelry change Downsize to a shorter post or swap ends once the fistula is stable — booked as a check-in, not a mall kiosk.",Katelyn Cole,YES,5,VERIFIED,KEEP,Piercing visual matches page intent.
/cartilage_piercing_las_vegas_authority_guide/,piercing,Real heal documentation,image,/studio_gallery/flat-and-conch-cartilage-studs-c317138a.webp,,Swelling example Flat and conch starters sit long on purpose — shortening too soon causes embedding and bumps.,Katelyn Cole,YES,5,VERIFIED,KEEP,Piercing visual matches page intent.
/cartilage_piercing_las_vegas_authority_guide/,piercing,Real heal documentation,image,/studio_gallery/flat-and-conch-cartilage-studs-c317138a.png,Swelling example — Ear piercing — Work of Art Las Vegas,Swelling example Flat and conch starters sit long on purpose — shortening too soon causes embedding and bumps.,Katelyn Cole,YES,5,VERIFIED,KEEP,Piercing visual matches page intent.
/cartilage_piercing_las_vegas_authority_guide/,piercing,,video,https://www.googletagmanager.com/ns.html?id=GTM-TZTQSQBB,,,,NO,3,UNKNOWN,REVIEW,Generic asset on piercing page.
/cartilage_piercing_las_vegas_authority_guide/,piercing,Real heal documentation,video,https://www.instagram.com/reel/C3GjVCdLUQ9/,▶ piercing session — studio reel In-studio with professional piercer Katelyn Cole. Watch on Instagram,▶ piercing session — studio reel In-studio with professional piercer Katelyn Cole. Watch on Instagram,Katelyn Cole,YES,3,VERIFIED,REVIEW,Remote Instagram card; verify reel subject visually before using as proof.
/collagen_skin_science_las_vegas_authority_guide/,tattoo skin science/healing,Real heal documentation,image,/healed_tattoo_gallery_las_vegas/fresh-all-seeing-eye-triangle-forearm-joshua-cole-las-vegas.webp,,Tattoo skin science close-up Fresh tattoo surface detail — the epidermis is irritated while pigment is placed below it.,Joshua Cole,YES,4,LIKELY,KEEP,Tattoo visual supports skin/healing explanation.
/collagen_skin_science_las_vegas_authority_guide/,tattoo skin science/healing,Real heal documentation,image,/healed_tattoo_gallery_las_vegas/fresh-all-seeing-eye-triangle-forearm-joshua-cole-las-vegas.png,Tattoo skin science close-up — Tattoo skin science — Work of Art Las Vegas,Tattoo skin science close-up Fresh tattoo surface detail — the epidermis is irritated while pigment is placed below it.,Joshua Cole,YES,4,LIKELY,KEEP,Tattoo visual supports skin/healing explanation.
/collagen_skin_science_las_vegas_authority_guide/,tattoo skin science/healing,Real heal documentation,image,/tattoo_healing_before_after_real_results/eagle-memorial-calf-fresh-tattoo-las-vegas.webp,,"Healing week 1 Early tattoo healing reference — surface shine, tightness, and light texture can change how value reads.",,YES,4,UNKNOWN,KEEP,Tattoo visual supports skin/healing explanation.
/collagen_skin_science_las_vegas_authority_guide/,tattoo skin science/healing,Real heal documentation,image,/tattoo_healing_before_after_real_results/eagle-memorial-calf-fresh-tattoo-las-vegas.png,Healing week 1 — Tattoo skin science — Work of Art Las Vegas,"Healing week 1 Early tattoo healing reference — surface shine, tightness, and light texture can change how value reads.",,YES,4,UNKNOWN,KEEP,Tattoo visual supports skin/healing explanation.
/collagen_skin_science_las_vegas_authority_guide/,tattoo skin science/healing,Real heal documentation,image,/tattoo_healing_before_after_real_results/eagle-memorial-calf-fresh-vs-healed-comparison-las-vegas.webp,,Healing month 2 Fresh vs settled tattoo comparison — useful for explaining how the surface calms while pigment remains.,,YES,4,UNKNOWN,KEEP,Tattoo visual supports skin/healing explanation.
/collagen_skin_science_las_vegas_authority_guide/,tattoo skin science/healing,Real heal documentation,image,/tattoo_healing_before_after_real_results/eagle-memorial-calf-fresh-vs-healed-comparison-las-vegas.png,Healing month 2 — Tattoo skin science — Work of Art Las Vegas,Healing month 2 Fresh vs settled tattoo comparison — useful for explaining how the surface calms while pigment remains.,,YES,4,UNKNOWN,KEEP,Tattoo visual supports skin/healing explanation.
/collagen_skin_science_las_vegas_authority_guide/,tattoo skin science/healing,Real heal documentation,image,/healed_tattoo_gallery_las_vegas/healed-3-month-roaring-lion-thigh-joshua-cole-las-vegas.webp,,Settled heal Settled black and grey tattoo detail — healed contrast is what matters for long-term readability.,Joshua Cole,YES,4,LIKELY,KEEP,Tattoo visual supports skin/healing explanation.
/collagen_skin_science_las_vegas_authority_guide/,tattoo skin science/healing,Real heal documentation,image,/healed_tattoo_gallery_las_vegas/healed-3-month-roaring-lion-thigh-joshua-cole-las-vegas.png,Settled heal — Tattoo skin science — Work of Art Las Vegas,Settled heal Settled black and grey tattoo detail — healed contrast is what matters for long-term readability.,Joshua Cole,YES,4,LIKELY,KEEP,Tattoo visual supports skin/healing explanation.
/collagen_skin_science_las_vegas_authority_guide/,tattoo skin science/healing,Real heal documentation,image,/home_work_of_art_tattoo_piercing/client-portfolio/skull-hourglass-forearm-realism-fresh-las-vegas.webp,,"Fresh redness Day-zero tattoo surface redness — shown as healing context, not as finished portfolio proof.",Joshua Cole,YES,1,LIKELY,REPLACE,Piercing imagery on tattoo skin-science page.
/collagen_skin_science_las_vegas_authority_guide/,tattoo skin science/healing,Real heal documentation,image,/home_work_of_art_tattoo_piercing/client-portfolio/skull-hourglass-forearm-realism-fresh-las-vegas.png,Fresh redness — Tattoo skin science — Work of Art Las Vegas,"Fresh redness Day-zero tattoo surface redness — shown as healing context, not as finished portfolio proof.",Joshua Cole,YES,1,LIKELY,REPLACE,Piercing imagery on tattoo skin-science page.
/collagen_skin_science_las_vegas_authority_guide/,tattoo skin science/healing,,video,https://www.googletagmanager.com/ns.html?id=GTM-TZTQSQBB,,,,NO,2,UNKNOWN,REVIEW,Weak skin-science support.
/collagen_skin_science_las_vegas_authority_guide/,tattoo skin science/healing,Book a consult,video,https://www.instagram.com/reel/C3GjVCdLUQ9/,▶ Piercing session — studio reel In-studio with professional piercer Katelyn Cole. Watch on Instagram,▶ Piercing session — studio reel In-studio with professional piercer Katelyn Cole. Watch on Instagram,Katelyn Cole,YES,3,VERIFIED,REVIEW,Remote Instagram card; verify reel subject visually before using as proof.
/conch_piercing_las_vegas_authority_guide/,piercing,Real heal documentation,image,/studio_gallery/flat-and-conch-cartilage-studs-c317138a.webp,,Conch close-up Placement and angle marked for your anatomy — starter jewelry sized for swelling.,Katelyn Cole,YES,5,VERIFIED,KEEP,Piercing visual matches page intent.
/conch_piercing_las_vegas_authority_guide/,piercing,Real heal documentation,image,/studio_gallery/flat-and-conch-cartilage-studs-c317138a.png,Conch close-up — Conch — Work of Art Las Vegas,Conch close-up Placement and angle marked for your anatomy — starter jewelry sized for swelling.,Katelyn Cole,YES,5,VERIFIED,KEEP,Piercing visual matches page intent.
/conch_piercing_las_vegas_authority_guide/,piercing,Real heal documentation,image,/studio_gallery/curated-helix-tragus-lobe-piercings-88475d3e.webp,,"Healing week 1 Days 3–7: light crusties, tenderness, and a longer post on purpose — do not shorten jewelry at home.",Katelyn Cole,YES,5,VERIFIED,KEEP,Piercing visual matches page intent.
/conch_piercing_las_vegas_authority_guide/,piercing,Real heal documentation,image,/studio_gallery/curated-helix-tragus-lobe-piercings-88475d3e.png,Healing week 1 — Conch — Work of Art Las Vegas,"Healing week 1 Days 3–7: light crusties, tenderness, and a longer post on purpose — do not shorten jewelry at home.",Katelyn Cole,YES,5,VERIFIED,KEEP,Piercing visual matches page intent.
/conch_piercing_las_vegas_authority_guide/,piercing,Real heal documentation,image,/studio_gallery/ear-piercing-healed-result-0f5998be.webp,,Healing month 2 Around 6–8 weeks swelling drops — this is when downsizing protects the angle and prevents bumps.,Katelyn Cole,YES,5,VERIFIED,KEEP,Piercing visual matches page intent.
/conch_piercing_las_vegas_authority_guide/,piercing,Real heal documentation,image,/studio_gallery/ear-piercing-healed-result-0f5998be.png,Healing month 2 — Conch — Work of Art Las Vegas,Healing month 2 Around 6–8 weeks swelling drops — this is when downsizing protects the angle and prevents bumps.,Katelyn Cole,YES,5,VERIFIED,KEEP,Piercing visual matches page intent.
/conch_piercing_las_vegas_authority_guide/,piercing,Real heal documentation,image,/studio_gallery/jewelry-upgrade-86d3f26f.webp,,"Jewelry change Downsize to a shorter post or swap ends once the fistula is stable — booked as a check-in, not a mall kiosk.",Katelyn Cole,YES,5,VERIFIED,KEEP,Piercing visual matches page intent.
/conch_piercing_las_vegas_authority_guide/,piercing,Real heal documentation,image,/studio_gallery/jewelry-upgrade-86d3f26f.png,Jewelry change — Conch — Work of Art Las Vegas,"Jewelry change Downsize to a shorter post or swap ends once the fistula is stable — booked as a check-in, not a mall kiosk.",Katelyn Cole,YES,5,VERIFIED,KEEP,Piercing visual matches page intent.
/conch_piercing_las_vegas_authority_guide/,piercing,Real heal documentation,image,/studio_gallery/fresh-upper-cartilage-industrial-bar-2e41fc98.webp,,Swelling example Starter jewelry sits long so tissue is not pulled inward — embedding happens when posts are too short too soon.,Katelyn Cole,YES,5,VERIFIED,KEEP,Piercing visual matches page intent.
/conch_piercing_las_vegas_authority_guide/,piercing,Real heal documentation,image,/studio_gallery/fresh-upper-cartilage-industrial-bar-2e41fc98.png,Swelling example — Conch — Work of Art Las Vegas,Swelling example Starter jewelry sits long so tissue is not pulled inward — embedding happens when posts are too short too soon.,Katelyn Cole,YES,5,VERIFIED,KEEP,Piercing visual matches page intent.
/conch_piercing_las_vegas_authority_guide/,piercing,,video,https://www.googletagmanager.com/ns.html?id=GTM-TZTQSQBB,,,,NO,3,UNKNOWN,REVIEW,Generic asset on piercing page.
/conch_piercing_las_vegas_authority_guide/,piercing,Related piercing guides,video,https://www.instagram.com/reel/C78fY1quCVF/,▶ Katelyn Cole — piercing in the studio Watch Katelyn at Work of Art — calm ear curation and piercing placement in Las Vegas. Watch on Instagram,▶ Katelyn Cole — piercing in the studio Watch Katelyn at Work of Art — calm ear curation and piercing placement in Las Vegas. Watch on Instagram,Katelyn Cole,YES,3,VERIFIED,REVIEW,Remote Instagram card; verify reel subject visually before using as proof.
/cover-up-tattoos-las-vegas/,cover-up tattoo,,image,/cover-up-tattoos-las-vegas/large-scale-arm-rework-praying-hands-rose-las-vegas-800.webp,,,Joshua Cole,YES,5,LIKELY,KEEP,Cover-up/rework visual supports the page.
/cover-up-tattoos-las-vegas/,cover-up tattoo,,image,/cover-up-tattoos-las-vegas/large-scale-arm-rework-praying-hands-rose-las-vegas-800.jpg,,,Joshua Cole,YES,5,LIKELY,KEEP,Cover-up/rework visual supports the page.
/cover-up-tattoos-las-vegas/,cover-up tattoo,,image,/cover-up-tattoos-las-vegas/large-scale-arm-rework-praying-hands-rose-las-vegas.jpg,Large-scale arm rework by Joshua Cole at Work of Art Tattoo in Las Vegas,,Joshua Cole,YES,5,LIKELY,KEEP,Cover-up/rework visual supports the page.
/cover-up-tattoos-las-vegas/,cover-up tattoo,Real Cover-Ups & Tattoo Reworks by Joshua Cole,image,/cover-up-tattoos-las-vegas/floral-tattoo-cover-up-before-after-las-vegas-800.webp,,,Joshua Cole,YES,5,LIKELY,KEEP,Cover-up/rework visual supports the page.
/cover-up-tattoos-las-vegas/,cover-up tattoo,Real Cover-Ups & Tattoo Reworks by Joshua Cole,image,/cover-up-tattoos-las-vegas/floral-tattoo-cover-up-before-after-las-vegas-800.jpg,,,Joshua Cole,YES,5,LIKELY,KEEP,Cover-up/rework visual supports the page.
/cover-up-tattoos-las-vegas/,cover-up tattoo,Real Cover-Ups & Tattoo Reworks by Joshua Cole,image,/cover-up-tattoos-las-vegas/floral-tattoo-cover-up-before-after-las-vegas.jpg,Before and after floral tattoo cover-up by Joshua Cole in Las Vegas,,Joshua Cole,YES,5,LIKELY,KEEP,Cover-up/rework visual supports the page.
/cover-up-tattoos-las-vegas/,cover-up tattoo,When Going Bigger Makes the Work Cleaner,image,/cover-up-tattoos-las-vegas/large-scale-arm-rework-praying-hands-rose-las-vegas-800.webp,,Primary view of large arm rework.,Joshua Cole,YES,5,LIKELY,KEEP,Cover-up/rework visual supports the page.
/cover-up-tattoos-las-vegas/,cover-up tattoo,When Going Bigger Makes the Work Cleaner,image,/cover-up-tattoos-las-vegas/large-scale-arm-rework-praying-hands-rose-las-vegas-800.jpg,,Primary view of large arm rework.,Joshua Cole,YES,5,LIKELY,KEEP,Cover-up/rework visual supports the page.
/cover-up-tattoos-las-vegas/,cover-up tattoo,When Going Bigger Makes the Work Cleaner,image,/cover-up-tattoos-las-vegas/large-scale-arm-rework-praying-hands-rose-las-vegas.jpg,Large-scale arm rework by Joshua Cole at Work of Art Tattoo in Las Vegas,Primary view of large arm rework.,Joshua Cole,YES,5,LIKELY,KEEP,Cover-up/rework visual supports the page.
/cover-up-tattoos-las-vegas/,cover-up tattoo,When Going Bigger Makes the Work Cleaner,image,/cover-up-tattoos-las-vegas/large-scale-arm-rework-viking-portrait-alt-view-las-vegas-800.webp,,Alternate angle from the same large-scale arm project.,Joshua Cole,YES,5,LIKELY,KEEP,Cover-up/rework visual supports the page.
/cover-up-tattoos-las-vegas/,cover-up tattoo,When Going Bigger Makes the Work Cleaner,image,/cover-up-tattoos-las-vegas/large-scale-arm-rework-viking-portrait-alt-view-las-vegas-800.jpg,,Alternate angle from the same large-scale arm project.,Joshua Cole,YES,5,LIKELY,KEEP,Cover-up/rework visual supports the page.
/cover-up-tattoos-las-vegas/,cover-up tattoo,When Going Bigger Makes the Work Cleaner,image,/cover-up-tattoos-las-vegas/large-scale-arm-rework-viking-portrait-alt-view-las-vegas.jpg,Alternate view of large-scale arm rework by Joshua Cole,Alternate angle from the same large-scale arm project.,Joshua Cole,YES,5,LIKELY,KEEP,Cover-up/rework visual supports the page.
/cover-up-tattoos-las-vegas/,cover-up tattoo,More Cover-Up and Rework Portfolio Examples,image,/cover-up-tattoos-las-vegas/dark-pigment-black-grey-wing-eye-rework-las-vegas-800.webp,,,Joshua Cole,YES,5,LIKELY,KEEP,Cover-up/rework visual supports the page.
/cover-up-tattoos-las-vegas/,cover-up tattoo,More Cover-Up and Rework Portfolio Examples,image,/cover-up-tattoos-las-vegas/dark-pigment-black-grey-wing-eye-rework-las-vegas-800.jpg,,,Joshua Cole,YES,5,LIKELY,KEEP,Cover-up/rework visual supports the page.
/cover-up-tattoos-las-vegas/,cover-up tattoo,More Cover-Up and Rework Portfolio Examples,image,/cover-up-tattoos-las-vegas/dark-pigment-black-grey-wing-eye-rework-las-vegas.jpg,Dark pigment black and grey tattoo rework by Joshua Cole,,Joshua Cole,YES,5,LIKELY,KEEP,Cover-up/rework visual supports the page.
/cover-up-tattoos-las-vegas/,cover-up tattoo,Dark Pigment / Black-and-Grey Rework,image,/cover-up-tattoos-las-vegas/black-grey-skull-crown-rose-rework-las-vegas-800.webp,,,Joshua Cole,YES,5,LIKELY,KEEP,Cover-up/rework visual supports the page.
/cover-up-tattoos-las-vegas/,cover-up tattoo,Dark Pigment / Black-and-Grey Rework,image,/cover-up-tattoos-las-vegas/black-grey-skull-crown-rose-rework-las-vegas-800.jpg,,,Joshua Cole,YES,5,LIKELY,KEEP,Cover-up/rework visual supports the page.
/cover-up-tattoos-las-vegas/,cover-up tattoo,Dark Pigment / Black-and-Grey Rework,image,/cover-up-tattoos-las-vegas/black-grey-skull-crown-rose-rework-las-vegas.jpg,Black and grey skull and rose corrective tattoo work by Joshua Cole,,Joshua Cole,YES,5,LIKELY,KEEP,Cover-up/rework visual supports the page.
/cover-up-tattoos-las-vegas/,cover-up tattoo,Black-and-Grey Corrective Work,image,/cover-up-tattoos-las-vegas/color-dragon-tattoo-redesign-las-vegas-800.webp,,,Joshua Cole,YES,5,LIKELY,KEEP,Cover-up/rework visual supports the page.
/cover-up-tattoos-las-vegas/,cover-up tattoo,Black-and-Grey Corrective Work,image,/cover-up-tattoos-las-vegas/color-dragon-tattoo-redesign-las-vegas-800.jpg,,,Joshua Cole,YES,5,LIKELY,KEEP,Cover-up/rework visual supports the page.
/cover-up-tattoos-las-vegas/,cover-up tattoo,Black-and-Grey Corrective Work,image,/cover-up-tattoos-las-vegas/color-dragon-tattoo-redesign-las-vegas.jpg,Color dragon tattoo redesign work by Joshua Cole,,Joshua Cole,YES,5,LIKELY,KEEP,Cover-up/rework visual supports the page.
/cover-up-tattoos-las-vegas/,cover-up tattoo,Color Redesign,image,/cover-up-tattoos-las-vegas/neck-butterfly-corrective-tattoo-work-las-vegas-800.webp,,,Joshua Cole,YES,5,LIKELY,KEEP,Cover-up/rework visual supports the page.
/cover-up-tattoos-las-vegas/,cover-up tattoo,Color Redesign,image,/cover-up-tattoos-las-vegas/neck-butterfly-corrective-tattoo-work-las-vegas-800.jpg,,,Joshua Cole,YES,5,LIKELY,KEEP,Cover-up/rework visual supports the page.
/cover-up-tattoos-las-vegas/,cover-up tattoo,Color Redesign,image,/cover-up-tattoos-las-vegas/neck-butterfly-corrective-tattoo-work-las-vegas.jpg,Neck butterfly corrective tattoo work by Joshua Cole,,Joshua Cole,YES,5,LIKELY,KEEP,Cover-up/rework visual supports the page.
/cover-up-tattoos-las-vegas/,cover-up tattoo,Corrective Neck Work,image,/cover-up-tattoos-las-vegas/angel-money-black-grey-tattoo-redesign-las-vegas-800.webp,,,Joshua Cole,YES,5,LIKELY,KEEP,Cover-up/rework visual supports the page.
/cover-up-tattoos-las-vegas/,cover-up tattoo,Corrective Neck Work,image,/cover-up-tattoos-las-vegas/angel-money-black-grey-tattoo-redesign-las-vegas-800.jpg,,,Joshua Cole,YES,5,LIKELY,KEEP,Cover-up/rework visual supports the page.
/cover-up-tattoos-las-vegas/,cover-up tattoo,Corrective Neck Work,image,/cover-up-tattoos-las-vegas/angel-money-black-grey-tattoo-redesign-las-vegas.jpg,Black and grey angel and money tattoo redesign by Joshua Cole,,Joshua Cole,YES,5,LIKELY,KEEP,Cover-up/rework visual supports the page.
/cover-up-tattoos-las-vegas/,cover-up tattoo,Black-and-Grey Tattoo Redesign,image,/cover-up-tattoos-las-vegas/blue-butterfly-color-tattoo-rework-las-vegas-800.webp,,,Joshua Cole,YES,5,LIKELY,KEEP,Cover-up/rework visual supports the page.
/cover-up-tattoos-las-vegas/,cover-up tattoo,Black-and-Grey Tattoo Redesign,image,/cover-up-tattoos-las-vegas/blue-butterfly-color-tattoo-rework-las-vegas-800.jpg,,,Joshua Cole,YES,5,LIKELY,KEEP,Cover-up/rework visual supports the page.
/cover-up-tattoos-las-vegas/,cover-up tattoo,Black-and-Grey Tattoo Redesign,image,/cover-up-tattoos-las-vegas/blue-butterfly-color-tattoo-rework-las-vegas.jpg,Blue butterfly color tattoo rework by Joshua Cole,,Joshua Cole,YES,5,LIKELY,KEEP,Cover-up/rework visual supports the page.
/cover-up-tattoos-las-vegas/,cover-up tattoo,Laser Lightening,image,/cover-up-tattoos-las-vegas/black-grey-skull-crown-rose-rework-las-vegas-800.webp,,,Joshua Cole,YES,5,LIKELY,KEEP,Cover-up/rework visual supports the page.
/cover-up-tattoos-las-vegas/,cover-up tattoo,Laser Lightening,image,/cover-up-tattoos-las-vegas/black-grey-skull-crown-rose-rework-las-vegas-800.jpg,,,Joshua Cole,YES,5,LIKELY,KEEP,Cover-up/rework visual supports the page.
/cover-up-tattoos-las-vegas/,cover-up tattoo,Laser Lightening,image,/cover-up-tattoos-las-vegas/black-grey-skull-crown-rose-rework-las-vegas.jpg,Black and grey skull and rose corrective tattoo work by Joshua Cole,,Joshua Cole,YES,5,LIKELY,KEEP,Cover-up/rework visual supports the page.
/cover-up-tattoos-las-vegas/,cover-up tattoo,,video,https://www.googletagmanager.com/ns.html?id=GTM-TZTQSQBB,,,,NO,1,UNKNOWN,REPLACE,Non-cover-up creative on cover-up page.
/cover-up-tattoos-las-vegas/,cover-up tattoo,Questions clients ask,video,https://www.instagram.com/reel/Cpp18lXgU3P/,▶ Joshua Cole — seminars & advanced training Continuing education and advanced training from Joshua Cole. Watch on Instagram,▶ Joshua Cole — seminars & advanced training Continuing education and advanced training from Joshua Cole. Watch on Instagram,Joshua Cole,YES,3,LIKELY,REVIEW,Remote Instagram card; verify reel subject visually before using as proof.
/daith_piercing_las_vegas_authority_guide/,piercing,Real heal documentation,image,/studio_gallery/curated-helix-tragus-lobe-piercings-88475d3e.webp,,Daith close-up Placement and angle marked for your anatomy — starter jewelry sized for swelling.,Katelyn Cole,YES,5,VERIFIED,KEEP,Piercing visual matches page intent.
/daith_piercing_las_vegas_authority_guide/,piercing,Real heal documentation,image,/studio_gallery/curated-helix-tragus-lobe-piercings-88475d3e.png,Daith close-up — Daith — Work of Art Las Vegas,Daith close-up Placement and angle marked for your anatomy — starter jewelry sized for swelling.,Katelyn Cole,YES,5,VERIFIED,KEEP,Piercing visual matches page intent.
/daith_piercing_las_vegas_authority_guide/,piercing,Real heal documentation,image,/studio_gallery/flat-and-conch-cartilage-studs-c317138a.webp,,"Healing week 1 Days 3–7: light crusties, tenderness, and a longer post on purpose — do not shorten jewelry at home.",Katelyn Cole,YES,5,VERIFIED,KEEP,Piercing visual matches page intent.
/daith_piercing_las_vegas_authority_guide/,piercing,Real heal documentation,image,/studio_gallery/flat-and-conch-cartilage-studs-c317138a.png,Healing week 1 — Daith — Work of Art Las Vegas,"Healing week 1 Days 3–7: light crusties, tenderness, and a longer post on purpose — do not shorten jewelry at home.",Katelyn Cole,YES,5,VERIFIED,KEEP,Piercing visual matches page intent.
/daith_piercing_las_vegas_authority_guide/,piercing,Real heal documentation,image,/studio_gallery/ear-piercing-healed-result-0f5998be.webp,,Healing month 2 Around 6–8 weeks swelling drops — this is when downsizing protects the angle and prevents bumps.,Katelyn Cole,YES,5,VERIFIED,KEEP,Piercing visual matches page intent.
/daith_piercing_las_vegas_authority_guide/,piercing,Real heal documentation,image,/studio_gallery/ear-piercing-healed-result-0f5998be.png,Healing month 2 — Daith — Work of Art Las Vegas,Healing month 2 Around 6–8 weeks swelling drops — this is when downsizing protects the angle and prevents bumps.,Katelyn Cole,YES,5,VERIFIED,KEEP,Piercing visual matches page intent.
/daith_piercing_las_vegas_authority_guide/,piercing,Real heal documentation,image,/studio_gallery/jewelry-upgrade-86d3f26f.webp,,"Jewelry change Downsize to a shorter post or swap ends once the fistula is stable — booked as a check-in, not a mall kiosk.",Katelyn Cole,YES,5,VERIFIED,KEEP,Piercing visual matches page intent.
/daith_piercing_las_vegas_authority_guide/,piercing,Real heal documentation,image,/studio_gallery/jewelry-upgrade-86d3f26f.png,Jewelry change — Daith — Work of Art Las Vegas,"Jewelry change Downsize to a shorter post or swap ends once the fistula is stable — booked as a check-in, not a mall kiosk.",Katelyn Cole,YES,5,VERIFIED,KEEP,Piercing visual matches page intent.
/daith_piercing_las_vegas_authority_guide/,piercing,Real heal documentation,image,/studio_gallery/fresh-upper-cartilage-industrial-bar-2e41fc98.webp,,Swelling example Starter jewelry sits long so tissue is not pulled inward — embedding happens when posts are too short too soon.,Katelyn Cole,YES,5,VERIFIED,KEEP,Piercing visual matches page intent.
/daith_piercing_las_vegas_authority_guide/,piercing,Real heal documentation,image,/studio_gallery/fresh-upper-cartilage-industrial-bar-2e41fc98.png,Swelling example — Daith — Work of Art Las Vegas,Swelling example Starter jewelry sits long so tissue is not pulled inward — embedding happens when posts are too short too soon.,Katelyn Cole,YES,5,VERIFIED,KEEP,Piercing visual matches page intent.
/daith_piercing_las_vegas_authority_guide/,piercing,,video,https://www.googletagmanager.com/ns.html?id=GTM-TZTQSQBB,,,,NO,3,UNKNOWN,REVIEW,Generic asset on piercing page.
/daith_piercing_las_vegas_authority_guide/,piercing,Related piercing guides,video,https://www.instagram.com/reel/C78fY1quCVF/,▶ Katelyn Cole — piercing in the studio Watch Katelyn at Work of Art — calm ear curation and piercing placement in Las Vegas. Watch on Instagram,▶ Katelyn Cole — piercing in the studio Watch Katelyn at Work of Art — calm ear curation and piercing placement in Las Vegas. Watch on Instagram,Katelyn Cole,YES,3,VERIFIED,REVIEW,Remote Instagram card; verify reel subject visually before using as proof.
/dermis_skin_science_las_vegas_authority_guide/,tattoo skin science/healing,Real heal documentation,image,/healed_tattoo_gallery_las_vegas/fresh-all-seeing-eye-triangle-forearm-joshua-cole-las-vegas.webp,,Tattoo skin science close-up Fresh tattoo surface detail — the epidermis is irritated while pigment is placed below it.,Joshua Cole,YES,4,LIKELY,KEEP,Tattoo visual supports skin/healing explanation.
/dermis_skin_science_las_vegas_authority_guide/,tattoo skin science/healing,Real heal documentation,image,/healed_tattoo_gallery_las_vegas/fresh-all-seeing-eye-triangle-forearm-joshua-cole-las-vegas.png,Tattoo skin science close-up — Tattoo skin science — Work of Art Las Vegas,Tattoo skin science close-up Fresh tattoo surface detail — the epidermis is irritated while pigment is placed below it.,Joshua Cole,YES,4,LIKELY,KEEP,Tattoo visual supports skin/healing explanation.
/dermis_skin_science_las_vegas_authority_guide/,tattoo skin science/healing,Real heal documentation,image,/tattoo_healing_before_after_real_results/eagle-memorial-calf-fresh-tattoo-las-vegas.webp,,"Healing week 1 Early tattoo healing reference — surface shine, tightness, and light texture can change how value reads.",,YES,4,UNKNOWN,KEEP,Tattoo visual supports skin/healing explanation.
/dermis_skin_science_las_vegas_authority_guide/,tattoo skin science/healing,Real heal documentation,image,/tattoo_healing_before_after_real_results/eagle-memorial-calf-fresh-tattoo-las-vegas.png,Healing week 1 — Tattoo skin science — Work of Art Las Vegas,"Healing week 1 Early tattoo healing reference — surface shine, tightness, and light texture can change how value reads.",,YES,4,UNKNOWN,KEEP,Tattoo visual supports skin/healing explanation.
/dermis_skin_science_las_vegas_authority_guide/,tattoo skin science/healing,Real heal documentation,image,/tattoo_healing_before_after_real_results/eagle-memorial-calf-fresh-vs-healed-comparison-las-vegas.webp,,Healing month 2 Fresh vs settled tattoo comparison — useful for explaining how the surface calms while pigment remains.,,YES,4,UNKNOWN,KEEP,Tattoo visual supports skin/healing explanation.
/dermis_skin_science_las_vegas_authority_guide/,tattoo skin science/healing,Real heal documentation,image,/tattoo_healing_before_after_real_results/eagle-memorial-calf-fresh-vs-healed-comparison-las-vegas.png,Healing month 2 — Tattoo skin science — Work of Art Las Vegas,Healing month 2 Fresh vs settled tattoo comparison — useful for explaining how the surface calms while pigment remains.,,YES,4,UNKNOWN,KEEP,Tattoo visual supports skin/healing explanation.
/dermis_skin_science_las_vegas_authority_guide/,tattoo skin science/healing,Real heal documentation,image,/healed_tattoo_gallery_las_vegas/healed-3-month-roaring-lion-thigh-joshua-cole-las-vegas.webp,,Settled heal Settled black and grey tattoo detail — healed contrast is what matters for long-term readability.,Joshua Cole,YES,4,LIKELY,KEEP,Tattoo visual supports skin/healing explanation.
/dermis_skin_science_las_vegas_authority_guide/,tattoo skin science/healing,Real heal documentation,image,/healed_tattoo_gallery_las_vegas/healed-3-month-roaring-lion-thigh-joshua-cole-las-vegas.png,Settled heal — Tattoo skin science — Work of Art Las Vegas,Settled heal Settled black and grey tattoo detail — healed contrast is what matters for long-term readability.,Joshua Cole,YES,4,LIKELY,KEEP,Tattoo visual supports skin/healing explanation.
/dermis_skin_science_las_vegas_authority_guide/,tattoo skin science/healing,Real heal documentation,image,/home_work_of_art_tattoo_piercing/client-portfolio/skull-hourglass-forearm-realism-fresh-las-vegas.webp,,"Fresh redness Day-zero tattoo surface redness — shown as healing context, not as finished portfolio proof.",Joshua Cole,YES,1,LIKELY,REPLACE,Piercing imagery on tattoo skin-science page.
/dermis_skin_science_las_vegas_authority_guide/,tattoo skin science/healing,Real heal documentation,image,/home_work_of_art_tattoo_piercing/client-portfolio/skull-hourglass-forearm-realism-fresh-las-vegas.png,Fresh redness — Tattoo skin science — Work of Art Las Vegas,"Fresh redness Day-zero tattoo surface redness — shown as healing context, not as finished portfolio proof.",Joshua Cole,YES,1,LIKELY,REPLACE,Piercing imagery on tattoo skin-science page.
/dermis_skin_science_las_vegas_authority_guide/,tattoo skin science/healing,,video,https://www.googletagmanager.com/ns.html?id=GTM-TZTQSQBB,,,,NO,2,UNKNOWN,REVIEW,Weak skin-science support.
/dermis_skin_science_las_vegas_authority_guide/,tattoo skin science/healing,Book a consult,video,https://www.instagram.com/reel/Cpp18lXgU3P/,▶ Joshua Cole — seminars & advanced training Continuing education and advanced training from Joshua Cole. Watch on Instagram,▶ Joshua Cole — seminars & advanced training Continuing education and advanced training from Joshua Cole. Watch on Instagram,Joshua Cole,YES,3,LIKELY,REVIEW,Remote Instagram card; verify reel subject visually before using as proof.
/diabetes_skin_science_las_vegas_authority_guide/,tattoo skin science/healing,Real heal documentation,image,/healed_tattoo_gallery_las_vegas/fresh-all-seeing-eye-triangle-forearm-joshua-cole-las-vegas.webp,,Tattoo skin science close-up Fresh tattoo surface detail — the epidermis is irritated while pigment is placed below it.,Joshua Cole,YES,4,LIKELY,KEEP,Tattoo visual supports skin/healing explanation.
/diabetes_skin_science_las_vegas_authority_guide/,tattoo skin science/healing,Real heal documentation,image,/healed_tattoo_gallery_las_vegas/fresh-all-seeing-eye-triangle-forearm-joshua-cole-las-vegas.png,Tattoo skin science close-up — Tattoo skin science — Work of Art Las Vegas,Tattoo skin science close-up Fresh tattoo surface detail — the epidermis is irritated while pigment is placed below it.,Joshua Cole,YES,4,LIKELY,KEEP,Tattoo visual supports skin/healing explanation.
/diabetes_skin_science_las_vegas_authority_guide/,tattoo skin science/healing,Real heal documentation,image,/tattoo_healing_before_after_real_results/eagle-memorial-calf-fresh-tattoo-las-vegas.webp,,"Healing week 1 Early tattoo healing reference — surface shine, tightness, and light texture can change how value reads.",,YES,4,UNKNOWN,KEEP,Tattoo visual supports skin/healing explanation.
/diabetes_skin_science_las_vegas_authority_guide/,tattoo skin science/healing,Real heal documentation,image,/tattoo_healing_before_after_real_results/eagle-memorial-calf-fresh-tattoo-las-vegas.png,Healing week 1 — Tattoo skin science — Work of Art Las Vegas,"Healing week 1 Early tattoo healing reference — surface shine, tightness, and light texture can change how value reads.",,YES,4,UNKNOWN,KEEP,Tattoo visual supports skin/healing explanation.
/diabetes_skin_science_las_vegas_authority_guide/,tattoo skin science/healing,Real heal documentation,image,/tattoo_healing_before_after_real_results/eagle-memorial-calf-fresh-vs-healed-comparison-las-vegas.webp,,Healing month 2 Fresh vs settled tattoo comparison — useful for explaining how the surface calms while pigment remains.,,YES,4,UNKNOWN,KEEP,Tattoo visual supports skin/healing explanation.
/diabetes_skin_science_las_vegas_authority_guide/,tattoo skin science/healing,Real heal documentation,image,/tattoo_healing_before_after_real_results/eagle-memorial-calf-fresh-vs-healed-comparison-las-vegas.png,Healing month 2 — Tattoo skin science — Work of Art Las Vegas,Healing month 2 Fresh vs settled tattoo comparison — useful for explaining how the surface calms while pigment remains.,,YES,4,UNKNOWN,KEEP,Tattoo visual supports skin/healing explanation.
/diabetes_skin_science_las_vegas_authority_guide/,tattoo skin science/healing,Real heal documentation,image,/healed_tattoo_gallery_las_vegas/healed-3-month-roaring-lion-thigh-joshua-cole-las-vegas.webp,,Settled heal Settled black and grey tattoo detail — healed contrast is what matters for long-term readability.,Joshua Cole,YES,4,LIKELY,KEEP,Tattoo visual supports skin/healing explanation.
/diabetes_skin_science_las_vegas_authority_guide/,tattoo skin science/healing,Real heal documentation,image,/healed_tattoo_gallery_las_vegas/healed-3-month-roaring-lion-thigh-joshua-cole-las-vegas.png,Settled heal — Tattoo skin science — Work of Art Las Vegas,Settled heal Settled black and grey tattoo detail — healed contrast is what matters for long-term readability.,Joshua Cole,YES,4,LIKELY,KEEP,Tattoo visual supports skin/healing explanation.
/diabetes_skin_science_las_vegas_authority_guide/,tattoo skin science/healing,Real heal documentation,image,/home_work_of_art_tattoo_piercing/client-portfolio/skull-hourglass-forearm-realism-fresh-las-vegas.webp,,"Fresh redness Day-zero tattoo surface redness — shown as healing context, not as finished portfolio proof.",Joshua Cole,YES,1,LIKELY,REPLACE,Piercing imagery on tattoo skin-science page.
/diabetes_skin_science_las_vegas_authority_guide/,tattoo skin science/healing,Real heal documentation,image,/home_work_of_art_tattoo_piercing/client-portfolio/skull-hourglass-forearm-realism-fresh-las-vegas.png,Fresh redness — Tattoo skin science — Work of Art Las Vegas,"Fresh redness Day-zero tattoo surface redness — shown as healing context, not as finished portfolio proof.",Joshua Cole,YES,1,LIKELY,REPLACE,Piercing imagery on tattoo skin-science page.
/diabetes_skin_science_las_vegas_authority_guide/,tattoo skin science/healing,,video,https://www.googletagmanager.com/ns.html?id=GTM-TZTQSQBB,,,,NO,2,UNKNOWN,REVIEW,Weak skin-science support.
/diabetes_skin_science_las_vegas_authority_guide/,tattoo skin science/healing,Book a consult,video,https://www.instagram.com/reel/C3GjVCdLUQ9/,▶ Piercing session — studio reel In-studio with professional piercer Katelyn Cole. Watch on Instagram,▶ Piercing session — studio reel In-studio with professional piercer Katelyn Cole. Watch on Instagram,Katelyn Cole,YES,3,VERIFIED,REVIEW,Remote Instagram card; verify reel subject visually before using as proof.
/ear_curation_piercing_las_vegas_authority_guide/,piercing,Real heal documentation,image,/studio_gallery/ear-curation-work-eb7d2939.webp,,Ear curation close-up Placement and angle marked for your anatomy — starter jewelry sized for swelling.,Katelyn Cole,YES,5,VERIFIED,KEEP,Piercing visual matches page intent.
/ear_curation_piercing_las_vegas_authority_guide/,piercing,Real heal documentation,image,/studio_gallery/ear-curation-work-eb7d2939.png,Ear curation close-up — Ear curation — Work of Art Las Vegas,Ear curation close-up Placement and angle marked for your anatomy — starter jewelry sized for swelling.,Katelyn Cole,YES,5,VERIFIED,KEEP,Piercing visual matches page intent.
/ear_curation_piercing_las_vegas_authority_guide/,piercing,Real heal documentation,image,/studio_gallery/curated-helix-tragus-lobe-piercings-88475d3e.webp,,"Healing week 1 Days 3–7: light crusties, tenderness, and a longer post on purpose — do not shorten jewelry at home.",Katelyn Cole,YES,5,VERIFIED,KEEP,Piercing visual matches page intent.
/ear_curation_piercing_las_vegas_authority_guide/,piercing,Real heal documentation,image,/studio_gallery/curated-helix-tragus-lobe-piercings-88475d3e.png,Healing week 1 — Ear curation — Work of Art Las Vegas,"Healing week 1 Days 3–7: light crusties, tenderness, and a longer post on purpose — do not shorten jewelry at home.",Katelyn Cole,YES,5,VERIFIED,KEEP,Piercing visual matches page intent.
/ear_curation_piercing_las_vegas_authority_guide/,piercing,Real heal documentation,image,/studio_gallery/ear-piercing-healed-result-0f5998be.webp,,Healing month 2 Around 6–8 weeks swelling drops — this is when downsizing protects the angle and prevents bumps.,Katelyn Cole,YES,5,VERIFIED,KEEP,Piercing visual matches page intent.
/ear_curation_piercing_las_vegas_authority_guide/,piercing,Real heal documentation,image,/studio_gallery/ear-piercing-healed-result-0f5998be.png,Healing month 2 — Ear curation — Work of Art Las Vegas,Healing month 2 Around 6–8 weeks swelling drops — this is when downsizing protects the angle and prevents bumps.,Katelyn Cole,YES,5,VERIFIED,KEEP,Piercing visual matches page intent.
/ear_curation_piercing_las_vegas_authority_guide/,piercing,Real heal documentation,image,/studio_gallery/jewelry-upgrade-86d3f26f.webp,,"Jewelry change Downsize to a shorter post or swap ends once the fistula is stable — booked as a check-in, not a mall kiosk.",Katelyn Cole,YES,5,VERIFIED,KEEP,Piercing visual matches page intent.
/ear_curation_piercing_las_vegas_authority_guide/,piercing,Real heal documentation,image,/studio_gallery/jewelry-upgrade-86d3f26f.png,Jewelry change — Ear curation — Work of Art Las Vegas,"Jewelry change Downsize to a shorter post or swap ends once the fistula is stable — booked as a check-in, not a mall kiosk.",Katelyn Cole,YES,5,VERIFIED,KEEP,Piercing visual matches page intent.
/ear_curation_piercing_las_vegas_authority_guide/,piercing,Real heal documentation,image,/studio_gallery/flat-and-conch-cartilage-studs-c317138a.webp,,Swelling example Starter jewelry sits long so tissue is not pulled inward — embedding happens when posts are too short too soon.,Katelyn Cole,YES,5,VERIFIED,KEEP,Piercing visual matches page intent.
/ear_curation_piercing_las_vegas_authority_guide/,piercing,Real heal documentation,image,/studio_gallery/flat-and-conch-cartilage-studs-c317138a.png,Swelling example — Ear curation — Work of Art Las Vegas,Swelling example Starter jewelry sits long so tissue is not pulled inward — embedding happens when posts are too short too soon.,Katelyn Cole,YES,5,VERIFIED,KEEP,Piercing visual matches page intent.
/ear_curation_piercing_las_vegas_authority_guide/,piercing,,video,https://www.googletagmanager.com/ns.html?id=GTM-TZTQSQBB,,,,NO,3,UNKNOWN,REVIEW,Generic asset on piercing page.
/ear_curation_piercing_las_vegas_authority_guide/,piercing,Related piercing guides,video,https://www.instagram.com/reel/C78fY1quCVF/,▶ Katelyn Cole — piercing in the studio Watch Katelyn at Work of Art — calm ear curation and piercing placement in Las Vegas. Watch on Instagram,▶ Katelyn Cole — piercing in the studio Watch Katelyn at Work of Art — calm ear curation and piercing placement in Las Vegas. Watch on Instagram,Katelyn Cole,YES,3,VERIFIED,REVIEW,Remote Instagram card; verify reel subject visually before using as proof.
/ear_lobe_piercing_las_vegas_authority_guide/,piercing,Real heal documentation,image,/studio_gallery/matching-bilateral-earlobe-piercings-2455fd61.webp,,Lobe close-up Placement and angle marked for your anatomy — starter jewelry sized for swelling.,Katelyn Cole,YES,5,VERIFIED,KEEP,Piercing visual matches page intent.
/ear_lobe_piercing_las_vegas_authority_guide/,piercing,Real heal documentation,image,/studio_gallery/matching-bilateral-earlobe-piercings-2455fd61.png,Lobe close-up — Lobe — Work of Art Las Vegas,Lobe close-up Placement and angle marked for your anatomy — starter jewelry sized for swelling.,Katelyn Cole,YES,5,VERIFIED,KEEP,Piercing visual matches page intent.
/ear_lobe_piercing_las_vegas_authority_guide/,piercing,Real heal documentation,image,/studio_gallery/ear-lobe-piercing-session-da19eec5.webp,,"Healing week 1 Days 3–7: light crusties, tenderness, and a longer post on purpose — do not shorten jewelry at home.",Katelyn Cole,YES,5,VERIFIED,KEEP,Piercing visual matches page intent.
/ear_lobe_piercing_las_vegas_authority_guide/,piercing,Real heal documentation,image,/studio_gallery/ear-lobe-piercing-session-da19eec5.png,Healing week 1 — Lobe — Work of Art Las Vegas,"Healing week 1 Days 3–7: light crusties, tenderness, and a longer post on purpose — do not shorten jewelry at home.",Katelyn Cole,YES,5,VERIFIED,KEEP,Piercing visual matches page intent.
/ear_lobe_piercing_las_vegas_authority_guide/,piercing,Real heal documentation,image,/studio_gallery/conch-and-lobe-piercing-smile-f1da8b6f.webp,,"Healing month 2 Healed lobes — studs sit flush once swelling drops, usually around 6–8 weeks.",Katelyn Cole,YES,5,VERIFIED,KEEP,Piercing visual matches page intent.
/ear_lobe_piercing_las_vegas_authority_guide/,piercing,Real heal documentation,image,/studio_gallery/conch-and-lobe-piercing-smile-f1da8b6f.png,Healing month 2 — Lobe — Work of Art Las Vegas,"Healing month 2 Healed lobes — studs sit flush once swelling drops, usually around 6–8 weeks.",Katelyn Cole,YES,5,VERIFIED,KEEP,Piercing visual matches page intent.
/ear_lobe_piercing_las_vegas_authority_guide/,piercing,Real heal documentation,image,/studio_gallery/jewelry-upgrade-86d3f26f.webp,,"Jewelry change Downsize to a shorter post or swap ends once the fistula is stable — booked as a check-in, not a mall kiosk.",Katelyn Cole,YES,5,VERIFIED,KEEP,Piercing visual matches page intent.
/ear_lobe_piercing_las_vegas_authority_guide/,piercing,Real heal documentation,image,/studio_gallery/jewelry-upgrade-86d3f26f.png,Jewelry change — Lobe — Work of Art Las Vegas,"Jewelry change Downsize to a shorter post or swap ends once the fistula is stable — booked as a check-in, not a mall kiosk.",Katelyn Cole,YES,5,VERIFIED,KEEP,Piercing visual matches page intent.
/ear_lobe_piercing_las_vegas_authority_guide/,piercing,,video,https://www.googletagmanager.com/ns.html?id=GTM-TZTQSQBB,,,,NO,3,UNKNOWN,REVIEW,Generic asset on piercing page.
/ear_lobe_piercing_las_vegas_authority_guide/,piercing,Related piercing guides,video,https://www.instagram.com/reel/C78fY1quCVF/,▶ Katelyn Cole — piercing in the studio Watch Katelyn at Work of Art — calm ear curation and piercing placement in Las Vegas. Watch on Instagram,▶ Katelyn Cole — piercing in the studio Watch Katelyn at Work of Art — calm ear curation and piercing placement in Las Vegas. Watch on Instagram,Katelyn Cole,YES,3,VERIFIED,REVIEW,Remote Instagram card; verify reel subject visually before using as proof.
/ear_piercing_guide_las_vegas/,piercing,Real heal documentation,image,/studio_gallery/curated-helix-tragus-lobe-piercings-88475d3e.webp,,Ear piercing close-up Placement and angle marked for your anatomy — starter jewelry sized for swelling.,Katelyn Cole,YES,5,VERIFIED,KEEP,Piercing visual matches page intent.
/ear_piercing_guide_las_vegas/,piercing,Real heal documentation,image,/studio_gallery/curated-helix-tragus-lobe-piercings-88475d3e.png,Ear piercing close-up — Ear piercing — Work of Art Las Vegas,Ear piercing close-up Placement and angle marked for your anatomy — starter jewelry sized for swelling.,Katelyn Cole,YES,5,VERIFIED,KEEP,Piercing visual matches page intent.
/ear_piercing_guide_las_vegas/,piercing,Real heal documentation,image,/studio_gallery/triple-flat-conch-lobe-ear-setup-f28e160a.webp,,Healing week 1 Fresh cartilage or lobe — starter studs with extra post length for swelling.,Katelyn Cole,YES,5,VERIFIED,KEEP,Piercing visual matches page intent.
/ear_piercing_guide_las_vegas/,piercing,Real heal documentation,image,/studio_gallery/triple-flat-conch-lobe-ear-setup-f28e160a.png,Healing week 1 — Ear piercing — Work of Art Las Vegas,Healing week 1 Fresh cartilage or lobe — starter studs with extra post length for swelling.,Katelyn Cole,YES,5,VERIFIED,KEEP,Piercing visual matches page intent.
/ear_piercing_guide_las_vegas/,piercing,Real heal documentation,image,/studio_gallery/ear-piercing-healed-result-0f5998be.webp,,Healing month 2 Around 6–8 weeks swelling drops — this is when downsizing protects the angle and prevents bumps.,Katelyn Cole,YES,5,VERIFIED,KEEP,Piercing visual matches page intent.
/ear_piercing_guide_las_vegas/,piercing,Real heal documentation,image,/studio_gallery/ear-piercing-healed-result-0f5998be.png,Healing month 2 — Ear piercing — Work of Art Las Vegas,Healing month 2 Around 6–8 weeks swelling drops — this is when downsizing protects the angle and prevents bumps.,Katelyn Cole,YES,5,VERIFIED,KEEP,Piercing visual matches page intent.
/ear_piercing_guide_las_vegas/,piercing,Real heal documentation,image,/studio_gallery/jewelry-upgrade-86d3f26f.webp,,"Jewelry change Downsize to a shorter post or swap ends once the fistula is stable — booked as a check-in, not a mall kiosk.",Katelyn Cole,YES,5,VERIFIED,KEEP,Piercing visual matches page intent.
/ear_piercing_guide_las_vegas/,piercing,Real heal documentation,image,/studio_gallery/jewelry-upgrade-86d3f26f.png,Jewelry change — Ear piercing — Work of Art Las Vegas,"Jewelry change Downsize to a shorter post or swap ends once the fistula is stable — booked as a check-in, not a mall kiosk.",Katelyn Cole,YES,5,VERIFIED,KEEP,Piercing visual matches page intent.
/ear_piercing_guide_las_vegas/,piercing,Real heal documentation,image,/studio_gallery/flat-and-conch-cartilage-studs-c317138a.webp,,Swelling example Flat and conch starters sit long on purpose — shortening too soon causes embedding and bumps.,Katelyn Cole,YES,5,VERIFIED,KEEP,Piercing visual matches page intent.
/ear_piercing_guide_las_vegas/,piercing,Real heal documentation,image,/studio_gallery/flat-and-conch-cartilage-studs-c317138a.png,Swelling example — Ear piercing — Work of Art Las Vegas,Swelling example Flat and conch starters sit long on purpose — shortening too soon causes embedding and bumps.,Katelyn Cole,YES,5,VERIFIED,KEEP,Piercing visual matches page intent.
/ear_piercing_guide_las_vegas/,piercing,,video,https://www.googletagmanager.com/ns.html?id=GTM-TZTQSQBB,,,,NO,3,UNKNOWN,REVIEW,Generic asset on piercing page.
/ear_piercing_guide_las_vegas/,piercing,Real heal documentation,video,https://www.instagram.com/reel/C78fY1quCVF/,▶ Katelyn Cole — piercing in the studio Watch Katelyn at Work of Art — calm ear curation and piercing placement in Las Vegas. Watch on Instagram,▶ Katelyn Cole — piercing in the studio Watch Katelyn at Work of Art — calm ear curation and piercing placement in Las Vegas. Watch on Instagram,Katelyn Cole,YES,3,VERIFIED,REVIEW,Remote Instagram card; verify reel subject visually before using as proof.
/ear_piercing_las_vegas_authority_guide/,piercing,Real heal documentation,image,/studio_gallery/curated-helix-tragus-lobe-piercings-88475d3e.webp,,Ear piercing close-up Placement and angle marked for your anatomy — starter jewelry sized for swelling.,Katelyn Cole,YES,5,VERIFIED,KEEP,Piercing visual matches page intent.
/ear_piercing_las_vegas_authority_guide/,piercing,Real heal documentation,image,/studio_gallery/curated-helix-tragus-lobe-piercings-88475d3e.png,Ear piercing close-up — Ear piercing — Work of Art Las Vegas,Ear piercing close-up Placement and angle marked for your anatomy — starter jewelry sized for swelling.,Katelyn Cole,YES,5,VERIFIED,KEEP,Piercing visual matches page intent.
/ear_piercing_las_vegas_authority_guide/,piercing,Real heal documentation,image,/studio_gallery/triple-flat-conch-lobe-ear-setup-f28e160a.webp,,Healing week 1 Fresh cartilage or lobe — starter studs with extra post length for swelling.,Katelyn Cole,YES,5,VERIFIED,KEEP,Piercing visual matches page intent.
/ear_piercing_las_vegas_authority_guide/,piercing,Real heal documentation,image,/studio_gallery/triple-flat-conch-lobe-ear-setup-f28e160a.png,Healing week 1 — Ear piercing — Work of Art Las Vegas,Healing week 1 Fresh cartilage or lobe — starter studs with extra post length for swelling.,Katelyn Cole,YES,5,VERIFIED,KEEP,Piercing visual matches page intent.
/ear_piercing_las_vegas_authority_guide/,piercing,Real heal documentation,image,/studio_gallery/ear-piercing-healed-result-0f5998be.webp,,Healing month 2 Around 6–8 weeks swelling drops — this is when downsizing protects the angle and prevents bumps.,Katelyn Cole,YES,5,VERIFIED,KEEP,Piercing visual matches page intent.
/ear_piercing_las_vegas_authority_guide/,piercing,Real heal documentation,image,/studio_gallery/ear-piercing-healed-result-0f5998be.png,Healing month 2 — Ear piercing — Work of Art Las Vegas,Healing month 2 Around 6–8 weeks swelling drops — this is when downsizing protects the angle and prevents bumps.,Katelyn Cole,YES,5,VERIFIED,KEEP,Piercing visual matches page intent.
/ear_piercing_las_vegas_authority_guide/,piercing,Real heal documentation,image,/studio_gallery/jewelry-upgrade-86d3f26f.webp,,"Jewelry change Downsize to a shorter post or swap ends once the fistula is stable — booked as a check-in, not a mall kiosk.",Katelyn Cole,YES,5,VERIFIED,KEEP,Piercing visual matches page intent.
/ear_piercing_las_vegas_authority_guide/,piercing,Real heal documentation,image,/studio_gallery/jewelry-upgrade-86d3f26f.png,Jewelry change — Ear piercing — Work of Art Las Vegas,"Jewelry change Downsize to a shorter post or swap ends once the fistula is stable — booked as a check-in, not a mall kiosk.",Katelyn Cole,YES,5,VERIFIED,KEEP,Piercing visual matches page intent.
/ear_piercing_las_vegas_authority_guide/,piercing,Real heal documentation,image,/studio_gallery/flat-and-conch-cartilage-studs-c317138a.webp,,Swelling example Flat and conch starters sit long on purpose — shortening too soon causes embedding and bumps.,Katelyn Cole,YES,5,VERIFIED,KEEP,Piercing visual matches page intent.
/ear_piercing_las_vegas_authority_guide/,piercing,Real heal documentation,image,/studio_gallery/flat-and-conch-cartilage-studs-c317138a.png,Swelling example — Ear piercing — Work of Art Las Vegas,Swelling example Flat and conch starters sit long on purpose — shortening too soon causes embedding and bumps.,Katelyn Cole,YES,5,VERIFIED,KEEP,Piercing visual matches page intent.
/ear_piercing_las_vegas_authority_guide/,piercing,,video,https://www.googletagmanager.com/ns.html?id=GTM-TZTQSQBB,,,,NO,3,UNKNOWN,REVIEW,Generic asset on piercing page.
/ear_piercing_las_vegas_authority_guide/,piercing,Real heal documentation,video,https://www.instagram.com/reel/C4fOsY7OSTq/,▶ Ear curation — studio reel Katelyn Cole at Work of Art — Las Vegas piercing. Watch on Instagram,▶ Ear curation — studio reel Katelyn Cole at Work of Art — Las Vegas piercing. Watch on Instagram,Katelyn Cole,YES,3,VERIFIED,REVIEW,Remote Instagram card; verify reel subject visually before using as proof.
/eczema_skin_science_las_vegas_authority_guide/,tattoo,Real heal documentation,image,/healed_tattoo_gallery_las_vegas/fresh-all-seeing-eye-triangle-forearm-joshua-cole-las-vegas.webp,,Tattoo skin science close-up Fresh tattoo surface detail — the epidermis is irritated while pigment is placed below it.,Joshua Cole,YES,4,LIKELY,KEEP,Tattoo visual supports tattoo page.
/eczema_skin_science_las_vegas_authority_guide/,tattoo,Real heal documentation,image,/healed_tattoo_gallery_las_vegas/fresh-all-seeing-eye-triangle-forearm-joshua-cole-las-vegas.png,Tattoo skin science close-up — Tattoo skin science — Work of Art Las Vegas,Tattoo skin science close-up Fresh tattoo surface detail — the epidermis is irritated while pigment is placed below it.,Joshua Cole,YES,4,LIKELY,KEEP,Tattoo visual supports tattoo page.
/eczema_skin_science_las_vegas_authority_guide/,tattoo,Real heal documentation,image,/tattoo_healing_before_after_real_results/eagle-memorial-calf-fresh-tattoo-las-vegas.webp,,"Healing week 1 Early tattoo healing reference — surface shine, tightness, and light texture can change how value reads.",,YES,4,UNKNOWN,KEEP,Tattoo visual supports tattoo page.
/eczema_skin_science_las_vegas_authority_guide/,tattoo,Real heal documentation,image,/tattoo_healing_before_after_real_results/eagle-memorial-calf-fresh-tattoo-las-vegas.png,Healing week 1 — Tattoo skin science — Work of Art Las Vegas,"Healing week 1 Early tattoo healing reference — surface shine, tightness, and light texture can change how value reads.",,YES,4,UNKNOWN,KEEP,Tattoo visual supports tattoo page.
/eczema_skin_science_las_vegas_authority_guide/,tattoo,Real heal documentation,image,/tattoo_healing_before_after_real_results/eagle-memorial-calf-fresh-vs-healed-comparison-las-vegas.webp,,Healing month 2 Fresh vs settled tattoo comparison — useful for explaining how the surface calms while pigment remains.,,YES,4,UNKNOWN,KEEP,Tattoo visual supports tattoo page.
/eczema_skin_science_las_vegas_authority_guide/,tattoo,Real heal documentation,image,/tattoo_healing_before_after_real_results/eagle-memorial-calf-fresh-vs-healed-comparison-las-vegas.png,Healing month 2 — Tattoo skin science — Work of Art Las Vegas,Healing month 2 Fresh vs settled tattoo comparison — useful for explaining how the surface calms while pigment remains.,,YES,4,UNKNOWN,KEEP,Tattoo visual supports tattoo page.
/eczema_skin_science_las_vegas_authority_guide/,tattoo,Real heal documentation,image,/healed_tattoo_gallery_las_vegas/healed-3-month-roaring-lion-thigh-joshua-cole-las-vegas.webp,,Settled heal Settled black and grey tattoo detail — healed contrast is what matters for long-term readability.,Joshua Cole,YES,4,LIKELY,KEEP,Tattoo visual supports tattoo page.
/eczema_skin_science_las_vegas_authority_guide/,tattoo,Real heal documentation,image,/healed_tattoo_gallery_las_vegas/healed-3-month-roaring-lion-thigh-joshua-cole-las-vegas.png,Settled heal — Tattoo skin science — Work of Art Las Vegas,Settled heal Settled black and grey tattoo detail — healed contrast is what matters for long-term readability.,Joshua Cole,YES,4,LIKELY,KEEP,Tattoo visual supports tattoo page.
/eczema_skin_science_las_vegas_authority_guide/,tattoo,Real heal documentation,image,/home_work_of_art_tattoo_piercing/client-portfolio/skull-hourglass-forearm-realism-fresh-las-vegas.webp,,"Fresh redness Day-zero tattoo surface redness — shown as healing context, not as finished portfolio proof.",Joshua Cole,YES,4,LIKELY,KEEP,Tattoo visual supports tattoo page.
/eczema_skin_science_las_vegas_authority_guide/,tattoo,Real heal documentation,image,/home_work_of_art_tattoo_piercing/client-portfolio/skull-hourglass-forearm-realism-fresh-las-vegas.png,Fresh redness — Tattoo skin science — Work of Art Las Vegas,"Fresh redness Day-zero tattoo surface redness — shown as healing context, not as finished portfolio proof.",Joshua Cole,YES,4,LIKELY,KEEP,Tattoo visual supports tattoo page.
/eczema_skin_science_las_vegas_authority_guide/,tattoo,,video,https://www.googletagmanager.com/ns.html?id=GTM-TZTQSQBB,,,,NO,3,UNKNOWN,REVIEW,Generic studio creative; acceptable when not used as portfolio proof.
/eczema_skin_science_las_vegas_authority_guide/,tattoo,Book a consult,video,https://www.instagram.com/reel/C3GjVCdLUQ9/,▶ Piercing session — studio reel In-studio with professional piercer Katelyn Cole. Watch on Instagram,▶ Piercing session — studio reel In-studio with professional piercer Katelyn Cole. Watch on Instagram,Katelyn Cole,YES,3,VERIFIED,REVIEW,Remote Instagram card; verify reel subject visually before using as proof.
/epidermis_skin_science_las_vegas_authority_guide/,tattoo skin science/healing,Real heal documentation,image,/healed_tattoo_gallery_las_vegas/fresh-all-seeing-eye-triangle-forearm-joshua-cole-las-vegas.webp,,Tattoo skin science close-up Fresh tattoo surface detail — the epidermis is irritated while pigment is placed below it.,Joshua Cole,YES,4,LIKELY,KEEP,Tattoo visual supports skin/healing explanation.
/epidermis_skin_science_las_vegas_authority_guide/,tattoo skin science/healing,Real heal documentation,image,/healed_tattoo_gallery_las_vegas/fresh-all-seeing-eye-triangle-forearm-joshua-cole-las-vegas.png,Tattoo skin science close-up — Tattoo skin science — Work of Art Las Vegas,Tattoo skin science close-up Fresh tattoo surface detail — the epidermis is irritated while pigment is placed below it.,Joshua Cole,YES,4,LIKELY,KEEP,Tattoo visual supports skin/healing explanation.
/epidermis_skin_science_las_vegas_authority_guide/,tattoo skin science/healing,Real heal documentation,image,/tattoo_healing_before_after_real_results/eagle-memorial-calf-fresh-tattoo-las-vegas.webp,,"Healing week 1 Early tattoo healing reference — surface shine, tightness, and light texture can change how value reads.",,YES,4,UNKNOWN,KEEP,Tattoo visual supports skin/healing explanation.
/epidermis_skin_science_las_vegas_authority_guide/,tattoo skin science/healing,Real heal documentation,image,/tattoo_healing_before_after_real_results/eagle-memorial-calf-fresh-tattoo-las-vegas.png,Healing week 1 — Tattoo skin science — Work of Art Las Vegas,"Healing week 1 Early tattoo healing reference — surface shine, tightness, and light texture can change how value reads.",,YES,4,UNKNOWN,KEEP,Tattoo visual supports skin/healing explanation.
/epidermis_skin_science_las_vegas_authority_guide/,tattoo skin science/healing,Real heal documentation,image,/tattoo_healing_before_after_real_results/eagle-memorial-calf-fresh-vs-healed-comparison-las-vegas.webp,,Healing month 2 Fresh vs settled tattoo comparison — useful for explaining how the surface calms while pigment remains.,,YES,4,UNKNOWN,KEEP,Tattoo visual supports skin/healing explanation.
/epidermis_skin_science_las_vegas_authority_guide/,tattoo skin science/healing,Real heal documentation,image,/tattoo_healing_before_after_real_results/eagle-memorial-calf-fresh-vs-healed-comparison-las-vegas.png,Healing month 2 — Tattoo skin science — Work of Art Las Vegas,Healing month 2 Fresh vs settled tattoo comparison — useful for explaining how the surface calms while pigment remains.,,YES,4,UNKNOWN,KEEP,Tattoo visual supports skin/healing explanation.
/epidermis_skin_science_las_vegas_authority_guide/,tattoo skin science/healing,Real heal documentation,image,/healed_tattoo_gallery_las_vegas/healed-3-month-roaring-lion-thigh-joshua-cole-las-vegas.webp,,Settled heal Settled black and grey tattoo detail — healed contrast is what matters for long-term readability.,Joshua Cole,YES,4,LIKELY,KEEP,Tattoo visual supports skin/healing explanation.
/epidermis_skin_science_las_vegas_authority_guide/,tattoo skin science/healing,Real heal documentation,image,/healed_tattoo_gallery_las_vegas/healed-3-month-roaring-lion-thigh-joshua-cole-las-vegas.png,Settled heal — Tattoo skin science — Work of Art Las Vegas,Settled heal Settled black and grey tattoo detail — healed contrast is what matters for long-term readability.,Joshua Cole,YES,4,LIKELY,KEEP,Tattoo visual supports skin/healing explanation.
/epidermis_skin_science_las_vegas_authority_guide/,tattoo skin science/healing,Real heal documentation,image,/home_work_of_art_tattoo_piercing/client-portfolio/skull-hourglass-forearm-realism-fresh-las-vegas.webp,,"Fresh redness Day-zero tattoo surface redness — shown as healing context, not as finished portfolio proof.",Joshua Cole,YES,1,LIKELY,REPLACE,Piercing imagery on tattoo skin-science page.
/epidermis_skin_science_las_vegas_authority_guide/,tattoo skin science/healing,Real heal documentation,image,/home_work_of_art_tattoo_piercing/client-portfolio/skull-hourglass-forearm-realism-fresh-las-vegas.png,Fresh redness — Tattoo skin science — Work of Art Las Vegas,"Fresh redness Day-zero tattoo surface redness — shown as healing context, not as finished portfolio proof.",Joshua Cole,YES,1,LIKELY,REPLACE,Piercing imagery on tattoo skin-science page.
/epidermis_skin_science_las_vegas_authority_guide/,tattoo skin science/healing,,video,https://www.googletagmanager.com/ns.html?id=GTM-TZTQSQBB,,,,NO,2,UNKNOWN,REVIEW,Weak skin-science support.
/epidermis_skin_science_las_vegas_authority_guide/,tattoo skin science/healing,Book a consult,video,https://www.instagram.com/reel/C3GjVCdLUQ9/,▶ Piercing session — studio reel In-studio with professional piercer Katelyn Cole. Watch on Instagram,▶ Piercing session — studio reel In-studio with professional piercer Katelyn Cole. Watch on Instagram,Katelyn Cole,YES,3,VERIFIED,REVIEW,Remote Instagram card; verify reel subject visually before using as proof.
/eyebrow_piercing_las_vegas_authority_guide/,piercing,Real heal documentation,image,/studio_gallery/labret-and-eyebrow-piercing-closeup-c6159742.webp,,Eyebrow close-up Placement and angle marked for your anatomy — starter jewelry sized for swelling.,Katelyn Cole,YES,5,VERIFIED,KEEP,Piercing visual matches page intent.
/eyebrow_piercing_las_vegas_authority_guide/,piercing,Real heal documentation,image,/studio_gallery/labret-and-eyebrow-piercing-closeup-c6159742.png,Eyebrow close-up — Eyebrow — Work of Art Las Vegas,Eyebrow close-up Placement and angle marked for your anatomy — starter jewelry sized for swelling.,Katelyn Cole,YES,5,VERIFIED,KEEP,Piercing visual matches page intent.
/eyebrow_piercing_las_vegas_authority_guide/,piercing,Real heal documentation,image,/studio_gallery/facial-piercing-work-c65aaed1.webp,,"Healing week 1 Days 3–7: light crusties, tenderness, and a longer post on purpose — do not shorten jewelry at home.",Katelyn Cole,YES,5,VERIFIED,KEEP,Piercing visual matches page intent.
/eyebrow_piercing_las_vegas_authority_guide/,piercing,Real heal documentation,image,/studio_gallery/facial-piercing-work-c65aaed1.png,Healing week 1 — Eyebrow — Work of Art Las Vegas,"Healing week 1 Days 3–7: light crusties, tenderness, and a longer post on purpose — do not shorten jewelry at home.",Katelyn Cole,YES,5,VERIFIED,KEEP,Piercing visual matches page intent.
/eyebrow_piercing_las_vegas_authority_guide/,piercing,Real heal documentation,image,/studio_gallery/curated-facial-piercing-jewelry-display-7d759759.webp,,Healing month 2 Around 6–8 weeks swelling drops — this is when downsizing protects the angle and prevents bumps.,Katelyn Cole,YES,5,VERIFIED,KEEP,Piercing visual matches page intent.
/eyebrow_piercing_las_vegas_authority_guide/,piercing,Real heal documentation,image,/studio_gallery/curated-facial-piercing-jewelry-display-7d759759.png,Healing month 2 — Eyebrow — Work of Art Las Vegas,Healing month 2 Around 6–8 weeks swelling drops — this is when downsizing protects the angle and prevents bumps.,Katelyn Cole,YES,5,VERIFIED,KEEP,Piercing visual matches page intent.
/eyebrow_piercing_las_vegas_authority_guide/,piercing,Real heal documentation,image,/studio_gallery/jewelry-upgrade-86d3f26f.webp,,"Jewelry change Downsize to a shorter post or swap ends once the fistula is stable — booked as a check-in, not a mall kiosk.",Katelyn Cole,YES,5,VERIFIED,KEEP,Piercing visual matches page intent.
/eyebrow_piercing_las_vegas_authority_guide/,piercing,Real heal documentation,image,/studio_gallery/jewelry-upgrade-86d3f26f.png,Jewelry change — Eyebrow — Work of Art Las Vegas,"Jewelry change Downsize to a shorter post or swap ends once the fistula is stable — booked as a check-in, not a mall kiosk.",Katelyn Cole,YES,5,VERIFIED,KEEP,Piercing visual matches page intent.
/eyebrow_piercing_las_vegas_authority_guide/,piercing,,video,https://www.googletagmanager.com/ns.html?id=GTM-TZTQSQBB,,,,NO,3,UNKNOWN,REVIEW,Generic asset on piercing page.
/eyebrow_piercing_las_vegas_authority_guide/,piercing,Related piercing guides,video,https://www.instagram.com/reel/C78fY1quCVF/,▶ Katelyn Cole — piercing in the studio Watch Katelyn at Work of Art — calm ear curation and piercing placement in Las Vegas. Watch on Instagram,▶ Katelyn Cole — piercing in the studio Watch Katelyn at Work of Art — calm ear curation and piercing placement in Las Vegas. Watch on Instagram,Katelyn Cole,YES,3,VERIFIED,REVIEW,Remote Instagram card; verify reel subject visually before using as proof.
/facial_piercing_guide_las_vegas/,piercing,Real heal documentation,image,/studio_gallery/nostril-stud-on-smiling-client-dd626b1d.webp,,Facial piercing close-up Placement and angle marked for your anatomy — starter jewelry sized for swelling.,Katelyn Cole,YES,5,VERIFIED,KEEP,Piercing visual matches page intent.
/facial_piercing_guide_las_vegas/,piercing,Real heal documentation,image,/studio_gallery/nostril-stud-on-smiling-client-dd626b1d.png,Facial piercing close-up — Facial piercing — Work of Art Las Vegas,Facial piercing close-up Placement and angle marked for your anatomy — starter jewelry sized for swelling.,Katelyn Cole,YES,5,VERIFIED,KEEP,Piercing visual matches page intent.
/facial_piercing_guide_las_vegas/,piercing,Real heal documentation,image,/studio_gallery/facial-piercing-work-c65aaed1.webp,,"Healing week 1 Days 3–7: tenderness around nostril, eyebrow, or bridge — keep hands off and saline only.",Katelyn Cole,YES,5,VERIFIED,KEEP,Piercing visual matches page intent.
/facial_piercing_guide_las_vegas/,piercing,Real heal documentation,image,/studio_gallery/facial-piercing-work-c65aaed1.png,Healing week 1 — Facial piercing — Work of Art Las Vegas,"Healing week 1 Days 3–7: tenderness around nostril, eyebrow, or bridge — keep hands off and saline only.",Katelyn Cole,YES,5,VERIFIED,KEEP,Piercing visual matches page intent.
/facial_piercing_guide_las_vegas/,piercing,Real heal documentation,image,/studio_gallery/curated-facial-piercing-jewelry-display-7d759759.webp,,Healing month 2 Healed facial work — shorter posts and decorative ends once swelling is gone.,Katelyn Cole,YES,5,VERIFIED,KEEP,Piercing visual matches page intent.
/facial_piercing_guide_las_vegas/,piercing,Real heal documentation,image,/studio_gallery/curated-facial-piercing-jewelry-display-7d759759.png,Healing month 2 — Facial piercing — Work of Art Las Vegas,Healing month 2 Healed facial work — shorter posts and decorative ends once swelling is gone.,Katelyn Cole,YES,5,VERIFIED,KEEP,Piercing visual matches page intent.
/facial_piercing_guide_las_vegas/,piercing,Real heal documentation,image,/studio_gallery/labret-and-eyebrow-piercing-closeup-c6159742.webp,,Swelling example Starter jewelry sits long so tissue is not pulled inward — embedding happens when posts are too short too soon.,Katelyn Cole,YES,5,VERIFIED,KEEP,Piercing visual matches page intent.
/facial_piercing_guide_las_vegas/,piercing,Real heal documentation,image,/studio_gallery/labret-and-eyebrow-piercing-closeup-c6159742.png,Swelling example — Facial piercing — Work of Art Las Vegas,Swelling example Starter jewelry sits long so tissue is not pulled inward — embedding happens when posts are too short too soon.,Katelyn Cole,YES,5,VERIFIED,KEEP,Piercing visual matches page intent.
/facial_piercing_guide_las_vegas/,piercing,,video,https://www.googletagmanager.com/ns.html?id=GTM-TZTQSQBB,,,,NO,3,UNKNOWN,REVIEW,Generic asset on piercing page.
/facial_piercing_guide_las_vegas/,piercing,Real heal documentation,video,https://www.instagram.com/reel/C78fY1quCVF/,▶ Katelyn Cole — piercing in the studio Watch Katelyn at Work of Art — calm ear curation and piercing placement in Las Vegas. Watch on Instagram,▶ Katelyn Cole — piercing in the studio Watch Katelyn at Work of Art — calm ear curation and piercing placement in Las Vegas. Watch on Instagram,Katelyn Cole,YES,3,VERIFIED,REVIEW,Remote Instagram card; verify reel subject visually before using as proof.
/fine_line_tattoos_las_vegas_master_authority_guide/,fine-line tattoo,,image,https://lh3.googleusercontent.com/aida/ADBb0uij5pOKtUtXQr25aB5puRbqIi-Ji_RoXhr6ZE2-cdRjBJS3iEVTuYANMyjgbUU11QN7N1sbKe4wFSLHu7XaMRuT7_yHoHKFgoucDvgF6iG4KvB2BW4x1nKBLe6PBL9dJ6Oq4eHLGfXGYIa06j9h3BFLC2dDAVln9-nyhKwNIH2dpBgi3B9MmD9P_78WB0W1wgilXMKHE_OnpK8pQFK_9T4srinB20SnpQQVdAIOd4xaoix9cPQkwFd7bg4_EaJpGiiNQkLRak6jXQ,"Tattoo artist workspace, Work of Art Tattoo & Piercing, Las Vegas",,,NO,3,GENERATED/DECORATIVE,REVIEW,Tattoo visual is generic for fine-line intent.
/fine_line_tattoos_las_vegas_master_authority_guide/,fine-line tattoo,The Ghosting Phenomenon,image,https://lh3.googleusercontent.com/aida/ADBb0uipmb723pZnzPYAGxJCj2HD0RvjdHhvyrJ6ttHFu6WlTGbdZvXK8JwhgRrnyDzAzHCWzKypcWbVQQViLWV7Ikpqhl62Tf6g-vMYmpHgOk5PpfRdK5E-imuTdyE50ScBZxcuCDyF8c0WfDi37lMde89GAOcfw7N7Dj1NFavs5SvdXIcA9PSODN4nHtWYzGlLRfgsWP38cBwR-1lEpGz9p-tZzxhaNeHplv7fbSDF5y7t20nGrsEwoJQ61RhL,"Microscopic needle precision, Work of Art Tattoo & Piercing, Las Vegas",,,NO,3,GENERATED/DECORATIVE,REVIEW,Tattoo visual is generic for fine-line intent.
/fine_line_tattoos_las_vegas_master_authority_guide/,fine-line tattoo,The Ghosting Phenomenon,image,https://lh3.googleusercontent.com/aida/ADBb0ugzhUamW0a61RKYIoDLfKxVe7P7iO24iINB7jsdRajTIC7DFQ_MHn0ArkhBtKgP6VNa_4K1bH2H87UkulCD9HU9loD8I6QhHtt_Br884DSfZX3AXXAA-gNwAtzYBpiuQ00O26G9X7dcL1Ryc2XefKEeRKTub_K8DI-0jMUrA0mdsoT-uUjq3StHpFXNpjdawws-miM_CKF-CjpIv0IqGoQZyM2ZjFQ9UJs_pRMLL6AOHqR9znj3_DH0q72HXa4aeFrvqBJO78ML28Y,"Fine line healing detail, Work of Art Tattoo & Piercing, Las Vegas",,,NO,5,GENERATED/DECORATIVE,KEEP,Fine-line/script/small tattoo visual matches page intent.
/fine_line_tattoos_las_vegas_master_authority_guide/,fine-line tattoo,Real heal documentation,image,/studio_gallery/fine-line-ankle-tattoos-trio-ee57f2a6.webp,,Fine line close-up Fine-line ankle tattoos from the studio gallery — scale and spacing are the proof here.,,YES,5,UNKNOWN,KEEP,Fine-line/script/small tattoo visual matches page intent.
/fine_line_tattoos_las_vegas_master_authority_guide/,fine-line tattoo,Real heal documentation,image,/studio_gallery/fine-line-ankle-tattoos-trio-ee57f2a6.png,Fine line close-up — Fine line — Work of Art Las Vegas,Fine line close-up Fine-line ankle tattoos from the studio gallery — scale and spacing are the proof here.,,YES,5,UNKNOWN,KEEP,Fine-line/script/small tattoo visual matches page intent.
/fine_line_tattoos_las_vegas_master_authority_guide/,fine-line tattoo,Real heal documentation,image,/studio_gallery/fine-line-howling-werewolf-ankle-7ea2af20.webp,,Healing week 1 Small fine-line ankle work — readable subject matter without packing too much detail into the placement.,,YES,5,UNKNOWN,KEEP,Fine-line/script/small tattoo visual matches page intent.
/fine_line_tattoos_las_vegas_master_authority_guide/,fine-line tattoo,Real heal documentation,image,/studio_gallery/fine-line-howling-werewolf-ankle-7ea2af20.png,Healing week 1 — Fine line — Work of Art Las Vegas,Healing week 1 Small fine-line ankle work — readable subject matter without packing too much detail into the placement.,,YES,5,UNKNOWN,KEEP,Fine-line/script/small tattoo visual matches page intent.
/fine_line_tattoos_las_vegas_master_authority_guide/,fine-line tattoo,Real heal documentation,image,/studio_gallery/beauty-script-roses-inner-forearm-195a396a.webp,,Healing month 2 Script and rose detail — lettering needs enough spacing to stay readable after the skin settles.,,YES,5,UNKNOWN,KEEP,Fine-line/script/small tattoo visual matches page intent.
/fine_line_tattoos_las_vegas_master_authority_guide/,fine-line tattoo,Real heal documentation,image,/studio_gallery/beauty-script-roses-inner-forearm-195a396a.png,Healing month 2 — Fine line — Work of Art Las Vegas,Healing month 2 Script and rose detail — lettering needs enough spacing to stay readable after the skin settles.,,YES,5,UNKNOWN,KEEP,Fine-line/script/small tattoo visual matches page intent.
/fine_line_tattoos_las_vegas_master_authority_guide/,fine-line tattoo,Real heal documentation,image,/healed_tattoo_gallery_las_vegas/healed-1-year-cross-eye-skull-outer-forearm-joshua-cole-las-vegas.webp,,Settled heal Settled line-and-shade reference from healed studio documentation.,Joshua Cole,YES,3,LIKELY,REVIEW,Tattoo visual is generic for fine-line intent.
/fine_line_tattoos_las_vegas_master_authority_guide/,fine-line tattoo,Real heal documentation,image,/healed_tattoo_gallery_las_vegas/healed-1-year-cross-eye-skull-outer-forearm-joshua-cole-las-vegas.png,Settled heal — Fine line — Work of Art Las Vegas,Settled heal Settled line-and-shade reference from healed studio documentation.,Joshua Cole,YES,5,LIKELY,KEEP,Fine-line/script/small tattoo visual matches page intent.
/fine_line_tattoos_las_vegas_master_authority_guide/,fine-line tattoo,Real heal documentation,image,/healed_tattoo_gallery_las_vegas/fresh-all-seeing-eye-triangle-forearm-joshua-cole-las-vegas.webp,,"Fresh redness Fresh tattoo surface detail shown later as healing context, not as the lead fine-line proof.",Joshua Cole,YES,5,LIKELY,KEEP,Fine-line/script/small tattoo visual matches page intent.
/fine_line_tattoos_las_vegas_master_authority_guide/,fine-line tattoo,Real heal documentation,image,/healed_tattoo_gallery_las_vegas/fresh-all-seeing-eye-triangle-forearm-joshua-cole-las-vegas.png,Fresh redness — Fine line — Work of Art Las Vegas,"Fresh redness Fresh tattoo surface detail shown later as healing context, not as the lead fine-line proof.",Joshua Cole,YES,5,LIKELY,KEEP,Fine-line/script/small tattoo visual matches page intent.
/fine_line_tattoos_las_vegas_master_authority_guide/,fine-line tattoo,,video,https://www.googletagmanager.com/ns.html?id=GTM-TZTQSQBB,,,,NO,1,UNKNOWN,REPLACE,Non-tattoo image on fine-line tattoo page.
/fine_line_tattoos_las_vegas_master_authority_guide/,fine-line tattoo,Questions clients ask,video,https://www.instagram.com/reel/C0nNwUkRHz6/,▶ Jewelry & placement — studio reel Jewelry fit and anatomical placement. Watch on Instagram,▶ Jewelry & placement — studio reel Jewelry fit and anatomical placement. Watch on Instagram,,NO,3,UNKNOWN,REVIEW,Remote Instagram card; verify reel subject visually before using as proof.
/flash_art_deals_under_100/,tattoo,,image,/flash_art_deals_under_100/flash-fine-line-symbolic-sheet.webp,,,,YES,4,UNKNOWN,KEEP,Tattoo visual supports tattoo page.
/flash_art_deals_under_100/,tattoo,,image,/flash_art_deals_under_100/flash-fine-line-symbolic-sheet.png,"Flash tattoo designs under $100 — Work of Art Las Vegas, Work of Art Tattoo & Piercing, Las Vegas",,,YES,4,UNKNOWN,KEEP,Tattoo visual supports tattoo page.
/flash_art_deals_under_100/,tattoo,Current flash sheets,image,/flash_art_deals_under_100/flash-fine-line-symbolic-sheet.webp,,"Rose, moon, hands, candle, and geometric mini flash — clean linework for first tattoos, Teralyn-style fineline floral work, script pairings, and small placements.",Teralyn,YES,4,VERIFIED,KEEP,Tattoo visual supports tattoo page.
/flash_art_deals_under_100/,tattoo,Current flash sheets,image,/flash_art_deals_under_100/flash-fine-line-symbolic-sheet.png,"Fine line · symbolic — palm-size flash tattoo under $100, Work of Art Las Vegas, Work of Art Tattoo & Piercing, Las Vegas","Rose, moon, hands, candle, and geometric mini flash — clean linework for first tattoos, Teralyn-style fineline floral work, script pairings, and small placements.",Teralyn,YES,4,VERIFIED,KEEP,Tattoo visual supports tattoo page.
/flash_art_deals_under_100/,tattoo,Fine line · symbolic,image,/flash_art_deals_under_100/flash-traditional-blackwork-sheet.webp,,"Skull, lion, compass, dagger & rose, wolf, bear, and ace of spades — bold silhouettes sized for palm placements.",,YES,4,UNKNOWN,KEEP,Tattoo visual supports tattoo page.
/flash_art_deals_under_100/,tattoo,Fine line · symbolic,image,/flash_art_deals_under_100/flash-traditional-blackwork-sheet.png,"Traditional blackwork mini flash — palm-size flash tattoo under $100, Work of Art Las Vegas, Work of Art Tattoo & Piercing, Las Vegas","Skull, lion, compass, dagger & rose, wolf, bear, and ace of spades — bold silhouettes sized for palm placements.",,YES,4,UNKNOWN,KEEP,Tattoo visual supports tattoo page.
/flash_art_deals_under_100/,tattoo,Traditional blackwork mini flash,image,/flash_art_deals_under_100/flash-mystical-nature-4-sheet.webp,,"Moon & roses, wolf portrait, crystal cluster, and potion bottle — illustrative black and grey flash.",,YES,4,UNKNOWN,KEEP,Tattoo visual supports tattoo page.
/flash_art_deals_under_100/,tattoo,Traditional blackwork mini flash,image,/flash_art_deals_under_100/flash-mystical-nature-4-sheet.png,"Mystical nature · 4 designs — palm-size flash tattoo under $100, Work of Art Las Vegas, Work of Art Tattoo & Piercing, Las Vegas","Moon & roses, wolf portrait, crystal cluster, and potion bottle — illustrative black and grey flash.",,YES,4,UNKNOWN,KEEP,Tattoo visual supports tattoo page.
/flash_art_deals_under_100/,tattoo,Mystical nature · 4 designs,image,/flash_art_deals_under_100/flash-dagger-skull-rose-sheet.webp,,Nine classic dagger-and-skull compositions with roses — pick one motif for a quick session.,,YES,4,UNKNOWN,KEEP,Tattoo visual supports tattoo page.
/flash_art_deals_under_100/,tattoo,Mystical nature · 4 designs,image,/flash_art_deals_under_100/flash-dagger-skull-rose-sheet.png,"Dagger · skull · rose set — palm-size flash tattoo under $100, Work of Art Las Vegas, Work of Art Tattoo & Piercing, Las Vegas",Nine classic dagger-and-skull compositions with roses — pick one motif for a quick session.,,YES,4,UNKNOWN,KEEP,Tattoo visual supports tattoo page.
/flash_art_deals_under_100/,tattoo,Dagger · skull · rose set,image,/flash_art_deals_under_100/flash-gothic-nature-sheet.webp,,"Ladybug, spider web, spectacles, skull & roses, magnifying glass — detailed but palm-scale.",,YES,4,UNKNOWN,KEEP,Tattoo visual supports tattoo page.
/flash_art_deals_under_100/,tattoo,Dagger · skull · rose set,image,/flash_art_deals_under_100/flash-gothic-nature-sheet.png,"Gothic nature flash — palm-size flash tattoo under $100, Work of Art Las Vegas, Work of Art Tattoo & Piercing, Las Vegas","Ladybug, spider web, spectacles, skull & roses, magnifying glass — detailed but palm-scale.",,YES,4,UNKNOWN,KEEP,Tattoo visual supports tattoo page.
/flash_art_deals_under_100/,tattoo,Gothic nature flash,image,/flash_art_deals_under_100/flash-floral-classic-4-sheet.webp,,"Lilies, skull & roses, crescent moon floral, and wildflower vase — feminine fine-line options.",,YES,4,UNKNOWN,KEEP,Tattoo visual supports tattoo page.
/flash_art_deals_under_100/,tattoo,Gothic nature flash,image,/flash_art_deals_under_100/flash-floral-classic-4-sheet.png,"Classic floral · 4 designs — palm-size flash tattoo under $100, Work of Art Las Vegas, Work of Art Tattoo & Piercing, Las Vegas","Lilies, skull & roses, crescent moon floral, and wildflower vase — feminine fine-line options.",,YES,4,UNKNOWN,KEEP,Tattoo visual supports tattoo page.
/flash_art_deals_under_100/,tattoo,Classic floral · 4 designs,image,/flash_art_deals_under_100/flash-floral-duo-sheet.webp,,Peony cluster and classic rose — two standalone palm pieces on one sheet.,,YES,4,UNKNOWN,KEEP,Tattoo visual supports tattoo page.
/flash_art_deals_under_100/,tattoo,Classic floral · 4 designs,image,/flash_art_deals_under_100/flash-floral-duo-sheet.png,"Floral duo — palm-size flash tattoo under $100, Work of Art Las Vegas, Work of Art Tattoo & Piercing, Las Vegas",Peony cluster and classic rose — two standalone palm pieces on one sheet.,,YES,4,UNKNOWN,KEEP,Tattoo visual supports tattoo page.
/flash_art_deals_under_100/,tattoo,Floral duo,image,/flash_art_deals_under_100/flash-insect-crystal-sheet.webp,,"Beetles, praying mantis, crescent moon, and quartz — mystical nature flash.",,YES,4,UNKNOWN,KEEP,Tattoo visual supports tattoo page.
/flash_art_deals_under_100/,tattoo,Floral duo,image,/flash_art_deals_under_100/flash-insect-crystal-sheet.png,"Insects & crystals — palm-size flash tattoo under $100, Work of Art Las Vegas, Work of Art Tattoo & Piercing, Las Vegas","Beetles, praying mantis, crescent moon, and quartz — mystical nature flash.",,YES,4,UNKNOWN,KEEP,Tattoo visual supports tattoo page.
/flash_art_deals_under_100/,tattoo,Insects & crystals,image,/flash_art_deals_under_100/flash-animal-geometric-sheet.webp,,"Skull & feather, framed lion, owl on moon, celestial triangles, howling wolf, double feathers.",,YES,4,UNKNOWN,KEEP,Tattoo visual supports tattoo page.
/flash_art_deals_under_100/,tattoo,Insects & crystals,image,/flash_art_deals_under_100/flash-animal-geometric-sheet.png,"Animals & geometry — palm-size flash tattoo under $100, Work of Art Las Vegas, Work of Art Tattoo & Piercing, Las Vegas","Skull & feather, framed lion, owl on moon, celestial triangles, howling wolf, double feathers.",,YES,4,UNKNOWN,KEEP,Tattoo visual supports tattoo page.
/flash_art_deals_under_100/,tattoo,Animals & geometry,image,/flash_art_deals_under_100/flash-botanical-celestial-sheet.webp,,"Rose, peony, daisy, moon & roses, lily, sunflower, and vase bouquet — floral flash row.",,YES,4,UNKNOWN,KEEP,Tattoo visual supports tattoo page.
/flash_art_deals_under_100/,tattoo,Animals & geometry,image,/flash_art_deals_under_100/flash-botanical-celestial-sheet.png,"Botanical & celestial — palm-size flash tattoo under $100, Work of Art Las Vegas, Work of Art Tattoo & Piercing, Las Vegas","Rose, peony, daisy, moon & roses, lily, sunflower, and vase bouquet — floral flash row.",,YES,4,UNKNOWN,KEEP,Tattoo visual supports tattoo page.
/flash_art_deals_under_100/,tattoo,Botanical & celestial,image,/flash_art_deals_under_100/flash-potion-bottles-sheet.webp,,"Four potion flask designs with candles, crystals, and spellbook accents.",,YES,4,UNKNOWN,KEEP,Tattoo visual supports tattoo page.
/flash_art_deals_under_100/,tattoo,Botanical & celestial,image,/flash_art_deals_under_100/flash-potion-bottles-sheet.png,"Potion bottles · witchy — palm-size flash tattoo under $100, Work of Art Las Vegas, Work of Art Tattoo & Piercing, Las Vegas","Four potion flask designs with candles, crystals, and spellbook accents.",,YES,4,UNKNOWN,KEEP,Tattoo visual supports tattoo page.
/flash_art_deals_under_100/,tattoo,Potion bottles · witchy,image,/flash_art_deals_under_100/flash-wine-lovers-sheet.webp,,"Bottle, glass, grapes, cheese, and basket still-life mini designs.",,YES,4,UNKNOWN,KEEP,Tattoo visual supports tattoo page.
/flash_art_deals_under_100/,tattoo,Potion bottles · witchy,image,/flash_art_deals_under_100/flash-wine-lovers-sheet.png,"Wine lovers flash — palm-size flash tattoo under $100, Work of Art Las Vegas, Work of Art Tattoo & Piercing, Las Vegas","Bottle, glass, grapes, cheese, and basket still-life mini designs.",,YES,4,UNKNOWN,KEEP,Tattoo visual supports tattoo page.
/flash_art_deals_under_100/,tattoo,Wine lovers flash,image,/flash_art_deals_under_100/flash-skull-insect-sheet.webp,,"Nine skull designs with beetles, bees, moths, roses, and daggers.",,YES,4,UNKNOWN,KEEP,Tattoo visual supports tattoo page.
/flash_art_deals_under_100/,tattoo,Wine lovers flash,image,/flash_art_deals_under_100/flash-skull-insect-sheet.png,"Skull & insect grid — palm-size flash tattoo under $100, Work of Art Las Vegas, Work of Art Tattoo & Piercing, Las Vegas","Nine skull designs with beetles, bees, moths, roses, and daggers.",,YES,4,UNKNOWN,KEEP,Tattoo visual supports tattoo page.
/flash_art_deals_under_100/,tattoo,Skull & insect grid,image,/flash_art_deals_under_100/flash-feather-charms-sheet.webp,,"Four feather designs with moon, star, and bead dangle details.",,YES,4,UNKNOWN,KEEP,Tattoo visual supports tattoo page.
/flash_art_deals_under_100/,tattoo,Skull & insect grid,image,/flash_art_deals_under_100/flash-feather-charms-sheet.png,"Feather & charm flash — palm-size flash tattoo under $100, Work of Art Las Vegas, Work of Art Tattoo & Piercing, Las Vegas","Four feather designs with moon, star, and bead dangle details.",,YES,4,UNKNOWN,KEEP,Tattoo visual supports tattoo page.
/flash_art_deals_under_100/,tattoo,Feather & charm flash,image,/flash_art_deals_under_100/flash-mantis-mystical-sheet.webp,,"Four praying mantis scenes — crystal ball, wizard hat, tarot, and potion bottle.",,YES,4,UNKNOWN,KEEP,Tattoo visual supports tattoo page.
/flash_art_deals_under_100/,tattoo,Feather & charm flash,image,/flash_art_deals_under_100/flash-mantis-mystical-sheet.png,"Mystical mantis set — palm-size flash tattoo under $100, Work of Art Las Vegas, Work of Art Tattoo & Piercing, Las Vegas","Four praying mantis scenes — crystal ball, wizard hat, tarot, and potion bottle.",,YES,4,UNKNOWN,KEEP,Tattoo visual supports tattoo page.
/flash_art_deals_under_100/,tattoo,Mystical mantis set,image,/flash_art_deals_under_100/flash-color-potion-sheet.webp,,"Four small color potion bottles — pink, gold, blue, and purple with floral accents.",,YES,4,UNKNOWN,KEEP,Tattoo visual supports tattoo page.
/flash_art_deals_under_100/,tattoo,Mystical mantis set,image,/flash_art_deals_under_100/flash-color-potion-sheet.png,"Color potion flash — palm-size flash tattoo under $100, Work of Art Las Vegas, Work of Art Tattoo & Piercing, Las Vegas","Four small color potion bottles — pink, gold, blue, and purple with floral accents.",,YES,4,UNKNOWN,KEEP,Tattoo visual supports tattoo page.
/flash_art_deals_under_100/,tattoo,Jewelry & placement — studio reel,image,/home_work_of_art_tattoo_piercing/client-portfolio/skull-hourglass-forearm-realism-fresh-las-vegas.webp,,,Joshua Cole,YES,4,LIKELY,KEEP,Tattoo visual supports tattoo page.
/flash_art_deals_under_100/,tattoo,Jewelry & placement — studio reel,image,/home_work_of_art_tattoo_piercing/client-portfolio/skull-hourglass-forearm-realism-fresh-las-vegas.png,"Skull & hourglass forearm — Joshua Cole, Work of Art Las Vegas, Work of Art Tattoo & Piercing, Las Vegas",,Joshua Cole,YES,4,LIKELY,KEEP,Tattoo visual supports tattoo page.
/flash_art_deals_under_100/,tattoo,,video,https://www.googletagmanager.com/ns.html?id=GTM-TZTQSQBB,,,,NO,3,UNKNOWN,REVIEW,Generic studio creative; acceptable when not used as portfolio proof.
/flash_art_deals_under_100/,tattoo,Ready to pick flash?,video,https://www.instagram.com/reel/C0nNwUkRHz6/,▶ Jewelry & placement — studio reel Jewelry fit and anatomical placement. Watch on Instagram,▶ Jewelry & placement — studio reel Jewelry fit and anatomical placement. Watch on Instagram,,NO,3,UNKNOWN,REVIEW,Remote Instagram card; verify reel subject visually before using as proof.
/flat_piercing_las_vegas_authority_guide/,piercing,Real heal documentation,image,/studio_gallery/flat-and-conch-cartilage-studs-c317138a.webp,,Flat close-up Placement and angle marked for your anatomy — starter jewelry sized for swelling.,Katelyn Cole,YES,5,VERIFIED,KEEP,Piercing visual matches page intent.
/flat_piercing_las_vegas_authority_guide/,piercing,Real heal documentation,image,/studio_gallery/flat-and-conch-cartilage-studs-c317138a.png,Flat close-up — Flat — Work of Art Las Vegas,Flat close-up Placement and angle marked for your anatomy — starter jewelry sized for swelling.,Katelyn Cole,YES,5,VERIFIED,KEEP,Piercing visual matches page intent.
/flat_piercing_las_vegas_authority_guide/,piercing,Real heal documentation,image,/studio_gallery/curated-helix-tragus-lobe-piercings-88475d3e.webp,,"Healing week 1 Days 3–7: light crusties, tenderness, and a longer post on purpose — do not shorten jewelry at home.",Katelyn Cole,YES,5,VERIFIED,KEEP,Piercing visual matches page intent.
/flat_piercing_las_vegas_authority_guide/,piercing,Real heal documentation,image,/studio_gallery/curated-helix-tragus-lobe-piercings-88475d3e.png,Healing week 1 — Flat — Work of Art Las Vegas,"Healing week 1 Days 3–7: light crusties, tenderness, and a longer post on purpose — do not shorten jewelry at home.",Katelyn Cole,YES,5,VERIFIED,KEEP,Piercing visual matches page intent.
/flat_piercing_las_vegas_authority_guide/,piercing,Real heal documentation,image,/studio_gallery/ear-piercing-healed-result-0f5998be.webp,,Healing month 2 Around 6–8 weeks swelling drops — this is when downsizing protects the angle and prevents bumps.,Katelyn Cole,YES,5,VERIFIED,KEEP,Piercing visual matches page intent.
/flat_piercing_las_vegas_authority_guide/,piercing,Real heal documentation,image,/studio_gallery/ear-piercing-healed-result-0f5998be.png,Healing month 2 — Flat — Work of Art Las Vegas,Healing month 2 Around 6–8 weeks swelling drops — this is when downsizing protects the angle and prevents bumps.,Katelyn Cole,YES,5,VERIFIED,KEEP,Piercing visual matches page intent.
/flat_piercing_las_vegas_authority_guide/,piercing,Real heal documentation,image,/studio_gallery/jewelry-upgrade-86d3f26f.webp,,"Jewelry change Downsize to a shorter post or swap ends once the fistula is stable — booked as a check-in, not a mall kiosk.",Katelyn Cole,YES,5,VERIFIED,KEEP,Piercing visual matches page intent.
/flat_piercing_las_vegas_authority_guide/,piercing,Real heal documentation,image,/studio_gallery/jewelry-upgrade-86d3f26f.png,Jewelry change — Flat — Work of Art Las Vegas,"Jewelry change Downsize to a shorter post or swap ends once the fistula is stable — booked as a check-in, not a mall kiosk.",Katelyn Cole,YES,5,VERIFIED,KEEP,Piercing visual matches page intent.
/flat_piercing_las_vegas_authority_guide/,piercing,,video,https://www.googletagmanager.com/ns.html?id=GTM-TZTQSQBB,,,,NO,3,UNKNOWN,REVIEW,Generic asset on piercing page.
/flat_piercing_las_vegas_authority_guide/,piercing,Related piercing guides,video,https://www.instagram.com/reel/C78fY1quCVF/,▶ Katelyn Cole — piercing in the studio Watch Katelyn at Work of Art — calm ear curation and piercing placement in Las Vegas. Watch on Instagram,▶ Katelyn Cole — piercing in the studio Watch Katelyn at Work of Art — calm ear curation and piercing placement in Las Vegas. Watch on Instagram,Katelyn Cole,YES,3,VERIFIED,REVIEW,Remote Instagram card; verify reel subject visually before using as proof.
/forward_helix_piercing_las_vegas_authority_guide/,piercing,Real heal documentation,image,/studio_gallery/curated-helix-tragus-lobe-piercings-88475d3e.webp,,Forward helix close-up Placement and angle marked for your anatomy — starter jewelry sized for swelling.,Katelyn Cole,YES,5,VERIFIED,KEEP,Piercing visual matches page intent.
/forward_helix_piercing_las_vegas_authority_guide/,piercing,Real heal documentation,image,/studio_gallery/curated-helix-tragus-lobe-piercings-88475d3e.png,Forward helix close-up — Forward helix — Work of Art Las Vegas,Forward helix close-up Placement and angle marked for your anatomy — starter jewelry sized for swelling.,Katelyn Cole,YES,5,VERIFIED,KEEP,Piercing visual matches page intent.
/forward_helix_piercing_las_vegas_authority_guide/,piercing,Real heal documentation,image,/studio_gallery/flat-and-conch-cartilage-studs-c317138a.webp,,"Healing week 1 Days 3–7: light crusties, tenderness, and a longer post on purpose — do not shorten jewelry at home.",Katelyn Cole,YES,5,VERIFIED,KEEP,Piercing visual matches page intent.
/forward_helix_piercing_las_vegas_authority_guide/,piercing,Real heal documentation,image,/studio_gallery/flat-and-conch-cartilage-studs-c317138a.png,Healing week 1 — Forward helix — Work of Art Las Vegas,"Healing week 1 Days 3–7: light crusties, tenderness, and a longer post on purpose — do not shorten jewelry at home.",Katelyn Cole,YES,5,VERIFIED,KEEP,Piercing visual matches page intent.
/forward_helix_piercing_las_vegas_authority_guide/,piercing,Real heal documentation,image,/studio_gallery/ear-piercing-healed-result-0f5998be.webp,,Healing month 2 Around 6–8 weeks swelling drops — this is when downsizing protects the angle and prevents bumps.,Katelyn Cole,YES,5,VERIFIED,KEEP,Piercing visual matches page intent.
/forward_helix_piercing_las_vegas_authority_guide/,piercing,Real heal documentation,image,/studio_gallery/ear-piercing-healed-result-0f5998be.png,Healing month 2 — Forward helix — Work of Art Las Vegas,Healing month 2 Around 6–8 weeks swelling drops — this is when downsizing protects the angle and prevents bumps.,Katelyn Cole,YES,5,VERIFIED,KEEP,Piercing visual matches page intent.
/forward_helix_piercing_las_vegas_authority_guide/,piercing,Real heal documentation,image,/studio_gallery/jewelry-upgrade-86d3f26f.webp,,"Jewelry change Downsize to a shorter post or swap ends once the fistula is stable — booked as a check-in, not a mall kiosk.",Katelyn Cole,YES,5,VERIFIED,KEEP,Piercing visual matches page intent.
/forward_helix_piercing_las_vegas_authority_guide/,piercing,Real heal documentation,image,/studio_gallery/jewelry-upgrade-86d3f26f.png,Jewelry change — Forward helix — Work of Art Las Vegas,"Jewelry change Downsize to a shorter post or swap ends once the fistula is stable — booked as a check-in, not a mall kiosk.",Katelyn Cole,YES,5,VERIFIED,KEEP,Piercing visual matches page intent.
/forward_helix_piercing_las_vegas_authority_guide/,piercing,Real heal documentation,image,/studio_gallery/fresh-upper-cartilage-industrial-bar-2e41fc98.webp,,Swelling example Starter jewelry sits long so tissue is not pulled inward — embedding happens when posts are too short too soon.,Katelyn Cole,YES,5,VERIFIED,KEEP,Piercing visual matches page intent.
/forward_helix_piercing_las_vegas_authority_guide/,piercing,Real heal documentation,image,/studio_gallery/fresh-upper-cartilage-industrial-bar-2e41fc98.png,Swelling example — Forward helix — Work of Art Las Vegas,Swelling example Starter jewelry sits long so tissue is not pulled inward — embedding happens when posts are too short too soon.,Katelyn Cole,YES,5,VERIFIED,KEEP,Piercing visual matches page intent.
/forward_helix_piercing_las_vegas_authority_guide/,piercing,,video,https://www.googletagmanager.com/ns.html?id=GTM-TZTQSQBB,,,,NO,3,UNKNOWN,REVIEW,Generic asset on piercing page.
/forward_helix_piercing_las_vegas_authority_guide/,piercing,Related piercing guides,video,https://www.instagram.com/reel/C78fY1quCVF/,▶ Katelyn Cole — piercing in the studio Watch Katelyn at Work of Art — calm ear curation and piercing placement in Las Vegas. Watch on Instagram,▶ Katelyn Cole — piercing in the studio Watch Katelyn at Work of Art — calm ear curation and piercing placement in Las Vegas. Watch on Instagram,Katelyn Cole,YES,3,VERIFIED,REVIEW,Remote Instagram card; verify reel subject visually before using as proof.
/frog_eyes_tongue_piercing_las_vegas_authority_guide/,piercing,Real heal documentation,image,/studio_gallery/curated-helix-tragus-lobe-piercings-88475d3e.webp,,Ear piercing close-up Placement and angle marked for your anatomy — starter jewelry sized for swelling.,Katelyn Cole,YES,5,VERIFIED,KEEP,Piercing visual matches page intent.
/frog_eyes_tongue_piercing_las_vegas_authority_guide/,piercing,Real heal documentation,image,/studio_gallery/curated-helix-tragus-lobe-piercings-88475d3e.png,Ear piercing close-up — Ear piercing — Work of Art Las Vegas,Ear piercing close-up Placement and angle marked for your anatomy — starter jewelry sized for swelling.,Katelyn Cole,YES,5,VERIFIED,KEEP,Piercing visual matches page intent.
/frog_eyes_tongue_piercing_las_vegas_authority_guide/,piercing,Real heal documentation,image,/studio_gallery/triple-flat-conch-lobe-ear-setup-f28e160a.webp,,Healing week 1 Fresh cartilage or lobe — starter studs with extra post length for swelling.,Katelyn Cole,YES,5,VERIFIED,KEEP,Piercing visual matches page intent.
/frog_eyes_tongue_piercing_las_vegas_authority_guide/,piercing,Real heal documentation,image,/studio_gallery/triple-flat-conch-lobe-ear-setup-f28e160a.png,Healing week 1 — Ear piercing — Work of Art Las Vegas,Healing week 1 Fresh cartilage or lobe — starter studs with extra post length for swelling.,Katelyn Cole,YES,5,VERIFIED,KEEP,Piercing visual matches page intent.
/frog_eyes_tongue_piercing_las_vegas_authority_guide/,piercing,Real heal documentation,image,/studio_gallery/ear-piercing-healed-result-0f5998be.webp,,Healing month 2 Around 6–8 weeks swelling drops — this is when downsizing protects the angle and prevents bumps.,Katelyn Cole,YES,5,VERIFIED,KEEP,Piercing visual matches page intent.
/frog_eyes_tongue_piercing_las_vegas_authority_guide/,piercing,Real heal documentation,image,/studio_gallery/ear-piercing-healed-result-0f5998be.png,Healing month 2 — Ear piercing — Work of Art Las Vegas,Healing month 2 Around 6–8 weeks swelling drops — this is when downsizing protects the angle and prevents bumps.,Katelyn Cole,YES,5,VERIFIED,KEEP,Piercing visual matches page intent.
/frog_eyes_tongue_piercing_las_vegas_authority_guide/,piercing,Real heal documentation,image,/studio_gallery/jewelry-upgrade-86d3f26f.webp,,"Jewelry change Downsize to a shorter post or swap ends once the fistula is stable — booked as a check-in, not a mall kiosk.",Katelyn Cole,YES,5,VERIFIED,KEEP,Piercing visual matches page intent.
/frog_eyes_tongue_piercing_las_vegas_authority_guide/,piercing,Real heal documentation,image,/studio_gallery/jewelry-upgrade-86d3f26f.png,Jewelry change — Ear piercing — Work of Art Las Vegas,"Jewelry change Downsize to a shorter post or swap ends once the fistula is stable — booked as a check-in, not a mall kiosk.",Katelyn Cole,YES,5,VERIFIED,KEEP,Piercing visual matches page intent.
/frog_eyes_tongue_piercing_las_vegas_authority_guide/,piercing,Real heal documentation,image,/studio_gallery/flat-and-conch-cartilage-studs-c317138a.webp,,Swelling example Flat and conch starters sit long on purpose — shortening too soon causes embedding and bumps.,Katelyn Cole,YES,5,VERIFIED,KEEP,Piercing visual matches page intent.
/frog_eyes_tongue_piercing_las_vegas_authority_guide/,piercing,Real heal documentation,image,/studio_gallery/flat-and-conch-cartilage-studs-c317138a.png,Swelling example — Ear piercing — Work of Art Las Vegas,Swelling example Flat and conch starters sit long on purpose — shortening too soon causes embedding and bumps.,Katelyn Cole,YES,5,VERIFIED,KEEP,Piercing visual matches page intent.
/frog_eyes_tongue_piercing_las_vegas_authority_guide/,piercing,,video,https://www.googletagmanager.com/ns.html?id=GTM-TZTQSQBB,,,,NO,3,UNKNOWN,REVIEW,Generic asset on piercing page.
/frog_eyes_tongue_piercing_las_vegas_authority_guide/,piercing,Related piercing guides,video,https://www.instagram.com/reel/C78fY1quCVF/,▶ Katelyn Cole — piercing in the studio Watch Katelyn at Work of Art — calm ear curation and piercing placement in Las Vegas. Watch on Instagram,▶ Katelyn Cole — piercing in the studio Watch Katelyn at Work of Art — calm ear curation and piercing placement in Las Vegas. Watch on Instagram,Katelyn Cole,YES,3,VERIFIED,REVIEW,Remote Instagram card; verify reel subject visually before using as proof.
/genital_piercing_las_vegas_authority_guide/,piercing,Real heal documentation,image,/studio_gallery/curated-helix-tragus-lobe-piercings-88475d3e.webp,,Ear piercing close-up Placement and angle marked for your anatomy — starter jewelry sized for swelling.,Katelyn Cole,YES,5,VERIFIED,KEEP,Piercing visual matches page intent.
/genital_piercing_las_vegas_authority_guide/,piercing,Real heal documentation,image,/studio_gallery/curated-helix-tragus-lobe-piercings-88475d3e.png,Ear piercing close-up — Ear piercing — Work of Art Las Vegas,Ear piercing close-up Placement and angle marked for your anatomy — starter jewelry sized for swelling.,Katelyn Cole,YES,5,VERIFIED,KEEP,Piercing visual matches page intent.
/genital_piercing_las_vegas_authority_guide/,piercing,Real heal documentation,image,/studio_gallery/triple-flat-conch-lobe-ear-setup-f28e160a.webp,,Healing week 1 Fresh cartilage or lobe — starter studs with extra post length for swelling.,Katelyn Cole,YES,5,VERIFIED,KEEP,Piercing visual matches page intent.
/genital_piercing_las_vegas_authority_guide/,piercing,Real heal documentation,image,/studio_gallery/triple-flat-conch-lobe-ear-setup-f28e160a.png,Healing week 1 — Ear piercing — Work of Art Las Vegas,Healing week 1 Fresh cartilage or lobe — starter studs with extra post length for swelling.,Katelyn Cole,YES,5,VERIFIED,KEEP,Piercing visual matches page intent.
/genital_piercing_las_vegas_authority_guide/,piercing,Real heal documentation,image,/studio_gallery/ear-piercing-healed-result-0f5998be.webp,,Healing month 2 Around 6–8 weeks swelling drops — this is when downsizing protects the angle and prevents bumps.,Katelyn Cole,YES,5,VERIFIED,KEEP,Piercing visual matches page intent.
/genital_piercing_las_vegas_authority_guide/,piercing,Real heal documentation,image,/studio_gallery/ear-piercing-healed-result-0f5998be.png,Healing month 2 — Ear piercing — Work of Art Las Vegas,Healing month 2 Around 6–8 weeks swelling drops — this is when downsizing protects the angle and prevents bumps.,Katelyn Cole,YES,5,VERIFIED,KEEP,Piercing visual matches page intent.
/genital_piercing_las_vegas_authority_guide/,piercing,Real heal documentation,image,/studio_gallery/jewelry-upgrade-86d3f26f.webp,,"Jewelry change Downsize to a shorter post or swap ends once the fistula is stable — booked as a check-in, not a mall kiosk.",Katelyn Cole,YES,5,VERIFIED,KEEP,Piercing visual matches page intent.
/genital_piercing_las_vegas_authority_guide/,piercing,Real heal documentation,image,/studio_gallery/jewelry-upgrade-86d3f26f.png,Jewelry change — Ear piercing — Work of Art Las Vegas,"Jewelry change Downsize to a shorter post or swap ends once the fistula is stable — booked as a check-in, not a mall kiosk.",Katelyn Cole,YES,5,VERIFIED,KEEP,Piercing visual matches page intent.
/genital_piercing_las_vegas_authority_guide/,piercing,Real heal documentation,image,/studio_gallery/flat-and-conch-cartilage-studs-c317138a.webp,,Swelling example Flat and conch starters sit long on purpose — shortening too soon causes embedding and bumps.,Katelyn Cole,YES,5,VERIFIED,KEEP,Piercing visual matches page intent.
/genital_piercing_las_vegas_authority_guide/,piercing,Real heal documentation,image,/studio_gallery/flat-and-conch-cartilage-studs-c317138a.png,Swelling example — Ear piercing — Work of Art Las Vegas,Swelling example Flat and conch starters sit long on purpose — shortening too soon causes embedding and bumps.,Katelyn Cole,YES,5,VERIFIED,KEEP,Piercing visual matches page intent.
/genital_piercing_las_vegas_authority_guide/,piercing,,video,https://www.googletagmanager.com/ns.html?id=GTM-TZTQSQBB,,,,NO,3,UNKNOWN,REVIEW,Generic asset on piercing page.
/genital_piercing_las_vegas_authority_guide/,piercing,Related piercing guides,video,https://www.instagram.com/reel/C78fY1quCVF/,▶ Katelyn Cole — piercing in the studio Watch Katelyn at Work of Art — calm ear curation and piercing placement in Las Vegas. Watch on Instagram,▶ Katelyn Cole — piercing in the studio Watch Katelyn at Work of Art — calm ear curation and piercing placement in Las Vegas. Watch on Instagram,Katelyn Cole,YES,3,VERIFIED,REVIEW,Remote Instagram card; verify reel subject visually before using as proof.
/healed_black_grey_tattoos_las_vegas/,realism tattoo,Healed Black & Grey Tattoos in Las Vegas,image,/home_work_of_art_tattoo_piercing/client-portfolio/skull-hourglass-forearm-realism-fresh-las-vegas.webp,,Healing timeline,Joshua Cole,YES,5,LIKELY,KEEP,Realism visual matches page intent.
/healed_black_grey_tattoos_las_vegas/,realism tattoo,Healed Black & Grey Tattoos in Las Vegas,image,/home_work_of_art_tattoo_piercing/client-portfolio/skull-hourglass-forearm-realism-fresh-las-vegas.png,"Fresh skull and hourglass forearm realism — Healed Black & Grey Tattoos, Joshua Cole, Work of…, Work of Art Tattoo & Piercing, Las Vegas",Healing timeline,Joshua Cole,YES,5,LIKELY,KEEP,Realism visual matches page intent.
/healed_black_grey_tattoos_las_vegas/,realism tattoo,Skull & hourglass forearm — 3+ months healed,image,/home_work_of_art_tattoo_piercing/client-portfolio/skull-hourglass-forearm-realism-fresh-las-vegas.webp,,Healed (3+ months — documented in-studio),Joshua Cole,YES,5,LIKELY,KEEP,Realism visual matches page intent.
/healed_black_grey_tattoos_las_vegas/,realism tattoo,Skull & hourglass forearm — 3+ months healed,image,/home_work_of_art_tattoo_piercing/client-portfolio/skull-hourglass-forearm-realism-fresh-las-vegas.png,"Healed (3+ months — documented in-studio) skull and hourglass forearm tattoo by Joshua Cole…, Work of Art Tattoo & Piercing, Las Vegas",Healed (3+ months — documented in-studio),Joshua Cole,YES,5,LIKELY,KEEP,Realism visual matches page intent.
/healed_black_grey_tattoos_las_vegas/,realism tattoo,Steampunk clock & rose forearm — 6+ months healed,image,/home_work_of_art_tattoo_piercing/client-portfolio/steampunk-clock-gears-rose-forearm-healed-las-vegas.webp,,Healed (6+ months),Joshua Cole,YES,4,LIKELY,KEEP,Tattoo visual is relevant to realism page.
/healed_black_grey_tattoos_las_vegas/,realism tattoo,Steampunk clock & rose forearm — 6+ months healed,image,/home_work_of_art_tattoo_piercing/client-portfolio/steampunk-clock-gears-rose-forearm-healed-las-vegas.png,"Healed (6+ months) steampunk clock and rose forearm tattoo by Joshua Cole, forearm — Work of Art…, Work of Art Tattoo & Piercing, Las Vegas",Healed (6+ months),Joshua Cole,YES,4,LIKELY,KEEP,Tattoo visual is relevant to realism page.
/healed_black_grey_tattoos_las_vegas/,realism tattoo,,video,https://www.googletagmanager.com/ns.html?id=GTM-TZTQSQBB,,,,NO,1,UNKNOWN,REPLACE,Non-tattoo creative on realism page.
/healed_black_grey_tattoos_las_vegas/,realism tattoo,More healed collections,video,https://www.instagram.com/reel/C4fOsY7OSTq/,▶ Ear curation — studio reel Katelyn Cole at Work of Art — Las Vegas piercing. Watch on Instagram,▶ Ear curation — studio reel Katelyn Cole at Work of Art — Las Vegas piercing. Watch on Instagram,Katelyn Cole,YES,3,VERIFIED,REVIEW,Remote Instagram card; verify reel subject visually before using as proof.
/healed_color_tattoos_las_vegas/,tattoo,,image,/las-vegas-tattoo-healing-guide/eagle-memorial-calf-fresh-vs-healed-comparison-las-vegas.webp,,,,YES,4,UNKNOWN,KEEP,Tattoo visual supports tattoo page.
/healed_color_tattoos_las_vegas/,tattoo,,image,/las-vegas-tattoo-healing-guide/eagle-memorial-calf-fresh-vs-healed-comparison-las-vegas.png,"Fresh vs healed comparison color eagle memorial calf tattoo by Joshua Cole, calf (pair — same…, Work of Art Tattoo & Piercing, Las Vegas",,Joshua Cole,YES,4,LIKELY,KEEP,Tattoo visual supports tattoo page.
/healed_color_tattoos_las_vegas/,tattoo,Color eagle memorial calf — Several months healed,image,/las-vegas-tattoo-healing-guide/eagle-memorial-calf-fresh-tattoo-las-vegas.webp,,Fresh (day 0),,YES,4,UNKNOWN,KEEP,Tattoo visual supports tattoo page.
/healed_color_tattoos_las_vegas/,tattoo,Color eagle memorial calf — Several months healed,image,/las-vegas-tattoo-healing-guide/eagle-memorial-calf-fresh-tattoo-las-vegas.png,"Fresh (day 0) color eagle memorial calf tattoo by Joshua Cole, calf (pair — same design, two…, Work of Art Tattoo & Piercing, Las Vegas",Fresh (day 0),Joshua Cole,YES,4,LIKELY,KEEP,Tattoo visual supports tattoo page.
/healed_color_tattoos_las_vegas/,tattoo,Color eagle memorial calf — Several months healed,image,/las-vegas-tattoo-healing-guide/eagle-memorial-calf-fresh-vs-healed-comparison-las-vegas.webp,,Fresh vs healed comparison,,YES,4,UNKNOWN,KEEP,Tattoo visual supports tattoo page.
/healed_color_tattoos_las_vegas/,tattoo,Color eagle memorial calf — Several months healed,image,/las-vegas-tattoo-healing-guide/eagle-memorial-calf-fresh-vs-healed-comparison-las-vegas.png,"Fresh vs healed comparison color eagle memorial calf tattoo by Joshua Cole, calf (pair — same…, Work of Art Tattoo & Piercing, Las Vegas",Fresh vs healed comparison,Joshua Cole,YES,4,LIKELY,KEEP,Tattoo visual supports tattoo page.
/healed_color_tattoos_las_vegas/,tattoo,,video,https://www.googletagmanager.com/ns.html?id=GTM-TZTQSQBB,,,,NO,3,UNKNOWN,REVIEW,Generic studio creative; acceptable when not used as portfolio proof.
/healed_color_tattoos_las_vegas/,tattoo,More healed collections,video,https://www.instagram.com/reel/Cpp18lXgU3P/,▶ Joshua Cole — seminars & advanced training Continuing education and advanced training from Joshua Cole. Watch on Instagram,▶ Joshua Cole — seminars & advanced training Continuing education and advanced training from Joshua Cole. Watch on Instagram,Joshua Cole,YES,3,LIKELY,REVIEW,Remote Instagram card; verify reel subject visually before using as proof.
/healed_cover_up_tattoos_las_vegas/,cover-up tattoo,,image,/cover-up-tattoos-las-vegas/cover-up-tattoo-phoenix-hand-las-vegas-after.webp,,,Joshua Cole,YES,5,LIKELY,KEEP,Cover-up/rework visual supports the page.
/healed_cover_up_tattoos_las_vegas/,cover-up tattoo,,image,/cover-up-tattoos-las-vegas/cover-up-tattoo-phoenix-hand-las-vegas-after.png,"Healed finished piece phoenix hand and forearm cover-up tattoo by Joshua Cole, hand and forearm…, Work of Art Tattoo & Piercing, Las Vegas",,Joshua Cole,YES,5,LIKELY,KEEP,Cover-up/rework visual supports the page.
/healed_cover_up_tattoos_las_vegas/,cover-up tattoo,Phoenix hand & forearm cover-up — Finished & healed healed,image,/cover-up-tattoos-las-vegas/cover-up-tattoo-phoenix-hand-las-vegas-after.webp,,Healed finished piece,Joshua Cole,YES,5,LIKELY,KEEP,Cover-up/rework visual supports the page.
/healed_cover_up_tattoos_las_vegas/,cover-up tattoo,Phoenix hand & forearm cover-up — Finished & healed healed,image,/cover-up-tattoos-las-vegas/cover-up-tattoo-phoenix-hand-las-vegas-after.png,"Healed finished piece phoenix hand and forearm cover-up tattoo by Joshua Cole, hand and forearm…, Work of Art Tattoo & Piercing, Las Vegas",Healed finished piece,Joshua Cole,YES,5,LIKELY,KEEP,Cover-up/rework visual supports the page.
/healed_cover_up_tattoos_las_vegas/,cover-up tattoo,Seraphim eye & wings cover-up — Healed healed,image,/cover-up-tattoos-las-vegas/healed-realism-seraphim-eye-wings-tattoo.webp,,Healed cover-up,Joshua Cole,YES,5,LIKELY,KEEP,Cover-up/rework visual supports the page.
/healed_cover_up_tattoos_las_vegas/,cover-up tattoo,Seraphim eye & wings cover-up — Healed healed,image,/cover-up-tattoos-las-vegas/healed-realism-seraphim-eye-wings-tattoo.png,"Healed cover-up seraphim eye and wings cover-up tattoo by Joshua Cole, upper arm / shoulder…, Work of Art Tattoo & Piercing, Las Vegas",Healed cover-up,Joshua Cole,YES,5,LIKELY,KEEP,Cover-up/rework visual supports the page.
/healed_cover_up_tattoos_las_vegas/,cover-up tattoo,Chain & heart cover-up — Healed healed,image,/cover-up-tattoos-las-vegas/healed-black-grey-chain-heart-tattoo.webp,,Healed cover-up,Joshua Cole,YES,5,LIKELY,KEEP,Cover-up/rework visual supports the page.
/healed_cover_up_tattoos_las_vegas/,cover-up tattoo,Chain & heart cover-up — Healed healed,image,/cover-up-tattoos-las-vegas/healed-black-grey-chain-heart-tattoo.png,"Healed cover-up chain and heart cover-up tattoo by Joshua Cole, forearm — Work of Art Las Vegas, Work of Art Tattoo & Piercing, Las Vegas",Healed cover-up,Joshua Cole,YES,5,LIKELY,KEEP,Cover-up/rework visual supports the page.
/healed_cover_up_tattoos_las_vegas/,cover-up tattoo,Color parrot cover-up forearm — Healed healed,image,/home_work_of_art_tattoo_piercing/client-portfolio/color-parrot-cover-up-forearm-las-vegas.webp,,Healed color cover-up,Joshua Cole,YES,5,LIKELY,KEEP,Cover-up/rework visual supports the page.
/healed_cover_up_tattoos_las_vegas/,cover-up tattoo,Color parrot cover-up forearm — Healed healed,image,/home_work_of_art_tattoo_piercing/client-portfolio/color-parrot-cover-up-forearm-las-vegas.png,"Healed color cover-up color parrot cover-up forearm tattoo by Joshua Cole, forearm — Work of Art…, Work of Art Tattoo & Piercing, Las Vegas",Healed color cover-up,Joshua Cole,YES,5,LIKELY,KEEP,Cover-up/rework visual supports the page.
/healed_cover_up_tattoos_las_vegas/,cover-up tattoo,,video,https://www.googletagmanager.com/ns.html?id=GTM-TZTQSQBB,,,,NO,1,UNKNOWN,REPLACE,Non-cover-up creative on cover-up page.
/healed_cover_up_tattoos_las_vegas/,cover-up tattoo,More healed collections,video,https://www.instagram.com/reel/C3GjVCdLUQ9/,▶ Piercing session — studio reel In-studio with professional piercer Katelyn Cole. Watch on Instagram,▶ Piercing session — studio reel In-studio with professional piercer Katelyn Cole. Watch on Instagram,Katelyn Cole,YES,3,VERIFIED,REVIEW,Remote Instagram card; verify reel subject visually before using as proof.
/healed_fine_line_tattoos_las_vegas/,fine-line tattoo,,image,/studio_gallery/fine-line-howling-werewolf-ankle-7ea2af20.webp,,,,YES,5,UNKNOWN,KEEP,Fine-line/script/small tattoo visual matches page intent.
/healed_fine_line_tattoos_las_vegas/,fine-line tattoo,,image,/studio_gallery/fine-line-howling-werewolf-ankle-7ea2af20.png,"Healed fine line fine-line howling werewolf ankle tattoo by Joshua Cole, ankle / lower leg…, Work of Art Tattoo & Piercing, Las Vegas",,Katelyn Cole,YES,5,VERIFIED,KEEP,Fine-line/script/small tattoo visual matches page intent.
/healed_fine_line_tattoos_las_vegas/,fine-line tattoo,Fine-line howling werewolf ankle — Healed healed,image,/studio_gallery/fine-line-howling-werewolf-ankle-7ea2af20.webp,,Healed fine line,,YES,5,UNKNOWN,KEEP,Fine-line/script/small tattoo visual matches page intent.
/healed_fine_line_tattoos_las_vegas/,fine-line tattoo,Fine-line howling werewolf ankle — Healed healed,image,/studio_gallery/fine-line-howling-werewolf-ankle-7ea2af20.png,"Healed fine line fine-line howling werewolf ankle tattoo by Joshua Cole, ankle / lower leg…, Work of Art Tattoo & Piercing, Las Vegas",Healed fine line,Katelyn Cole,YES,5,VERIFIED,KEEP,Fine-line/script/small tattoo visual matches page intent.
/healed_fine_line_tattoos_las_vegas/,fine-line tattoo,Beauty script with roses — Healed healed,image,/studio_gallery/beauty-script-roses-inner-forearm-195a396a.webp,,Healed fine line,,YES,5,UNKNOWN,KEEP,Fine-line/script/small tattoo visual matches page intent.
/healed_fine_line_tattoos_las_vegas/,fine-line tattoo,Beauty script with roses — Healed healed,image,/studio_gallery/beauty-script-roses-inner-forearm-195a396a.png,"Healed fine line beauty script with roses tattoo by Joshua Cole, inner forearm — Work of Art Las…, Work of Art Tattoo & Piercing, Las Vegas",Healed fine line,Katelyn Cole,YES,5,VERIFIED,KEEP,Fine-line/script/small tattoo visual matches page intent.
/healed_fine_line_tattoos_las_vegas/,fine-line tattoo,,video,https://www.googletagmanager.com/ns.html?id=GTM-TZTQSQBB,,,,NO,1,UNKNOWN,REPLACE,Non-tattoo image on fine-line tattoo page.
/healed_fine_line_tattoos_las_vegas/,fine-line tattoo,More healed collections,video,https://www.instagram.com/reel/C3GjVCdLUQ9/,▶ Piercing session — studio reel In-studio with professional piercer Katelyn Cole. Watch on Instagram,▶ Piercing session — studio reel In-studio with professional piercer Katelyn Cole. Watch on Instagram,Katelyn Cole,YES,3,VERIFIED,REVIEW,Remote Instagram card; verify reel subject visually before using as proof.
/healed_portrait_tattoos_las_vegas/,realism tattoo,,image,/healed_tattoo_gallery_las_vegas/healed-davy-jones-pirates-calf-portrait-joshua-cole-las-vegas.webp,,,Joshua Cole,YES,5,LIKELY,KEEP,Realism visual matches page intent.
/healed_portrait_tattoos_las_vegas/,realism tattoo,,image,/healed_tattoo_gallery_las_vegas/healed-davy-jones-pirates-calf-portrait-joshua-cole-las-vegas.png,"Healed black and grey Davy Jones Pirates of the Caribbean calf portrait with Flying Dutchman…, Work of Art Tattoo & Piercing, Las Vegas",,Joshua Cole,YES,5,LIKELY,KEEP,Realism visual matches page intent.
/healed_portrait_tattoos_las_vegas/,realism tattoo,Davy Jones & Flying Dutchman calf — 3–12 months healed,image,/healed_tattoo_gallery_las_vegas/healed-davy-jones-pirates-calf-portrait-joshua-cole-las-vegas.webp,,Healed (3–12 months),Joshua Cole,YES,5,LIKELY,KEEP,Realism visual matches page intent.
/healed_portrait_tattoos_las_vegas/,realism tattoo,Davy Jones & Flying Dutchman calf — 3–12 months healed,image,/healed_tattoo_gallery_las_vegas/healed-davy-jones-pirates-calf-portrait-joshua-cole-las-vegas.png,"Healed black and grey Davy Jones Pirates of the Caribbean calf portrait with Flying Dutchman…, Work of Art Tattoo & Piercing, Las Vegas",Healed (3–12 months),Joshua Cole,YES,5,LIKELY,KEEP,Realism visual matches page intent.
/healed_portrait_tattoos_las_vegas/,realism tattoo,Medusa portrait forearm — Healed healed,image,/home_work_of_art_tattoo_piercing/client-portfolio/black-grey-medusa-snakehair-realism-las-vegas.webp,,Healed portrait,Joshua Cole,YES,5,LIKELY,KEEP,Realism visual matches page intent.
/healed_portrait_tattoos_las_vegas/,realism tattoo,Medusa portrait forearm — Healed healed,image,/home_work_of_art_tattoo_piercing/client-portfolio/black-grey-medusa-snakehair-realism-las-vegas.png,"Healed portrait medusa portrait forearm tattoo by Joshua Cole, forearm — Work of Art Las Vegas, Work of Art Tattoo & Piercing, Las Vegas",Healed portrait,Joshua Cole,YES,5,LIKELY,KEEP,Realism visual matches page intent.
/healed_portrait_tattoos_las_vegas/,realism tattoo,Statue bust with cloth drape — Healed healed,image,/home_work_of_art_tattoo_piercing/client-portfolio/black-grey-statue-bust-cloth-drape-las-vegas.webp,,Healed portrait,Joshua Cole,YES,5,LIKELY,KEEP,Realism visual matches page intent.
/healed_portrait_tattoos_las_vegas/,realism tattoo,Statue bust with cloth drape — Healed healed,image,/home_work_of_art_tattoo_piercing/client-portfolio/black-grey-statue-bust-cloth-drape-las-vegas.png,"Healed portrait statue bust with cloth drape tattoo by Joshua Cole, upper arm — Work of Art Las…, Work of Art Tattoo & Piercing, Las Vegas",Healed portrait,Joshua Cole,YES,5,LIKELY,KEEP,Realism visual matches page intent.
/healed_portrait_tattoos_las_vegas/,realism tattoo,,video,https://www.googletagmanager.com/ns.html?id=GTM-TZTQSQBB,,,,NO,1,UNKNOWN,REPLACE,Non-tattoo creative on realism page.
/healed_portrait_tattoos_las_vegas/,realism tattoo,More healed collections,video,https://www.instagram.com/reel/C78fY1quCVF/,▶ Katelyn Cole — piercing in the studio Watch Katelyn at Work of Art — calm ear curation and piercing placement in Las Vegas. Watch on Instagram,▶ Katelyn Cole — piercing in the studio Watch Katelyn at Work of Art — calm ear curation and piercing placement in Las Vegas. Watch on Instagram,Katelyn Cole,YES,3,VERIFIED,REVIEW,Remote Instagram card; verify reel subject visually before using as proof.
/healed_sleeve_tattoos_las_vegas/,sleeve/large-scale tattoo,,image,/home_work_of_art_tattoo_piercing/client-portfolio/geometric-portrait-realism-sleeve-client-las-vegas.webp,,,Joshua Cole,YES,5,LIKELY,KEEP,Sleeve/large-scale visual matches page intent.
/healed_sleeve_tattoos_las_vegas/,sleeve/large-scale tattoo,,image,/home_work_of_art_tattoo_piercing/client-portfolio/geometric-portrait-realism-sleeve-client-las-vegas.png,"Healed sleeve geometric portrait sleeve tattoo by Joshua Cole, full arm sleeve — Work of Art Las…, Work of Art Tattoo & Piercing, Las Vegas",,Joshua Cole,YES,5,LIKELY,KEEP,Sleeve/large-scale visual matches page intent.
/healed_sleeve_tattoos_las_vegas/,sleeve/large-scale tattoo,Geometric portrait sleeve — Healed healed,image,/home_work_of_art_tattoo_piercing/client-portfolio/geometric-portrait-realism-sleeve-client-las-vegas.webp,,Healed sleeve,Joshua Cole,YES,5,LIKELY,KEEP,Sleeve/large-scale visual matches page intent.
/healed_sleeve_tattoos_las_vegas/,sleeve/large-scale tattoo,Geometric portrait sleeve — Healed healed,image,/home_work_of_art_tattoo_piercing/client-portfolio/geometric-portrait-realism-sleeve-client-las-vegas.png,"Healed sleeve geometric portrait sleeve tattoo by Joshua Cole, full arm sleeve — Work of Art Las…, Work of Art Tattoo & Piercing, Las Vegas",Healed sleeve,Joshua Cole,YES,5,LIKELY,KEEP,Sleeve/large-scale visual matches page intent.
/healed_sleeve_tattoos_las_vegas/,sleeve/large-scale tattoo,,video,https://www.googletagmanager.com/ns.html?id=GTM-TZTQSQBB,,,,NO,2,UNKNOWN,REVIEW,Weak sleeve visual support.
/healed_tattoo_gallery_las_vegas/,tattoo,Real case,image,/healed_tattoo_gallery_las_vegas/healed-3-month-roaring-lion-thigh-joshua-cole-las-vegas.webp,,Healed Work of Art gallery image labeled as a 3-month healed result.,Joshua Cole,YES,4,LIKELY,KEEP,Tattoo visual supports tattoo page.
/healed_tattoo_gallery_las_vegas/,tattoo,Real case,image,/healed_tattoo_gallery_las_vegas/healed-3-month-roaring-lion-thigh-joshua-cole-las-vegas.png,Three-month healed roaring lion thigh tattoo by Joshua Cole,Healed Work of Art gallery image labeled as a 3-month healed result.,Joshua Cole,YES,4,LIKELY,KEEP,Tattoo visual supports tattoo page.
/healed_tattoo_gallery_las_vegas/,tattoo,"Cross, eye & skull forearm stack — 1 year healed",image,/studio_gallery/cross-eye-skull-forearm-stack-5bc3d948.webp,,In-studio documentation,,YES,4,UNKNOWN,KEEP,Tattoo visual supports tattoo page.
/healed_tattoo_gallery_las_vegas/,tattoo,"Cross, eye & skull forearm stack — 1 year healed",image,/studio_gallery/cross-eye-skull-forearm-stack-5bc3d948.png,"Cross eye and skull forearm tattoo in progress — Joshua Cole, Work of Art Las Vegas, Work of Art Tattoo & Piercing, Las Vegas",In-studio documentation,Katelyn Cole,YES,4,VERIFIED,KEEP,Tattoo visual supports tattoo page.
/healed_tattoo_gallery_las_vegas/,tattoo,"Cross, eye & skull forearm stack — 1 year healed",image,/healed_tattoo_gallery_las_vegas/healed-1-year-cross-eye-skull-outer-forearm-joshua-cole-las-vegas.webp,,Healed (1 year),Joshua Cole,YES,4,LIKELY,KEEP,Tattoo visual supports tattoo page.
/healed_tattoo_gallery_las_vegas/,tattoo,"Cross, eye & skull forearm stack — 1 year healed",image,/healed_tattoo_gallery_las_vegas/healed-1-year-cross-eye-skull-outer-forearm-joshua-cole-las-vegas.png,"One-year healed black and grey cross, eye, and skull forearm tattoo by Joshua Cole, Work of Art…, Work of Art Tattoo & Piercing, Las Vegas",Healed (1 year),Joshua Cole,YES,4,LIKELY,KEEP,Tattoo visual supports tattoo page.
/healed_tattoo_gallery_las_vegas/,tattoo,"Cross, eye & skull forearm stack — 1 year healed",image,/healed_tattoo_gallery_las_vegas/healed-1-year-cross-eye-skull-inner-forearm-joshua-cole-las-vegas.webp,,1 year · inner forearm,Joshua Cole,YES,4,LIKELY,KEEP,Tattoo visual supports tattoo page.
/healed_tattoo_gallery_las_vegas/,tattoo,"Cross, eye & skull forearm stack — 1 year healed",image,/healed_tattoo_gallery_las_vegas/healed-1-year-cross-eye-skull-inner-forearm-joshua-cole-las-vegas.png,"One-year healed cross eye skull inner forearm black and grey realism by Joshua Cole, Work of Art…, Work of Art Tattoo & Piercing, Las Vegas",1 year · inner forearm,Joshua Cole,YES,4,LIKELY,KEEP,Tattoo visual supports tattoo page.
/healed_tattoo_gallery_las_vegas/,tattoo,"Cross, eye & skull forearm stack — 1 year healed",image,/healed_tattoo_gallery_las_vegas/healed-1-year-cross-eye-skull-inner-arm-full-joshua-cole-las-vegas.webp,,1 year · inner arm full length,Joshua Cole,YES,4,LIKELY,KEEP,Tattoo visual supports tattoo page.
/healed_tattoo_gallery_las_vegas/,tattoo,"Cross, eye & skull forearm stack — 1 year healed",image,/healed_tattoo_gallery_las_vegas/healed-1-year-cross-eye-skull-inner-arm-full-joshua-cole-las-vegas.png,"Full inner arm one-year healed cross eye skull tattoo by Joshua Cole, Las Vegas, Work of Art Tattoo & Piercing, Las Vegas",1 year · inner arm full length,Joshua Cole,YES,4,LIKELY,KEEP,Tattoo visual supports tattoo page.
/healed_tattoo_gallery_las_vegas/,tattoo,"Cross, eye & skull forearm stack — 1 year healed",image,/healed_tattoo_gallery_las_vegas/healed-1-year-cross-eye-skull-full-length-joshua-cole-las-vegas.webp,,1 year · full length,Joshua Cole,YES,4,LIKELY,KEEP,Tattoo visual supports tattoo page.
/healed_tattoo_gallery_las_vegas/,tattoo,"Cross, eye & skull forearm stack — 1 year healed",image,/healed_tattoo_gallery_las_vegas/healed-1-year-cross-eye-skull-full-length-joshua-cole-las-vegas.png,"One-year healed cross eye skull forearm tattoo full length photo by Joshua Cole, Work of Art Las…, Work of Art Tattoo & Piercing, Las Vegas",1 year · full length,Joshua Cole,YES,4,LIKELY,KEEP,Tattoo visual supports tattoo page.
/healed_tattoo_gallery_las_vegas/,tattoo,"Cross, eye & skull forearm stack — 1 year healed",image,/healed_tattoo_gallery_las_vegas/healed-1-year-cross-eye-skull-forearm-portrait-joshua-cole-las-vegas.webp,,1 year · portrait angle,Joshua Cole,YES,4,LIKELY,KEEP,Tattoo visual supports tattoo page.
/healed_tattoo_gallery_las_vegas/,tattoo,"Cross, eye & skull forearm stack — 1 year healed",image,/healed_tattoo_gallery_las_vegas/healed-1-year-cross-eye-skull-forearm-portrait-joshua-cole-las-vegas.png,"One-year healed realistic eye and skull forearm tattoo portrait angle by Joshua Cole, Las Vegas, Work of Art Tattoo & Piercing, Las Vegas",1 year · portrait angle,Joshua Cole,YES,4,LIKELY,KEEP,Tattoo visual supports tattoo page.
/healed_tattoo_gallery_las_vegas/,tattoo,"Cross, eye & skull forearm stack — 1 year healed",image,/healed_tattoo_gallery_las_vegas/healed-1-year-realistic-eye-skull-forearm-joshua-cole-las-vegas.webp,,1 year · eye detail,Joshua Cole,YES,4,LIKELY,KEEP,Tattoo visual supports tattoo page.
/healed_tattoo_gallery_las_vegas/,tattoo,"Cross, eye & skull forearm stack — 1 year healed",image,/healed_tattoo_gallery_las_vegas/healed-1-year-realistic-eye-skull-forearm-joshua-cole-las-vegas.png,"Healed one year realistic eye and skull black and grey forearm tattoo by Joshua Cole, Work of…, Work of Art Tattoo & Piercing, Las Vegas",1 year · eye detail,Joshua Cole,YES,4,LIKELY,KEEP,Tattoo visual supports tattoo page.
/healed_tattoo_gallery_las_vegas/,tattoo,"Cross, eye & skull forearm stack — 1 year healed",image,/healed_tattoo_gallery_las_vegas/healed-1-year-skull-eye-forearm-closeup-joshua-cole-las-vegas.webp,,1 year · skull & eye close-up,Joshua Cole,YES,4,LIKELY,KEEP,Tattoo visual supports tattoo page.
/healed_tattoo_gallery_las_vegas/,tattoo,"Cross, eye & skull forearm stack — 1 year healed",image,/healed_tattoo_gallery_las_vegas/healed-1-year-skull-eye-forearm-closeup-joshua-cole-las-vegas.png,"One-year healed skull and eye forearm close-up black and grey realism by Joshua Cole, Las Vegas, Work of Art Tattoo & Piercing, Las Vegas",1 year · skull & eye close-up,Joshua Cole,YES,4,LIKELY,KEEP,Tattoo visual supports tattoo page.
/healed_tattoo_gallery_las_vegas/,tattoo,"Cross, eye & skull forearm stack — 1 year healed",image,/healed_tattoo_gallery_las_vegas/healed-1-year-skull-teeth-forearm-closeup-joshua-cole-las-vegas.webp,,1 year · skull detail,Joshua Cole,YES,4,LIKELY,KEEP,Tattoo visual supports tattoo page.
/healed_tattoo_gallery_las_vegas/,tattoo,"Cross, eye & skull forearm stack — 1 year healed",image,/healed_tattoo_gallery_las_vegas/healed-1-year-skull-teeth-forearm-closeup-joshua-cole-las-vegas.png,"One-year healed skull teeth forearm tattoo close-up by Joshua Cole, Work of Art Las Vegas, Work of Art Tattoo & Piercing, Las Vegas",1 year · skull detail,Joshua Cole,YES,4,LIKELY,KEEP,Tattoo visual supports tattoo page.
/healed_tattoo_gallery_las_vegas/,tattoo,"Cross, eye & skull forearm stack — 1 year healed",image,/healed_tattoo_gallery_las_vegas/healed-1-year-cross-eye-skull-brown-skin-joshua-cole-las-vegas.webp,,1 year · on medium skin tone,Joshua Cole,YES,4,LIKELY,KEEP,Tattoo visual supports tattoo page.
/healed_tattoo_gallery_las_vegas/,tattoo,"Cross, eye & skull forearm stack — 1 year healed",image,/healed_tattoo_gallery_las_vegas/healed-1-year-cross-eye-skull-brown-skin-joshua-cole-las-vegas.png,"One-year healed cross eye skull forearm tattoo on medium skin tone by Joshua Cole, Las Vegas, Work of Art Tattoo & Piercing, Las Vegas",1 year · on medium skin tone,Joshua Cole,YES,4,LIKELY,KEEP,Tattoo visual supports tattoo page.
/healed_tattoo_gallery_las_vegas/,tattoo,Joshua Cole — painting in the studio,image,/home_work_of_art_tattoo_piercing/client-portfolio/skull-hourglass-forearm-realism-fresh-las-vegas.webp,,,Joshua Cole,YES,4,LIKELY,KEEP,Tattoo visual supports tattoo page.
/healed_tattoo_gallery_las_vegas/,tattoo,Joshua Cole — painting in the studio,image,/home_work_of_art_tattoo_piercing/client-portfolio/skull-hourglass-forearm-realism-fresh-las-vegas.png,"Skull & hourglass forearm — Joshua Cole, Work of Art Las Vegas, Work of Art Tattoo & Piercing, Las Vegas",,Joshua Cole,YES,4,LIKELY,KEEP,Tattoo visual supports tattoo page.
/healed_tattoo_gallery_las_vegas/,tattoo,,video,https://www.googletagmanager.com/ns.html?id=GTM-TZTQSQBB,,,,NO,3,UNKNOWN,REVIEW,Generic studio creative; acceptable when not used as portfolio proof.
/healed_tattoo_gallery_las_vegas/,tattoo,Planning your piece?,video,https://www.instagram.com/reel/C8vPwacP1du/,▶ Joshua Cole — painting in the studio Joshua at the easel — fine art and tattoo craft under one roof at Work of Art Las Vegas. Watch on Instagram,▶ Joshua Cole — painting in the studio Joshua at the easel — fine art and tattoo craft under one roof at Work of Art Las Vegas. Watch on Instagram,Joshua Cole,YES,3,LIKELY,REVIEW,Remote Instagram card; verify reel subject visually before using as proof.
/helix-piercing-las-vegas/,piercing,Helix piercing in Las Vegas,image,/studio_gallery/curated-helix-tragus-lobe-piercings-88475d3e.webp,Helix and curated ear piercing work by Katelyn Cole at Work of Art Las Vegas,Helix quick start,Katelyn Cole,YES,5,VERIFIED,KEEP,Piercing visual matches page intent.
/helix-piercing-las-vegas/,piercing,,video,https://www.googletagmanager.com/ns.html?id=GTM-TZTQSQBB,,,,NO,3,UNKNOWN,REVIEW,Generic asset on piercing page.
/helix-piercing-las-vegas/,piercing,Related piercing guides,video,https://www.instagram.com/reel/C78fY1quCVF/,▶ Katelyn Cole — piercing in the studio Watch Katelyn at Work of Art — calm ear curation and piercing placement in Las Vegas. Watch on Instagram,▶ Katelyn Cole — piercing in the studio Watch Katelyn at Work of Art — calm ear curation and piercing placement in Las Vegas. Watch on Instagram,Katelyn Cole,YES,3,VERIFIED,REVIEW,Remote Instagram card; verify reel subject visually before using as proof.
/high_nostril_piercing_las_vegas_authority_guide/,piercing,Real heal documentation,image,/studio_gallery/nostril-stud-on-smiling-client-dd626b1d.webp,,High nostril close-up Placement and angle marked for your anatomy — starter jewelry sized for swelling.,Katelyn Cole,YES,5,VERIFIED,KEEP,Piercing visual matches page intent.
/high_nostril_piercing_las_vegas_authority_guide/,piercing,Real heal documentation,image,/studio_gallery/nostril-stud-on-smiling-client-dd626b1d.png,High nostril close-up — High nostril — Work of Art Las Vegas,High nostril close-up Placement and angle marked for your anatomy — starter jewelry sized for swelling.,Katelyn Cole,YES,5,VERIFIED,KEEP,Piercing visual matches page intent.
/high_nostril_piercing_las_vegas_authority_guide/,piercing,Real heal documentation,image,/studio_gallery/facial-piercing-work-c65aaed1.webp,,"Healing week 1 Days 3–7: light crusties, tenderness, and a longer post on purpose — do not shorten jewelry at home.",Katelyn Cole,YES,5,VERIFIED,KEEP,Piercing visual matches page intent.
/high_nostril_piercing_las_vegas_authority_guide/,piercing,Real heal documentation,image,/studio_gallery/facial-piercing-work-c65aaed1.png,Healing week 1 — High nostril — Work of Art Las Vegas,"Healing week 1 Days 3–7: light crusties, tenderness, and a longer post on purpose — do not shorten jewelry at home.",Katelyn Cole,YES,5,VERIFIED,KEEP,Piercing visual matches page intent.
/high_nostril_piercing_las_vegas_authority_guide/,piercing,Real heal documentation,image,/studio_gallery/curated-facial-piercing-jewelry-display-7d759759.webp,,Healing month 2 Around 6–8 weeks swelling drops — this is when downsizing protects the angle and prevents bumps.,Katelyn Cole,YES,5,VERIFIED,KEEP,Piercing visual matches page intent.
/high_nostril_piercing_las_vegas_authority_guide/,piercing,Real heal documentation,image,/studio_gallery/curated-facial-piercing-jewelry-display-7d759759.png,Healing month 2 — High nostril — Work of Art Las Vegas,Healing month 2 Around 6–8 weeks swelling drops — this is when downsizing protects the angle and prevents bumps.,Katelyn Cole,YES,5,VERIFIED,KEEP,Piercing visual matches page intent.
/high_nostril_piercing_las_vegas_authority_guide/,piercing,Real heal documentation,image,/studio_gallery/jewelry-upgrade-86d3f26f.webp,,"Jewelry change Downsize to a shorter post or swap ends once the fistula is stable — booked as a check-in, not a mall kiosk.",Katelyn Cole,YES,5,VERIFIED,KEEP,Piercing visual matches page intent.
/high_nostril_piercing_las_vegas_authority_guide/,piercing,Real heal documentation,image,/studio_gallery/jewelry-upgrade-86d3f26f.png,Jewelry change — High nostril — Work of Art Las Vegas,"Jewelry change Downsize to a shorter post or swap ends once the fistula is stable — booked as a check-in, not a mall kiosk.",Katelyn Cole,YES,5,VERIFIED,KEEP,Piercing visual matches page intent.
/high_nostril_piercing_las_vegas_authority_guide/,piercing,,video,https://www.googletagmanager.com/ns.html?id=GTM-TZTQSQBB,,,,NO,3,UNKNOWN,REVIEW,Generic asset on piercing page.
/high_nostril_piercing_las_vegas_authority_guide/,piercing,Related piercing guides,video,https://www.instagram.com/reel/C78fY1quCVF/,▶ Katelyn Cole — piercing in the studio Watch Katelyn at Work of Art — calm ear curation and piercing placement in Las Vegas. Watch on Instagram,▶ Katelyn Cole — piercing in the studio Watch Katelyn at Work of Art — calm ear curation and piercing placement in Las Vegas. Watch on Instagram,Katelyn Cole,YES,3,VERIFIED,REVIEW,Remote Instagram card; verify reel subject visually before using as proof.
/how-to-choose-a-tattoo-artist/,tattoo,The Specialist's Checklist,image,/home_work_of_art_tattoo_piercing/client-portfolio/lion-clock-realism-shoulder-tattoo-las-vegas.webp,,,Joshua Cole,YES,4,LIKELY,KEEP,Tattoo visual supports tattoo page.
/how-to-choose-a-tattoo-artist/,tattoo,The Specialist's Checklist,image,/home_work_of_art_tattoo_piercing/client-portfolio/lion-clock-realism-shoulder-tattoo-las-vegas.png,"Black and grey realism shoulder tattoo merging a clock face with a roaring lion — Work of Art…, Work of Art Tattoo & Piercing, Las Vegas",,Joshua Cole,YES,4,LIKELY,KEEP,Tattoo visual supports tattoo page.
/how-to-choose-a-tattoo-artist/,tattoo,The Specialist's Checklist,image,/home_work_of_art_tattoo_piercing/client-portfolio/roaring-lion-tiger-forearm-realism-las-vegas.webp,,,Joshua Cole,YES,4,LIKELY,KEEP,Tattoo visual supports tattoo page.
/how-to-choose-a-tattoo-artist/,tattoo,The Specialist's Checklist,image,/home_work_of_art_tattoo_piercing/client-portfolio/roaring-lion-tiger-forearm-realism-las-vegas.png,"Black and grey roaring lion and tiger forearm realism with amber eyes — Work of Art Tattoo Las…, Work of Art Tattoo & Piercing, Las Vegas",,Joshua Cole,YES,4,LIKELY,KEEP,Tattoo visual supports tattoo page.
/how-to-choose-a-tattoo-artist/,tattoo,The Specialist's Checklist,image,/home_work_of_art_tattoo_piercing/client-portfolio/archangel-michael-demon-upper-arm-realism-las-vegas.webp,,,Joshua Cole,YES,4,LIKELY,KEEP,Tattoo visual supports tattoo page.
/how-to-choose-a-tattoo-artist/,tattoo,The Specialist's Checklist,image,/home_work_of_art_tattoo_piercing/client-portfolio/archangel-michael-demon-upper-arm-realism-las-vegas.png,"Black and grey realism upper arm tattoo of Archangel Michael defeating a demon — Work of Art…, Work of Art Tattoo & Piercing, Las Vegas",,Joshua Cole,YES,4,LIKELY,KEEP,Tattoo visual supports tattoo page.
/how-to-choose-a-tattoo-artist/,tattoo,The Specialist's Checklist,image,/home_work_of_art_tattoo_piercing/client-portfolio/woman-skull-skeletal-hand-forearm-realism-las-vegas.webp,,,Joshua Cole,YES,4,LIKELY,KEEP,Tattoo visual supports tattoo page.
/how-to-choose-a-tattoo-artist/,tattoo,The Specialist's Checklist,image,/home_work_of_art_tattoo_piercing/client-portfolio/woman-skull-skeletal-hand-forearm-realism-las-vegas.png,"Black and grey realism forearm tattoo with woman portrait, skull, and skeletal hand — Work of…, Work of Art Tattoo & Piercing, Las Vegas",,Joshua Cole,YES,4,LIKELY,KEEP,Tattoo visual supports tattoo page.
/how-to-choose-a-tattoo-artist/,tattoo,The Specialist's Checklist,image,/home_work_of_art_tattoo_piercing/client-portfolio/medusa-snake-hair-forearm-realism-las-vegas.webp,,,Joshua Cole,YES,4,LIKELY,KEEP,Tattoo visual supports tattoo page.
/how-to-choose-a-tattoo-artist/,tattoo,The Specialist's Checklist,image,/home_work_of_art_tattoo_piercing/client-portfolio/medusa-snake-hair-forearm-realism-las-vegas.png,"Black and grey Medusa forearm tattoo with detailed snake hair — Work of Art Tattoo Las Vegas, Work of Art Tattoo & Piercing, Las Vegas",,Joshua Cole,YES,4,LIKELY,KEEP,Tattoo visual supports tattoo page.
/how-to-choose-a-tattoo-artist/,tattoo,The Specialist's Checklist,image,/home_work_of_art_tattoo_piercing/client-portfolio/skull-hourglass-forearm-realism-fresh-las-vegas.webp,,,Joshua Cole,YES,4,LIKELY,KEEP,Tattoo visual supports tattoo page.
/how-to-choose-a-tattoo-artist/,tattoo,The Specialist's Checklist,image,/home_work_of_art_tattoo_piercing/client-portfolio/skull-hourglass-forearm-realism-fresh-las-vegas.png,"Fresh black and grey realism forearm tattoo with skull, ribs, and hourglass — Work of Art Tattoo…, Work of Art Tattoo & Piercing, Las Vegas",,Joshua Cole,YES,4,LIKELY,KEEP,Tattoo visual supports tattoo page.
/how-to-choose-a-tattoo-artist/,tattoo,The Specialist's Checklist,image,/home_work_of_art_tattoo_piercing/client-portfolio/money-rose-black-grey-realism-upper-arm-las-vegas.webp,,,Joshua Cole,YES,4,LIKELY,KEEP,Tattoo visual supports tattoo page.
/how-to-choose-a-tattoo-artist/,tattoo,The Specialist's Checklist,image,/home_work_of_art_tattoo_piercing/client-portfolio/money-rose-black-grey-realism-upper-arm-las-vegas.png,"Black and grey realism money rose tattoo on upper arm — Work of Art Tattoo Las Vegas, Work of Art Tattoo & Piercing, Las Vegas",,Joshua Cole,YES,4,LIKELY,KEEP,Tattoo visual supports tattoo page.
/how-to-choose-a-tattoo-artist/,tattoo,,video,https://www.googletagmanager.com/ns.html?id=GTM-TZTQSQBB,,,,NO,3,UNKNOWN,REVIEW,Generic studio creative; acceptable when not used as portfolio proof.
/how-to-choose-a-tattoo-artist/,tattoo,Questions clients ask,video,https://www.instagram.com/reel/C0nNwUkRHz6/,▶ Jewelry & placement — studio reel Jewelry fit and anatomical placement. Watch on Instagram,▶ Jewelry & placement — studio reel Jewelry fit and anatomical placement. Watch on Instagram,,NO,3,UNKNOWN,REVIEW,Remote Instagram card; verify reel subject visually before using as proof.
/how_much_do_tattoos_cost_in_las_vegas_authority_guide/,tattoo,Real case,image,/home_work_of_art_tattoo_piercing/client-portfolio/lion-clock-realism-shoulder-tattoo-las-vegas.webp,,Original Work of Art portfolio photo used to illustrate why detail and size affect cost.,Joshua Cole,YES,4,LIKELY,KEEP,Tattoo visual supports tattoo page.
/how_much_do_tattoos_cost_in_las_vegas_authority_guide/,tattoo,Real case,image,/home_work_of_art_tattoo_piercing/client-portfolio/lion-clock-realism-shoulder-tattoo-las-vegas.png,Lion and clock realism shoulder tattoo pricing example,Original Work of Art portfolio photo used to illustrate why detail and size affect cost.,Joshua Cole,YES,4,LIKELY,KEEP,Tattoo visual supports tattoo page.
/how_much_do_tattoos_cost_in_las_vegas_authority_guide/,tattoo,Critical Factors Influencing Your Quote,image,/home_work_of_art_tattoo_piercing/client-portfolio/lion-clock-realism-shoulder-tattoo-las-vegas.webp,,,Joshua Cole,YES,4,LIKELY,KEEP,Tattoo visual supports tattoo page.
/how_much_do_tattoos_cost_in_las_vegas_authority_guide/,tattoo,Critical Factors Influencing Your Quote,image,/home_work_of_art_tattoo_piercing/client-portfolio/lion-clock-realism-shoulder-tattoo-las-vegas.png,"Black and grey realism shoulder tattoo merging a clock face with a roaring lion — Work of Art…, Work of Art Tattoo & Piercing, Las Vegas",,Joshua Cole,YES,4,LIKELY,KEEP,Tattoo visual supports tattoo page.
/how_much_do_tattoos_cost_in_las_vegas_authority_guide/,tattoo,Critical Factors Influencing Your Quote,image,/home_work_of_art_tattoo_piercing/client-portfolio/roaring-lion-tiger-forearm-realism-las-vegas.webp,,,Joshua Cole,YES,4,LIKELY,KEEP,Tattoo visual supports tattoo page.
/how_much_do_tattoos_cost_in_las_vegas_authority_guide/,tattoo,Critical Factors Influencing Your Quote,image,/home_work_of_art_tattoo_piercing/client-portfolio/roaring-lion-tiger-forearm-realism-las-vegas.png,"Black and grey roaring lion and tiger forearm realism with amber eyes — Work of Art Tattoo Las…, Work of Art Tattoo & Piercing, Las Vegas",,Joshua Cole,YES,4,LIKELY,KEEP,Tattoo visual supports tattoo page.
/how_much_do_tattoos_cost_in_las_vegas_authority_guide/,tattoo,Critical Factors Influencing Your Quote,image,/home_work_of_art_tattoo_piercing/client-portfolio/archangel-michael-demon-upper-arm-realism-las-vegas.webp,,,Joshua Cole,YES,4,LIKELY,KEEP,Tattoo visual supports tattoo page.
/how_much_do_tattoos_cost_in_las_vegas_authority_guide/,tattoo,Critical Factors Influencing Your Quote,image,/home_work_of_art_tattoo_piercing/client-portfolio/archangel-michael-demon-upper-arm-realism-las-vegas.png,"Black and grey realism upper arm tattoo of Archangel Michael defeating a demon — Work of Art…, Work of Art Tattoo & Piercing, Las Vegas",,Joshua Cole,YES,4,LIKELY,KEEP,Tattoo visual supports tattoo page.
/how_much_do_tattoos_cost_in_las_vegas_authority_guide/,tattoo,Critical Factors Influencing Your Quote,image,/home_work_of_art_tattoo_piercing/client-portfolio/woman-skull-skeletal-hand-forearm-realism-las-vegas.webp,,,Joshua Cole,YES,4,LIKELY,KEEP,Tattoo visual supports tattoo page.
/how_much_do_tattoos_cost_in_las_vegas_authority_guide/,tattoo,Critical Factors Influencing Your Quote,image,/home_work_of_art_tattoo_piercing/client-portfolio/woman-skull-skeletal-hand-forearm-realism-las-vegas.png,"Black and grey realism forearm tattoo with woman portrait, skull, and skeletal hand — Work of…, Work of Art Tattoo & Piercing, Las Vegas",,Joshua Cole,YES,4,LIKELY,KEEP,Tattoo visual supports tattoo page.
/how_much_do_tattoos_cost_in_las_vegas_authority_guide/,tattoo,Critical Factors Influencing Your Quote,image,/home_work_of_art_tattoo_piercing/client-portfolio/medusa-snake-hair-forearm-realism-las-vegas.webp,,,Joshua Cole,YES,4,LIKELY,KEEP,Tattoo visual supports tattoo page.
/how_much_do_tattoos_cost_in_las_vegas_authority_guide/,tattoo,Critical Factors Influencing Your Quote,image,/home_work_of_art_tattoo_piercing/client-portfolio/medusa-snake-hair-forearm-realism-las-vegas.png,"Black and grey Medusa forearm tattoo with detailed snake hair — Work of Art Tattoo Las Vegas, Work of Art Tattoo & Piercing, Las Vegas",,Joshua Cole,YES,4,LIKELY,KEEP,Tattoo visual supports tattoo page.
/how_much_do_tattoos_cost_in_las_vegas_authority_guide/,tattoo,Critical Factors Influencing Your Quote,image,/home_work_of_art_tattoo_piercing/client-portfolio/skull-hourglass-forearm-realism-fresh-las-vegas.webp,,,Joshua Cole,YES,4,LIKELY,KEEP,Tattoo visual supports tattoo page.
/how_much_do_tattoos_cost_in_las_vegas_authority_guide/,tattoo,Critical Factors Influencing Your Quote,image,/home_work_of_art_tattoo_piercing/client-portfolio/skull-hourglass-forearm-realism-fresh-las-vegas.png,"Fresh black and grey realism forearm tattoo with skull, ribs, and hourglass — Work of Art Tattoo…, Work of Art Tattoo & Piercing, Las Vegas",,Joshua Cole,YES,4,LIKELY,KEEP,Tattoo visual supports tattoo page.
/how_much_do_tattoos_cost_in_las_vegas_authority_guide/,tattoo,Critical Factors Influencing Your Quote,image,/home_work_of_art_tattoo_piercing/client-portfolio/money-rose-black-grey-realism-upper-arm-las-vegas.webp,,,Joshua Cole,YES,4,LIKELY,KEEP,Tattoo visual supports tattoo page.
/how_much_do_tattoos_cost_in_las_vegas_authority_guide/,tattoo,Critical Factors Influencing Your Quote,image,/home_work_of_art_tattoo_piercing/client-portfolio/money-rose-black-grey-realism-upper-arm-las-vegas.png,"Black and grey realism money rose tattoo on upper arm — Work of Art Tattoo Las Vegas, Work of Art Tattoo & Piercing, Las Vegas",,Joshua Cole,YES,4,LIKELY,KEEP,Tattoo visual supports tattoo page.
/how_much_do_tattoos_cost_in_las_vegas_authority_guide/,tattoo,Real heal documentation,image,/studio_gallery/curated-helix-tragus-lobe-piercings-88475d3e.webp,,Ear piercing close-up Placement and angle marked for your anatomy — starter jewelry sized for swelling.,Katelyn Cole,YES,1,VERIFIED,REPLACE,Piercing creative on tattoo page.
/how_much_do_tattoos_cost_in_las_vegas_authority_guide/,tattoo,Real heal documentation,image,/studio_gallery/curated-helix-tragus-lobe-piercings-88475d3e.png,Ear piercing close-up — Ear piercing — Work of Art Las Vegas,Ear piercing close-up Placement and angle marked for your anatomy — starter jewelry sized for swelling.,Katelyn Cole,YES,1,VERIFIED,REPLACE,Piercing creative on tattoo page.
/how_much_do_tattoos_cost_in_las_vegas_authority_guide/,tattoo,Real heal documentation,image,/studio_gallery/triple-flat-conch-lobe-ear-setup-f28e160a.webp,,Healing week 1 Fresh cartilage or lobe — starter studs with extra post length for swelling.,Katelyn Cole,YES,4,VERIFIED,KEEP,Tattoo visual supports tattoo page.
/how_much_do_tattoos_cost_in_las_vegas_authority_guide/,tattoo,Real heal documentation,image,/studio_gallery/triple-flat-conch-lobe-ear-setup-f28e160a.png,Healing week 1 — Ear piercing — Work of Art Las Vegas,Healing week 1 Fresh cartilage or lobe — starter studs with extra post length for swelling.,Katelyn Cole,YES,4,VERIFIED,KEEP,Tattoo visual supports tattoo page.
/how_much_do_tattoos_cost_in_las_vegas_authority_guide/,tattoo,Real heal documentation,image,/studio_gallery/ear-piercing-healed-result-0f5998be.webp,,Healing month 2 Around 6–8 weeks swelling drops — this is when downsizing protects the angle and prevents bumps.,Katelyn Cole,YES,4,VERIFIED,KEEP,Tattoo visual supports tattoo page.
/how_much_do_tattoos_cost_in_las_vegas_authority_guide/,tattoo,Real heal documentation,image,/studio_gallery/ear-piercing-healed-result-0f5998be.png,Healing month 2 — Ear piercing — Work of Art Las Vegas,Healing month 2 Around 6–8 weeks swelling drops — this is when downsizing protects the angle and prevents bumps.,Katelyn Cole,YES,4,VERIFIED,KEEP,Tattoo visual supports tattoo page.
/how_much_do_tattoos_cost_in_las_vegas_authority_guide/,tattoo,Real heal documentation,image,/studio_gallery/jewelry-upgrade-86d3f26f.webp,,"Jewelry change Downsize to a shorter post or swap ends once the fistula is stable — booked as a check-in, not a mall kiosk.",Katelyn Cole,YES,1,VERIFIED,REPLACE,Piercing creative on tattoo page.
/how_much_do_tattoos_cost_in_las_vegas_authority_guide/,tattoo,Real heal documentation,image,/studio_gallery/jewelry-upgrade-86d3f26f.png,Jewelry change — Ear piercing — Work of Art Las Vegas,"Jewelry change Downsize to a shorter post or swap ends once the fistula is stable — booked as a check-in, not a mall kiosk.",Katelyn Cole,YES,1,VERIFIED,REPLACE,Piercing creative on tattoo page.
/how_much_do_tattoos_cost_in_las_vegas_authority_guide/,tattoo,Real heal documentation,image,/studio_gallery/flat-and-conch-cartilage-studs-c317138a.webp,,Swelling example Flat and conch starters sit long on purpose — shortening too soon causes embedding and bumps.,Katelyn Cole,YES,1,VERIFIED,REPLACE,Piercing creative on tattoo page.
/how_much_do_tattoos_cost_in_las_vegas_authority_guide/,tattoo,Real heal documentation,image,/studio_gallery/flat-and-conch-cartilage-studs-c317138a.png,Swelling example — Ear piercing — Work of Art Las Vegas,Swelling example Flat and conch starters sit long on purpose — shortening too soon causes embedding and bumps.,Katelyn Cole,YES,1,VERIFIED,REPLACE,Piercing creative on tattoo page.
/how_much_do_tattoos_cost_in_las_vegas_authority_guide/,tattoo,,video,https://www.googletagmanager.com/ns.html?id=GTM-TZTQSQBB,,,,NO,3,UNKNOWN,REVIEW,Generic studio creative; acceptable when not used as portfolio proof.
/how_much_do_tattoos_cost_in_las_vegas_authority_guide/,tattoo,Questions clients ask,video,https://www.instagram.com/reel/C0nNwUkRHz6/,▶ Jewelry & placement — studio reel Jewelry fit and anatomical placement. Watch on Instagram,▶ Jewelry & placement — studio reel Jewelry fit and anatomical placement. Watch on Instagram,,NO,3,UNKNOWN,REVIEW,Remote Instagram card; verify reel subject visually before using as proof.
/hypodermis_skin_science_las_vegas_authority_guide/,tattoo skin science/healing,Real heal documentation,image,/healed_tattoo_gallery_las_vegas/fresh-all-seeing-eye-triangle-forearm-joshua-cole-las-vegas.webp,,Tattoo skin science close-up Fresh tattoo surface detail — the epidermis is irritated while pigment is placed below it.,Joshua Cole,YES,4,LIKELY,KEEP,Tattoo visual supports skin/healing explanation.
/hypodermis_skin_science_las_vegas_authority_guide/,tattoo skin science/healing,Real heal documentation,image,/healed_tattoo_gallery_las_vegas/fresh-all-seeing-eye-triangle-forearm-joshua-cole-las-vegas.png,Tattoo skin science close-up — Tattoo skin science — Work of Art Las Vegas,Tattoo skin science close-up Fresh tattoo surface detail — the epidermis is irritated while pigment is placed below it.,Joshua Cole,YES,4,LIKELY,KEEP,Tattoo visual supports skin/healing explanation.
/hypodermis_skin_science_las_vegas_authority_guide/,tattoo skin science/healing,Real heal documentation,image,/tattoo_healing_before_after_real_results/eagle-memorial-calf-fresh-tattoo-las-vegas.webp,,"Healing week 1 Early tattoo healing reference — surface shine, tightness, and light texture can change how value reads.",,YES,4,UNKNOWN,KEEP,Tattoo visual supports skin/healing explanation.
/hypodermis_skin_science_las_vegas_authority_guide/,tattoo skin science/healing,Real heal documentation,image,/tattoo_healing_before_after_real_results/eagle-memorial-calf-fresh-tattoo-las-vegas.png,Healing week 1 — Tattoo skin science — Work of Art Las Vegas,"Healing week 1 Early tattoo healing reference — surface shine, tightness, and light texture can change how value reads.",,YES,4,UNKNOWN,KEEP,Tattoo visual supports skin/healing explanation.
/hypodermis_skin_science_las_vegas_authority_guide/,tattoo skin science/healing,Real heal documentation,image,/tattoo_healing_before_after_real_results/eagle-memorial-calf-fresh-vs-healed-comparison-las-vegas.webp,,Healing month 2 Fresh vs settled tattoo comparison — useful for explaining how the surface calms while pigment remains.,,YES,4,UNKNOWN,KEEP,Tattoo visual supports skin/healing explanation.
/hypodermis_skin_science_las_vegas_authority_guide/,tattoo skin science/healing,Real heal documentation,image,/tattoo_healing_before_after_real_results/eagle-memorial-calf-fresh-vs-healed-comparison-las-vegas.png,Healing month 2 — Tattoo skin science — Work of Art Las Vegas,Healing month 2 Fresh vs settled tattoo comparison — useful for explaining how the surface calms while pigment remains.,,YES,4,UNKNOWN,KEEP,Tattoo visual supports skin/healing explanation.
/hypodermis_skin_science_las_vegas_authority_guide/,tattoo skin science/healing,Real heal documentation,image,/healed_tattoo_gallery_las_vegas/healed-3-month-roaring-lion-thigh-joshua-cole-las-vegas.webp,,Settled heal Settled black and grey tattoo detail — healed contrast is what matters for long-term readability.,Joshua Cole,YES,4,LIKELY,KEEP,Tattoo visual supports skin/healing explanation.
/hypodermis_skin_science_las_vegas_authority_guide/,tattoo skin science/healing,Real heal documentation,image,/healed_tattoo_gallery_las_vegas/healed-3-month-roaring-lion-thigh-joshua-cole-las-vegas.png,Settled heal — Tattoo skin science — Work of Art Las Vegas,Settled heal Settled black and grey tattoo detail — healed contrast is what matters for long-term readability.,Joshua Cole,YES,4,LIKELY,KEEP,Tattoo visual supports skin/healing explanation.
/hypodermis_skin_science_las_vegas_authority_guide/,tattoo skin science/healing,Real heal documentation,image,/home_work_of_art_tattoo_piercing/client-portfolio/skull-hourglass-forearm-realism-fresh-las-vegas.webp,,"Fresh redness Day-zero tattoo surface redness — shown as healing context, not as finished portfolio proof.",Joshua Cole,YES,1,LIKELY,REPLACE,Piercing imagery on tattoo skin-science page.
/hypodermis_skin_science_las_vegas_authority_guide/,tattoo skin science/healing,Real heal documentation,image,/home_work_of_art_tattoo_piercing/client-portfolio/skull-hourglass-forearm-realism-fresh-las-vegas.png,Fresh redness — Tattoo skin science — Work of Art Las Vegas,"Fresh redness Day-zero tattoo surface redness — shown as healing context, not as finished portfolio proof.",Joshua Cole,YES,1,LIKELY,REPLACE,Piercing imagery on tattoo skin-science page.
/hypodermis_skin_science_las_vegas_authority_guide/,tattoo skin science/healing,,video,https://www.googletagmanager.com/ns.html?id=GTM-TZTQSQBB,,,,NO,2,UNKNOWN,REVIEW,Weak skin-science support.
/hypodermis_skin_science_las_vegas_authority_guide/,tattoo skin science/healing,Book a consult,video,https://www.instagram.com/reel/C3GjVCdLUQ9/,▶ Piercing session — studio reel In-studio with professional piercer Katelyn Cole. Watch on Instagram,▶ Piercing session — studio reel In-studio with professional piercer Katelyn Cole. Watch on Instagram,Katelyn Cole,YES,3,VERIFIED,REVIEW,Remote Instagram card; verify reel subject visually before using as proof.
/image-license/,tattoo,,video,https://www.googletagmanager.com/ns.html?id=GTM-TZTQSQBB,,,,NO,3,UNKNOWN,REVIEW,Generic studio creative; acceptable when not used as portfolio proof.
/industrial_piercing_las_vegas_authority_guide/,piercing,Real heal documentation,image,/studio_gallery/fresh-upper-cartilage-industrial-bar-2e41fc98.webp,,Industrial close-up Placement and angle marked for your anatomy — starter jewelry sized for swelling.,Katelyn Cole,YES,5,VERIFIED,KEEP,Piercing visual matches page intent.
/industrial_piercing_las_vegas_authority_guide/,piercing,Real heal documentation,image,/studio_gallery/fresh-upper-cartilage-industrial-bar-2e41fc98.png,Industrial close-up — Industrial — Work of Art Las Vegas,Industrial close-up Placement and angle marked for your anatomy — starter jewelry sized for swelling.,Katelyn Cole,YES,5,VERIFIED,KEEP,Piercing visual matches page intent.
/industrial_piercing_las_vegas_authority_guide/,piercing,Real heal documentation,image,/studio_gallery/industrial-bar-and-gold-hoop-a704b2d4.webp,,Healing month 2 Around 6–8 weeks swelling drops — this is when downsizing protects the angle and prevents bumps.,,YES,1,UNKNOWN,REPLACE,Tattoo asset on piercing intent page.
/industrial_piercing_las_vegas_authority_guide/,piercing,Real heal documentation,image,/studio_gallery/industrial-bar-and-gold-hoop-a704b2d4.png,Healing month 2 — Industrial — Work of Art Las Vegas,Healing month 2 Around 6–8 weeks swelling drops — this is when downsizing protects the angle and prevents bumps.,,YES,1,UNKNOWN,REPLACE,Tattoo asset on piercing intent page.
/industrial_piercing_las_vegas_authority_guide/,piercing,Real heal documentation,image,/studio_gallery/jewelry-upgrade-86d3f26f.webp,,"Jewelry change Downsize to a shorter post or swap ends once the fistula is stable — booked as a check-in, not a mall kiosk.",Katelyn Cole,YES,5,VERIFIED,KEEP,Piercing visual matches page intent.
/industrial_piercing_las_vegas_authority_guide/,piercing,Real heal documentation,image,/studio_gallery/jewelry-upgrade-86d3f26f.png,Jewelry change — Industrial — Work of Art Las Vegas,"Jewelry change Downsize to a shorter post or swap ends once the fistula is stable — booked as a check-in, not a mall kiosk.",Katelyn Cole,YES,5,VERIFIED,KEEP,Piercing visual matches page intent.
/industrial_piercing_las_vegas_authority_guide/,piercing,,video,https://www.googletagmanager.com/ns.html?id=GTM-TZTQSQBB,,,,NO,3,UNKNOWN,REVIEW,Generic asset on piercing page.
/industrial_piercing_las_vegas_authority_guide/,piercing,Related piercing guides,video,https://www.instagram.com/reel/C78fY1quCVF/,▶ Katelyn Cole — piercing in the studio Watch Katelyn at Work of Art — calm ear curation and piercing placement in Las Vegas. Watch on Instagram,▶ Katelyn Cole — piercing in the studio Watch Katelyn at Work of Art — calm ear curation and piercing placement in Las Vegas. Watch on Instagram,Katelyn Cole,YES,3,VERIFIED,REVIEW,Remote Instagram card; verify reel subject visually before using as proof.
/joshua_oil_painting_black_grey_tattoo_aging_las_vegas/,realism tattoo,,video,https://www.googletagmanager.com/ns.html?id=GTM-TZTQSQBB,,,,NO,1,UNKNOWN,REPLACE,Non-tattoo creative on realism page.
/joshua_oil_painting_black_grey_tattoo_aging_las_vegas/,realism tattoo,See the approach on healed skin,video,https://www.instagram.com/reel/Cpp18lXgU3P/,▶ Joshua Cole — seminars & advanced training Continuing education and advanced training from Joshua Cole. Watch on Instagram,▶ Joshua Cole — seminars & advanced training Continuing education and advanced training from Joshua Cole. Watch on Instagram,Joshua Cole,YES,3,LIKELY,REVIEW,Remote Instagram card; verify reel subject visually before using as proof.
/katelyn_anatomy_matters_las_vegas_authority_guide/,general studio,Real heal documentation,image,/studio_gallery/curated-helix-tragus-lobe-piercings-88475d3e.webp,,Ear piercing close-up Placement and angle marked for your anatomy — starter jewelry sized for swelling.,Katelyn Cole,YES,3,VERIFIED,REVIEW,Generic studio creative; acceptable when not used as portfolio proof.
/katelyn_anatomy_matters_las_vegas_authority_guide/,general studio,Real heal documentation,image,/studio_gallery/curated-helix-tragus-lobe-piercings-88475d3e.png,Ear piercing close-up — Ear piercing — Work of Art Las Vegas,Ear piercing close-up Placement and angle marked for your anatomy — starter jewelry sized for swelling.,Katelyn Cole,YES,3,VERIFIED,REVIEW,Generic studio creative; acceptable when not used as portfolio proof.
/katelyn_anatomy_matters_las_vegas_authority_guide/,general studio,Real heal documentation,image,/studio_gallery/triple-flat-conch-lobe-ear-setup-f28e160a.webp,,Healing week 1 Fresh cartilage or lobe — starter studs with extra post length for swelling.,Katelyn Cole,YES,3,VERIFIED,REVIEW,Generic studio creative; acceptable when not used as portfolio proof.
/katelyn_anatomy_matters_las_vegas_authority_guide/,general studio,Real heal documentation,image,/studio_gallery/triple-flat-conch-lobe-ear-setup-f28e160a.png,Healing week 1 — Ear piercing — Work of Art Las Vegas,Healing week 1 Fresh cartilage or lobe — starter studs with extra post length for swelling.,Katelyn Cole,YES,3,VERIFIED,REVIEW,Generic studio creative; acceptable when not used as portfolio proof.
/katelyn_anatomy_matters_las_vegas_authority_guide/,general studio,Real heal documentation,image,/studio_gallery/ear-piercing-healed-result-0f5998be.webp,,Healing month 2 Around 6–8 weeks swelling drops — this is when downsizing protects the angle and prevents bumps.,Katelyn Cole,YES,3,VERIFIED,REVIEW,Generic studio creative; acceptable when not used as portfolio proof.
/katelyn_anatomy_matters_las_vegas_authority_guide/,general studio,Real heal documentation,image,/studio_gallery/ear-piercing-healed-result-0f5998be.png,Healing month 2 — Ear piercing — Work of Art Las Vegas,Healing month 2 Around 6–8 weeks swelling drops — this is when downsizing protects the angle and prevents bumps.,Katelyn Cole,YES,3,VERIFIED,REVIEW,Generic studio creative; acceptable when not used as portfolio proof.
/katelyn_anatomy_matters_las_vegas_authority_guide/,general studio,Real heal documentation,image,/studio_gallery/jewelry-upgrade-86d3f26f.webp,,"Jewelry change Downsize to a shorter post or swap ends once the fistula is stable — booked as a check-in, not a mall kiosk.",Katelyn Cole,YES,3,VERIFIED,REVIEW,Generic studio creative; acceptable when not used as portfolio proof.
/katelyn_anatomy_matters_las_vegas_authority_guide/,general studio,Real heal documentation,image,/studio_gallery/jewelry-upgrade-86d3f26f.png,Jewelry change — Ear piercing — Work of Art Las Vegas,"Jewelry change Downsize to a shorter post or swap ends once the fistula is stable — booked as a check-in, not a mall kiosk.",Katelyn Cole,YES,3,VERIFIED,REVIEW,Generic studio creative; acceptable when not used as portfolio proof.
/katelyn_anatomy_matters_las_vegas_authority_guide/,general studio,Real heal documentation,image,/studio_gallery/flat-and-conch-cartilage-studs-c317138a.webp,,Swelling example Flat and conch starters sit long on purpose — shortening too soon causes embedding and bumps.,Katelyn Cole,YES,3,VERIFIED,REVIEW,Generic studio creative; acceptable when not used as portfolio proof.
/katelyn_anatomy_matters_las_vegas_authority_guide/,general studio,Real heal documentation,image,/studio_gallery/flat-and-conch-cartilage-studs-c317138a.png,Swelling example — Ear piercing — Work of Art Las Vegas,Swelling example Flat and conch starters sit long on purpose — shortening too soon causes embedding and bumps.,Katelyn Cole,YES,3,VERIFIED,REVIEW,Generic studio creative; acceptable when not used as portfolio proof.
/katelyn_anatomy_matters_las_vegas_authority_guide/,general studio,,video,https://www.googletagmanager.com/ns.html?id=GTM-TZTQSQBB,,,,NO,3,UNKNOWN,REVIEW,Generic studio creative; acceptable when not used as portfolio proof.
/katelyn_anatomy_matters_las_vegas_authority_guide/,general studio,Real heal documentation,video,https://www.instagram.com/reel/C78fY1quCVF/,▶ Katelyn Cole — piercing in the studio Watch Katelyn at Work of Art — calm ear curation and piercing placement in Las Vegas. Watch on Instagram,▶ Katelyn Cole — piercing in the studio Watch Katelyn at Work of Art — calm ear curation and piercing placement in Las Vegas. Watch on Instagram,Katelyn Cole,YES,3,VERIFIED,REVIEW,Remote Instagram card; verify reel subject visually before using as proof.
/katelyn_butterfly_backs_truth_las_vegas_authority_guide/,general studio,Real heal documentation,image,/studio_gallery/curated-helix-tragus-lobe-piercings-88475d3e.webp,,Ear piercing close-up Placement and angle marked for your anatomy — starter jewelry sized for swelling.,Katelyn Cole,YES,3,VERIFIED,REVIEW,Generic studio creative; acceptable when not used as portfolio proof.
/katelyn_butterfly_backs_truth_las_vegas_authority_guide/,general studio,Real heal documentation,image,/studio_gallery/curated-helix-tragus-lobe-piercings-88475d3e.png,Ear piercing close-up — Ear piercing — Work of Art Las Vegas,Ear piercing close-up Placement and angle marked for your anatomy — starter jewelry sized for swelling.,Katelyn Cole,YES,3,VERIFIED,REVIEW,Generic studio creative; acceptable when not used as portfolio proof.
/katelyn_butterfly_backs_truth_las_vegas_authority_guide/,general studio,Real heal documentation,image,/studio_gallery/triple-flat-conch-lobe-ear-setup-f28e160a.webp,,Healing week 1 Fresh cartilage or lobe — starter studs with extra post length for swelling.,Katelyn Cole,YES,3,VERIFIED,REVIEW,Generic studio creative; acceptable when not used as portfolio proof.
/katelyn_butterfly_backs_truth_las_vegas_authority_guide/,general studio,Real heal documentation,image,/studio_gallery/triple-flat-conch-lobe-ear-setup-f28e160a.png,Healing week 1 — Ear piercing — Work of Art Las Vegas,Healing week 1 Fresh cartilage or lobe — starter studs with extra post length for swelling.,Katelyn Cole,YES,3,VERIFIED,REVIEW,Generic studio creative; acceptable when not used as portfolio proof.
/katelyn_butterfly_backs_truth_las_vegas_authority_guide/,general studio,Real heal documentation,image,/studio_gallery/ear-piercing-healed-result-0f5998be.webp,,Healing month 2 Around 6–8 weeks swelling drops — this is when downsizing protects the angle and prevents bumps.,Katelyn Cole,YES,3,VERIFIED,REVIEW,Generic studio creative; acceptable when not used as portfolio proof.
/katelyn_butterfly_backs_truth_las_vegas_authority_guide/,general studio,Real heal documentation,image,/studio_gallery/ear-piercing-healed-result-0f5998be.png,Healing month 2 — Ear piercing — Work of Art Las Vegas,Healing month 2 Around 6–8 weeks swelling drops — this is when downsizing protects the angle and prevents bumps.,Katelyn Cole,YES,3,VERIFIED,REVIEW,Generic studio creative; acceptable when not used as portfolio proof.
/katelyn_butterfly_backs_truth_las_vegas_authority_guide/,general studio,Real heal documentation,image,/studio_gallery/jewelry-upgrade-86d3f26f.webp,,"Jewelry change Downsize to a shorter post or swap ends once the fistula is stable — booked as a check-in, not a mall kiosk.",Katelyn Cole,YES,3,VERIFIED,REVIEW,Generic studio creative; acceptable when not used as portfolio proof.
/katelyn_butterfly_backs_truth_las_vegas_authority_guide/,general studio,Real heal documentation,image,/studio_gallery/jewelry-upgrade-86d3f26f.png,Jewelry change — Ear piercing — Work of Art Las Vegas,"Jewelry change Downsize to a shorter post or swap ends once the fistula is stable — booked as a check-in, not a mall kiosk.",Katelyn Cole,YES,3,VERIFIED,REVIEW,Generic studio creative; acceptable when not used as portfolio proof.
/katelyn_butterfly_backs_truth_las_vegas_authority_guide/,general studio,Real heal documentation,image,/studio_gallery/flat-and-conch-cartilage-studs-c317138a.webp,,Swelling example Flat and conch starters sit long on purpose — shortening too soon causes embedding and bumps.,Katelyn Cole,YES,3,VERIFIED,REVIEW,Generic studio creative; acceptable when not used as portfolio proof.
/katelyn_butterfly_backs_truth_las_vegas_authority_guide/,general studio,Real heal documentation,image,/studio_gallery/flat-and-conch-cartilage-studs-c317138a.png,Swelling example — Ear piercing — Work of Art Las Vegas,Swelling example Flat and conch starters sit long on purpose — shortening too soon causes embedding and bumps.,Katelyn Cole,YES,3,VERIFIED,REVIEW,Generic studio creative; acceptable when not used as portfolio proof.
/katelyn_butterfly_backs_truth_las_vegas_authority_guide/,general studio,,video,https://www.googletagmanager.com/ns.html?id=GTM-TZTQSQBB,,,,NO,3,UNKNOWN,REVIEW,Generic studio creative; acceptable when not used as portfolio proof.
/katelyn_butterfly_backs_truth_las_vegas_authority_guide/,general studio,Real heal documentation,video,https://www.instagram.com/reel/C78fY1quCVF/,▶ Katelyn Cole — piercing in the studio Watch Katelyn at Work of Art — calm ear curation and piercing placement in Las Vegas. Watch on Instagram,▶ Katelyn Cole — piercing in the studio Watch Katelyn at Work of Art — calm ear curation and piercing placement in Las Vegas. Watch on Instagram,Katelyn Cole,YES,3,VERIFIED,REVIEW,Remote Instagram card; verify reel subject visually before using as proof.
/katelyn_cole_piercing_authority_hub_las_vegas/,piercing,,video,https://www.googletagmanager.com/ns.html?id=GTM-TZTQSQBB,,,,NO,3,UNKNOWN,REVIEW,Generic asset on piercing page.
/katelyn_cole_piercing_authority_hub_las_vegas/,piercing,How I Pierce Minors,video,https://www.instagram.com/reel/C78fY1quCVF/,▶ Katelyn Cole — piercing in the studio Watch Katelyn at Work of Art — calm ear curation and piercing placement in Las Vegas. Watch on Instagram,▶ Katelyn Cole — piercing in the studio Watch Katelyn at Work of Art — calm ear curation and piercing placement in Las Vegas. Watch on Instagram,Katelyn Cole,YES,3,VERIFIED,REVIEW,Remote Instagram card; verify reel subject visually before using as proof.
/katelyn_downsizing_jewelry_las_vegas_authority_guide/,piercing,Real heal documentation,image,/studio_gallery/curated-helix-tragus-lobe-piercings-88475d3e.webp,,Ear piercing close-up Placement and angle marked for your anatomy — starter jewelry sized for swelling.,Katelyn Cole,YES,5,VERIFIED,KEEP,Piercing visual matches page intent.
/katelyn_downsizing_jewelry_las_vegas_authority_guide/,piercing,Real heal documentation,image,/studio_gallery/curated-helix-tragus-lobe-piercings-88475d3e.png,Ear piercing close-up — Ear piercing — Work of Art Las Vegas,Ear piercing close-up Placement and angle marked for your anatomy — starter jewelry sized for swelling.,Katelyn Cole,YES,5,VERIFIED,KEEP,Piercing visual matches page intent.
/katelyn_downsizing_jewelry_las_vegas_authority_guide/,piercing,Real heal documentation,image,/studio_gallery/triple-flat-conch-lobe-ear-setup-f28e160a.webp,,Healing week 1 Fresh cartilage or lobe — starter studs with extra post length for swelling.,Katelyn Cole,YES,5,VERIFIED,KEEP,Piercing visual matches page intent.
/katelyn_downsizing_jewelry_las_vegas_authority_guide/,piercing,Real heal documentation,image,/studio_gallery/triple-flat-conch-lobe-ear-setup-f28e160a.png,Healing week 1 — Ear piercing — Work of Art Las Vegas,Healing week 1 Fresh cartilage or lobe — starter studs with extra post length for swelling.,Katelyn Cole,YES,5,VERIFIED,KEEP,Piercing visual matches page intent.
/katelyn_downsizing_jewelry_las_vegas_authority_guide/,piercing,Real heal documentation,image,/studio_gallery/ear-piercing-healed-result-0f5998be.webp,,Healing month 2 Around 6–8 weeks swelling drops — this is when downsizing protects the angle and prevents bumps.,Katelyn Cole,YES,5,VERIFIED,KEEP,Piercing visual matches page intent.
/katelyn_downsizing_jewelry_las_vegas_authority_guide/,piercing,Real heal documentation,image,/studio_gallery/ear-piercing-healed-result-0f5998be.png,Healing month 2 — Ear piercing — Work of Art Las Vegas,Healing month 2 Around 6–8 weeks swelling drops — this is when downsizing protects the angle and prevents bumps.,Katelyn Cole,YES,5,VERIFIED,KEEP,Piercing visual matches page intent.
/katelyn_downsizing_jewelry_las_vegas_authority_guide/,piercing,Real heal documentation,image,/studio_gallery/jewelry-upgrade-86d3f26f.webp,,"Jewelry change Downsize to a shorter post or swap ends once the fistula is stable — booked as a check-in, not a mall kiosk.",Katelyn Cole,YES,5,VERIFIED,KEEP,Piercing visual matches page intent.
/katelyn_downsizing_jewelry_las_vegas_authority_guide/,piercing,Real heal documentation,image,/studio_gallery/jewelry-upgrade-86d3f26f.png,Jewelry change — Ear piercing — Work of Art Las Vegas,"Jewelry change Downsize to a shorter post or swap ends once the fistula is stable — booked as a check-in, not a mall kiosk.",Katelyn Cole,YES,5,VERIFIED,KEEP,Piercing visual matches page intent.
/katelyn_downsizing_jewelry_las_vegas_authority_guide/,piercing,Real heal documentation,image,/studio_gallery/flat-and-conch-cartilage-studs-c317138a.webp,,Swelling example Flat and conch starters sit long on purpose — shortening too soon causes embedding and bumps.,Katelyn Cole,YES,5,VERIFIED,KEEP,Piercing visual matches page intent.
/katelyn_downsizing_jewelry_las_vegas_authority_guide/,piercing,Real heal documentation,image,/studio_gallery/flat-and-conch-cartilage-studs-c317138a.png,Swelling example — Ear piercing — Work of Art Las Vegas,Swelling example Flat and conch starters sit long on purpose — shortening too soon causes embedding and bumps.,Katelyn Cole,YES,5,VERIFIED,KEEP,Piercing visual matches page intent.
/katelyn_downsizing_jewelry_las_vegas_authority_guide/,piercing,,video,https://www.googletagmanager.com/ns.html?id=GTM-TZTQSQBB,,,,NO,3,UNKNOWN,REVIEW,Generic asset on piercing page.
/katelyn_downsizing_jewelry_las_vegas_authority_guide/,piercing,Real heal documentation,video,https://www.instagram.com/reel/C78fY1quCVF/,▶ Katelyn Cole — piercing in the studio Watch Katelyn at Work of Art — calm ear curation and piercing placement in Las Vegas. Watch on Instagram,▶ Katelyn Cole — piercing in the studio Watch Katelyn at Work of Art — calm ear curation and piercing placement in Las Vegas. Watch on Instagram,Katelyn Cole,YES,3,VERIFIED,REVIEW,Remote Instagram card; verify reel subject visually before using as proof.
/katelyn_ear_curation_las_vegas_authority_guide/,general studio,Real heal documentation,image,/studio_gallery/curated-helix-tragus-lobe-piercings-88475d3e.webp,,Ear piercing close-up Placement and angle marked for your anatomy — starter jewelry sized for swelling.,Katelyn Cole,YES,3,VERIFIED,REVIEW,Generic studio creative; acceptable when not used as portfolio proof.
/katelyn_ear_curation_las_vegas_authority_guide/,general studio,Real heal documentation,image,/studio_gallery/curated-helix-tragus-lobe-piercings-88475d3e.png,Ear piercing close-up — Ear piercing — Work of Art Las Vegas,Ear piercing close-up Placement and angle marked for your anatomy — starter jewelry sized for swelling.,Katelyn Cole,YES,3,VERIFIED,REVIEW,Generic studio creative; acceptable when not used as portfolio proof.
/katelyn_ear_curation_las_vegas_authority_guide/,general studio,Real heal documentation,image,/studio_gallery/triple-flat-conch-lobe-ear-setup-f28e160a.webp,,Healing week 1 Fresh cartilage or lobe — starter studs with extra post length for swelling.,Katelyn Cole,YES,3,VERIFIED,REVIEW,Generic studio creative; acceptable when not used as portfolio proof.
/katelyn_ear_curation_las_vegas_authority_guide/,general studio,Real heal documentation,image,/studio_gallery/triple-flat-conch-lobe-ear-setup-f28e160a.png,Healing week 1 — Ear piercing — Work of Art Las Vegas,Healing week 1 Fresh cartilage or lobe — starter studs with extra post length for swelling.,Katelyn Cole,YES,3,VERIFIED,REVIEW,Generic studio creative; acceptable when not used as portfolio proof.
/katelyn_ear_curation_las_vegas_authority_guide/,general studio,Real heal documentation,image,/studio_gallery/ear-piercing-healed-result-0f5998be.webp,,Healing month 2 Around 6–8 weeks swelling drops — this is when downsizing protects the angle and prevents bumps.,Katelyn Cole,YES,3,VERIFIED,REVIEW,Generic studio creative; acceptable when not used as portfolio proof.
/katelyn_ear_curation_las_vegas_authority_guide/,general studio,Real heal documentation,image,/studio_gallery/ear-piercing-healed-result-0f5998be.png,Healing month 2 — Ear piercing — Work of Art Las Vegas,Healing month 2 Around 6–8 weeks swelling drops — this is when downsizing protects the angle and prevents bumps.,Katelyn Cole,YES,3,VERIFIED,REVIEW,Generic studio creative; acceptable when not used as portfolio proof.
/katelyn_ear_curation_las_vegas_authority_guide/,general studio,Real heal documentation,image,/studio_gallery/jewelry-upgrade-86d3f26f.webp,,"Jewelry change Downsize to a shorter post or swap ends once the fistula is stable — booked as a check-in, not a mall kiosk.",Katelyn Cole,YES,3,VERIFIED,REVIEW,Generic studio creative; acceptable when not used as portfolio proof.
/katelyn_ear_curation_las_vegas_authority_guide/,general studio,Real heal documentation,image,/studio_gallery/jewelry-upgrade-86d3f26f.png,Jewelry change — Ear piercing — Work of Art Las Vegas,"Jewelry change Downsize to a shorter post or swap ends once the fistula is stable — booked as a check-in, not a mall kiosk.",Katelyn Cole,YES,3,VERIFIED,REVIEW,Generic studio creative; acceptable when not used as portfolio proof.
/katelyn_ear_curation_las_vegas_authority_guide/,general studio,Real heal documentation,image,/studio_gallery/flat-and-conch-cartilage-studs-c317138a.webp,,Swelling example Flat and conch starters sit long on purpose — shortening too soon causes embedding and bumps.,Katelyn Cole,YES,3,VERIFIED,REVIEW,Generic studio creative; acceptable when not used as portfolio proof.
/katelyn_ear_curation_las_vegas_authority_guide/,general studio,Real heal documentation,image,/studio_gallery/flat-and-conch-cartilage-studs-c317138a.png,Swelling example — Ear piercing — Work of Art Las Vegas,Swelling example Flat and conch starters sit long on purpose — shortening too soon causes embedding and bumps.,Katelyn Cole,YES,3,VERIFIED,REVIEW,Generic studio creative; acceptable when not used as portfolio proof.
/katelyn_ear_curation_las_vegas_authority_guide/,general studio,,video,https://www.googletagmanager.com/ns.html?id=GTM-TZTQSQBB,,,,NO,3,UNKNOWN,REVIEW,Generic studio creative; acceptable when not used as portfolio proof.
/katelyn_ear_curation_las_vegas_authority_guide/,general studio,Real heal documentation,video,https://www.instagram.com/reel/C78fY1quCVF/,▶ Katelyn Cole — piercing in the studio Watch Katelyn at Work of Art — calm ear curation and piercing placement in Las Vegas. Watch on Instagram,▶ Katelyn Cole — piercing in the studio Watch Katelyn at Work of Art — calm ear curation and piercing placement in Las Vegas. Watch on Instagram,Katelyn Cole,YES,3,VERIFIED,REVIEW,Remote Instagram card; verify reel subject visually before using as proof.
/katelyn_gold_vs_titanium_las_vegas_authority_guide/,general studio,Real heal documentation,image,/studio_gallery/curated-helix-tragus-lobe-piercings-88475d3e.webp,,Ear piercing close-up Placement and angle marked for your anatomy — starter jewelry sized for swelling.,Katelyn Cole,YES,3,VERIFIED,REVIEW,Generic studio creative; acceptable when not used as portfolio proof.
/katelyn_gold_vs_titanium_las_vegas_authority_guide/,general studio,Real heal documentation,image,/studio_gallery/curated-helix-tragus-lobe-piercings-88475d3e.png,Ear piercing close-up — Ear piercing — Work of Art Las Vegas,Ear piercing close-up Placement and angle marked for your anatomy — starter jewelry sized for swelling.,Katelyn Cole,YES,3,VERIFIED,REVIEW,Generic studio creative; acceptable when not used as portfolio proof.
/katelyn_gold_vs_titanium_las_vegas_authority_guide/,general studio,Real heal documentation,image,/studio_gallery/triple-flat-conch-lobe-ear-setup-f28e160a.webp,,Healing week 1 Fresh cartilage or lobe — starter studs with extra post length for swelling.,Katelyn Cole,YES,3,VERIFIED,REVIEW,Generic studio creative; acceptable when not used as portfolio proof.
/katelyn_gold_vs_titanium_las_vegas_authority_guide/,general studio,Real heal documentation,image,/studio_gallery/triple-flat-conch-lobe-ear-setup-f28e160a.png,Healing week 1 — Ear piercing — Work of Art Las Vegas,Healing week 1 Fresh cartilage or lobe — starter studs with extra post length for swelling.,Katelyn Cole,YES,3,VERIFIED,REVIEW,Generic studio creative; acceptable when not used as portfolio proof.
/katelyn_gold_vs_titanium_las_vegas_authority_guide/,general studio,Real heal documentation,image,/studio_gallery/ear-piercing-healed-result-0f5998be.webp,,Healing month 2 Around 6–8 weeks swelling drops — this is when downsizing protects the angle and prevents bumps.,Katelyn Cole,YES,3,VERIFIED,REVIEW,Generic studio creative; acceptable when not used as portfolio proof.
/katelyn_gold_vs_titanium_las_vegas_authority_guide/,general studio,Real heal documentation,image,/studio_gallery/ear-piercing-healed-result-0f5998be.png,Healing month 2 — Ear piercing — Work of Art Las Vegas,Healing month 2 Around 6–8 weeks swelling drops — this is when downsizing protects the angle and prevents bumps.,Katelyn Cole,YES,3,VERIFIED,REVIEW,Generic studio creative; acceptable when not used as portfolio proof.
/katelyn_gold_vs_titanium_las_vegas_authority_guide/,general studio,Real heal documentation,image,/studio_gallery/jewelry-upgrade-86d3f26f.webp,,"Jewelry change Downsize to a shorter post or swap ends once the fistula is stable — booked as a check-in, not a mall kiosk.",Katelyn Cole,YES,3,VERIFIED,REVIEW,Generic studio creative; acceptable when not used as portfolio proof.
/katelyn_gold_vs_titanium_las_vegas_authority_guide/,general studio,Real heal documentation,image,/studio_gallery/jewelry-upgrade-86d3f26f.png,Jewelry change — Ear piercing — Work of Art Las Vegas,"Jewelry change Downsize to a shorter post or swap ends once the fistula is stable — booked as a check-in, not a mall kiosk.",Katelyn Cole,YES,3,VERIFIED,REVIEW,Generic studio creative; acceptable when not used as portfolio proof.
/katelyn_gold_vs_titanium_las_vegas_authority_guide/,general studio,Real heal documentation,image,/studio_gallery/flat-and-conch-cartilage-studs-c317138a.webp,,Swelling example Flat and conch starters sit long on purpose — shortening too soon causes embedding and bumps.,Katelyn Cole,YES,3,VERIFIED,REVIEW,Generic studio creative; acceptable when not used as portfolio proof.
/katelyn_gold_vs_titanium_las_vegas_authority_guide/,general studio,Real heal documentation,image,/studio_gallery/flat-and-conch-cartilage-studs-c317138a.png,Swelling example — Ear piercing — Work of Art Las Vegas,Swelling example Flat and conch starters sit long on purpose — shortening too soon causes embedding and bumps.,Katelyn Cole,YES,3,VERIFIED,REVIEW,Generic studio creative; acceptable when not used as portfolio proof.
/katelyn_gold_vs_titanium_las_vegas_authority_guide/,general studio,,video,https://www.googletagmanager.com/ns.html?id=GTM-TZTQSQBB,,,,NO,3,UNKNOWN,REVIEW,Generic studio creative; acceptable when not used as portfolio proof.
/katelyn_gold_vs_titanium_las_vegas_authority_guide/,general studio,Real heal documentation,video,https://www.instagram.com/reel/C78fY1quCVF/,▶ Katelyn Cole — piercing in the studio Watch Katelyn at Work of Art — calm ear curation and piercing placement in Las Vegas. Watch on Instagram,▶ Katelyn Cole — piercing in the studio Watch Katelyn at Work of Art — calm ear curation and piercing placement in Las Vegas. Watch on Instagram,Katelyn Cole,YES,3,VERIFIED,REVIEW,Remote Instagram card; verify reel subject visually before using as proof.
/katelyn_implant_grade_titanium_las_vegas_authority_guide/,piercing,Real heal documentation,image,/studio_gallery/curated-helix-tragus-lobe-piercings-88475d3e.webp,,Ear piercing close-up Placement and angle marked for your anatomy — starter jewelry sized for swelling.,Katelyn Cole,YES,5,VERIFIED,KEEP,Piercing visual matches page intent.
/katelyn_implant_grade_titanium_las_vegas_authority_guide/,piercing,Real heal documentation,image,/studio_gallery/curated-helix-tragus-lobe-piercings-88475d3e.png,Ear piercing close-up — Ear piercing — Work of Art Las Vegas,Ear piercing close-up Placement and angle marked for your anatomy — starter jewelry sized for swelling.,Katelyn Cole,YES,5,VERIFIED,KEEP,Piercing visual matches page intent.
/katelyn_implant_grade_titanium_las_vegas_authority_guide/,piercing,Real heal documentation,image,/studio_gallery/triple-flat-conch-lobe-ear-setup-f28e160a.webp,,Healing week 1 Fresh cartilage or lobe — starter studs with extra post length for swelling.,Katelyn Cole,YES,5,VERIFIED,KEEP,Piercing visual matches page intent.
/katelyn_implant_grade_titanium_las_vegas_authority_guide/,piercing,Real heal documentation,image,/studio_gallery/triple-flat-conch-lobe-ear-setup-f28e160a.png,Healing week 1 — Ear piercing — Work of Art Las Vegas,Healing week 1 Fresh cartilage or lobe — starter studs with extra post length for swelling.,Katelyn Cole,YES,5,VERIFIED,KEEP,Piercing visual matches page intent.
/katelyn_implant_grade_titanium_las_vegas_authority_guide/,piercing,Real heal documentation,image,/studio_gallery/ear-piercing-healed-result-0f5998be.webp,,Healing month 2 Around 6–8 weeks swelling drops — this is when downsizing protects the angle and prevents bumps.,Katelyn Cole,YES,5,VERIFIED,KEEP,Piercing visual matches page intent.
/katelyn_implant_grade_titanium_las_vegas_authority_guide/,piercing,Real heal documentation,image,/studio_gallery/ear-piercing-healed-result-0f5998be.png,Healing month 2 — Ear piercing — Work of Art Las Vegas,Healing month 2 Around 6–8 weeks swelling drops — this is when downsizing protects the angle and prevents bumps.,Katelyn Cole,YES,5,VERIFIED,KEEP,Piercing visual matches page intent.
/katelyn_implant_grade_titanium_las_vegas_authority_guide/,piercing,Real heal documentation,image,/studio_gallery/jewelry-upgrade-86d3f26f.webp,,"Jewelry change Downsize to a shorter post or swap ends once the fistula is stable — booked as a check-in, not a mall kiosk.",Katelyn Cole,YES,5,VERIFIED,KEEP,Piercing visual matches page intent.
/katelyn_implant_grade_titanium_las_vegas_authority_guide/,piercing,Real heal documentation,image,/studio_gallery/jewelry-upgrade-86d3f26f.png,Jewelry change — Ear piercing — Work of Art Las Vegas,"Jewelry change Downsize to a shorter post or swap ends once the fistula is stable — booked as a check-in, not a mall kiosk.",Katelyn Cole,YES,5,VERIFIED,KEEP,Piercing visual matches page intent.
/katelyn_implant_grade_titanium_las_vegas_authority_guide/,piercing,Real heal documentation,image,/studio_gallery/flat-and-conch-cartilage-studs-c317138a.webp,,Swelling example Flat and conch starters sit long on purpose — shortening too soon causes embedding and bumps.,Katelyn Cole,YES,5,VERIFIED,KEEP,Piercing visual matches page intent.
/katelyn_implant_grade_titanium_las_vegas_authority_guide/,piercing,Real heal documentation,image,/studio_gallery/flat-and-conch-cartilage-studs-c317138a.png,Swelling example — Ear piercing — Work of Art Las Vegas,Swelling example Flat and conch starters sit long on purpose — shortening too soon causes embedding and bumps.,Katelyn Cole,YES,5,VERIFIED,KEEP,Piercing visual matches page intent.
/katelyn_implant_grade_titanium_las_vegas_authority_guide/,piercing,,video,https://www.googletagmanager.com/ns.html?id=GTM-TZTQSQBB,,,,NO,3,UNKNOWN,REVIEW,Generic asset on piercing page.
/katelyn_implant_grade_titanium_las_vegas_authority_guide/,piercing,Real heal documentation,video,https://www.instagram.com/reel/C78fY1quCVF/,▶ Katelyn Cole — piercing in the studio Watch Katelyn at Work of Art — calm ear curation and piercing placement in Las Vegas. Watch on Instagram,▶ Katelyn Cole — piercing in the studio Watch Katelyn at Work of Art — calm ear curation and piercing placement in Las Vegas. Watch on Instagram,Katelyn Cole,YES,3,VERIFIED,REVIEW,Remote Instagram card; verify reel subject visually before using as proof.
/katelyn_piercing_minors_las_vegas_authority_guide/,piercing,Real heal documentation,image,/studio_gallery/curated-helix-tragus-lobe-piercings-88475d3e.webp,,Ear piercing close-up Placement and angle marked for your anatomy — starter jewelry sized for swelling.,Katelyn Cole,YES,5,VERIFIED,KEEP,Piercing visual matches page intent.
/katelyn_piercing_minors_las_vegas_authority_guide/,piercing,Real heal documentation,image,/studio_gallery/curated-helix-tragus-lobe-piercings-88475d3e.png,Ear piercing close-up — Ear piercing — Work of Art Las Vegas,Ear piercing close-up Placement and angle marked for your anatomy — starter jewelry sized for swelling.,Katelyn Cole,YES,5,VERIFIED,KEEP,Piercing visual matches page intent.
/katelyn_piercing_minors_las_vegas_authority_guide/,piercing,Real heal documentation,image,/studio_gallery/triple-flat-conch-lobe-ear-setup-f28e160a.webp,,Healing week 1 Fresh cartilage or lobe — starter studs with extra post length for swelling.,Katelyn Cole,YES,5,VERIFIED,KEEP,Piercing visual matches page intent.
/katelyn_piercing_minors_las_vegas_authority_guide/,piercing,Real heal documentation,image,/studio_gallery/triple-flat-conch-lobe-ear-setup-f28e160a.png,Healing week 1 — Ear piercing — Work of Art Las Vegas,Healing week 1 Fresh cartilage or lobe — starter studs with extra post length for swelling.,Katelyn Cole,YES,5,VERIFIED,KEEP,Piercing visual matches page intent.
/katelyn_piercing_minors_las_vegas_authority_guide/,piercing,Real heal documentation,image,/studio_gallery/ear-piercing-healed-result-0f5998be.webp,,Healing month 2 Around 6–8 weeks swelling drops — this is when downsizing protects the angle and prevents bumps.,Katelyn Cole,YES,5,VERIFIED,KEEP,Piercing visual matches page intent.
/katelyn_piercing_minors_las_vegas_authority_guide/,piercing,Real heal documentation,image,/studio_gallery/ear-piercing-healed-result-0f5998be.png,Healing month 2 — Ear piercing — Work of Art Las Vegas,Healing month 2 Around 6–8 weeks swelling drops — this is when downsizing protects the angle and prevents bumps.,Katelyn Cole,YES,5,VERIFIED,KEEP,Piercing visual matches page intent.
/katelyn_piercing_minors_las_vegas_authority_guide/,piercing,Real heal documentation,image,/studio_gallery/jewelry-upgrade-86d3f26f.webp,,"Jewelry change Downsize to a shorter post or swap ends once the fistula is stable — booked as a check-in, not a mall kiosk.",Katelyn Cole,YES,5,VERIFIED,KEEP,Piercing visual matches page intent.
/katelyn_piercing_minors_las_vegas_authority_guide/,piercing,Real heal documentation,image,/studio_gallery/jewelry-upgrade-86d3f26f.png,Jewelry change — Ear piercing — Work of Art Las Vegas,"Jewelry change Downsize to a shorter post or swap ends once the fistula is stable — booked as a check-in, not a mall kiosk.",Katelyn Cole,YES,5,VERIFIED,KEEP,Piercing visual matches page intent.
/katelyn_piercing_minors_las_vegas_authority_guide/,piercing,Real heal documentation,image,/studio_gallery/flat-and-conch-cartilage-studs-c317138a.webp,,Swelling example Flat and conch starters sit long on purpose — shortening too soon causes embedding and bumps.,Katelyn Cole,YES,5,VERIFIED,KEEP,Piercing visual matches page intent.
/katelyn_piercing_minors_las_vegas_authority_guide/,piercing,Real heal documentation,image,/studio_gallery/flat-and-conch-cartilage-studs-c317138a.png,Swelling example — Ear piercing — Work of Art Las Vegas,Swelling example Flat and conch starters sit long on purpose — shortening too soon causes embedding and bumps.,Katelyn Cole,YES,5,VERIFIED,KEEP,Piercing visual matches page intent.
/katelyn_piercing_minors_las_vegas_authority_guide/,piercing,,video,https://www.googletagmanager.com/ns.html?id=GTM-TZTQSQBB,,,,NO,3,UNKNOWN,REVIEW,Generic asset on piercing page.
/katelyn_piercing_minors_las_vegas_authority_guide/,piercing,Real heal documentation,video,https://www.instagram.com/reel/C78fY1quCVF/,▶ Katelyn Cole — piercing in the studio Watch Katelyn at Work of Art — calm ear curation and piercing placement in Las Vegas. Watch on Instagram,▶ Katelyn Cole — piercing in the studio Watch Katelyn at Work of Art — calm ear curation and piercing placement in Las Vegas. Watch on Instagram,Katelyn Cole,YES,3,VERIFIED,REVIEW,Remote Instagram card; verify reel subject visually before using as proof.
/katelyn_sleeping_on_helix_las_vegas_authority_guide/,piercing,Real heal documentation,image,/studio_gallery/curated-helix-tragus-lobe-piercings-88475d3e.webp,,Ear piercing close-up Placement and angle marked for your anatomy — starter jewelry sized for swelling.,Katelyn Cole,YES,5,VERIFIED,KEEP,Piercing visual matches page intent.
/katelyn_sleeping_on_helix_las_vegas_authority_guide/,piercing,Real heal documentation,image,/studio_gallery/curated-helix-tragus-lobe-piercings-88475d3e.png,Ear piercing close-up — Ear piercing — Work of Art Las Vegas,Ear piercing close-up Placement and angle marked for your anatomy — starter jewelry sized for swelling.,Katelyn Cole,YES,5,VERIFIED,KEEP,Piercing visual matches page intent.
/katelyn_sleeping_on_helix_las_vegas_authority_guide/,piercing,Real heal documentation,image,/studio_gallery/triple-flat-conch-lobe-ear-setup-f28e160a.webp,,Healing week 1 Fresh cartilage or lobe — starter studs with extra post length for swelling.,Katelyn Cole,YES,5,VERIFIED,KEEP,Piercing visual matches page intent.
/katelyn_sleeping_on_helix_las_vegas_authority_guide/,piercing,Real heal documentation,image,/studio_gallery/triple-flat-conch-lobe-ear-setup-f28e160a.png,Healing week 1 — Ear piercing — Work of Art Las Vegas,Healing week 1 Fresh cartilage or lobe — starter studs with extra post length for swelling.,Katelyn Cole,YES,5,VERIFIED,KEEP,Piercing visual matches page intent.
/katelyn_sleeping_on_helix_las_vegas_authority_guide/,piercing,Real heal documentation,image,/studio_gallery/ear-piercing-healed-result-0f5998be.webp,,Healing month 2 Around 6–8 weeks swelling drops — this is when downsizing protects the angle and prevents bumps.,Katelyn Cole,YES,5,VERIFIED,KEEP,Piercing visual matches page intent.
/katelyn_sleeping_on_helix_las_vegas_authority_guide/,piercing,Real heal documentation,image,/studio_gallery/ear-piercing-healed-result-0f5998be.png,Healing month 2 — Ear piercing — Work of Art Las Vegas,Healing month 2 Around 6–8 weeks swelling drops — this is when downsizing protects the angle and prevents bumps.,Katelyn Cole,YES,5,VERIFIED,KEEP,Piercing visual matches page intent.
/katelyn_sleeping_on_helix_las_vegas_authority_guide/,piercing,Real heal documentation,image,/studio_gallery/jewelry-upgrade-86d3f26f.webp,,"Jewelry change Downsize to a shorter post or swap ends once the fistula is stable — booked as a check-in, not a mall kiosk.",Katelyn Cole,YES,5,VERIFIED,KEEP,Piercing visual matches page intent.
/katelyn_sleeping_on_helix_las_vegas_authority_guide/,piercing,Real heal documentation,image,/studio_gallery/jewelry-upgrade-86d3f26f.png,Jewelry change — Ear piercing — Work of Art Las Vegas,"Jewelry change Downsize to a shorter post or swap ends once the fistula is stable — booked as a check-in, not a mall kiosk.",Katelyn Cole,YES,5,VERIFIED,KEEP,Piercing visual matches page intent.
/katelyn_sleeping_on_helix_las_vegas_authority_guide/,piercing,Real heal documentation,image,/studio_gallery/flat-and-conch-cartilage-studs-c317138a.webp,,Swelling example Flat and conch starters sit long on purpose — shortening too soon causes embedding and bumps.,Katelyn Cole,YES,5,VERIFIED,KEEP,Piercing visual matches page intent.
/katelyn_sleeping_on_helix_las_vegas_authority_guide/,piercing,Real heal documentation,image,/studio_gallery/flat-and-conch-cartilage-studs-c317138a.png,Swelling example — Ear piercing — Work of Art Las Vegas,Swelling example Flat and conch starters sit long on purpose — shortening too soon causes embedding and bumps.,Katelyn Cole,YES,5,VERIFIED,KEEP,Piercing visual matches page intent.
/katelyn_sleeping_on_helix_las_vegas_authority_guide/,piercing,,video,https://www.googletagmanager.com/ns.html?id=GTM-TZTQSQBB,,,,NO,3,UNKNOWN,REVIEW,Generic asset on piercing page.
/katelyn_sleeping_on_helix_las_vegas_authority_guide/,piercing,Real heal documentation,video,https://www.instagram.com/reel/C78fY1quCVF/,▶ Katelyn Cole — piercing in the studio Watch Katelyn at Work of Art — calm ear curation and piercing placement in Las Vegas. Watch on Instagram,▶ Katelyn Cole — piercing in the studio Watch Katelyn at Work of Art — calm ear curation and piercing placement in Las Vegas. Watch on Instagram,Katelyn Cole,YES,3,VERIFIED,REVIEW,Remote Instagram card; verify reel subject visually before using as proof.
/katelyn_threadless_jewelry_las_vegas_authority_guide/,piercing,Real heal documentation,image,/studio_gallery/curated-helix-tragus-lobe-piercings-88475d3e.webp,,Ear piercing close-up Placement and angle marked for your anatomy — starter jewelry sized for swelling.,Katelyn Cole,YES,5,VERIFIED,KEEP,Piercing visual matches page intent.
/katelyn_threadless_jewelry_las_vegas_authority_guide/,piercing,Real heal documentation,image,/studio_gallery/curated-helix-tragus-lobe-piercings-88475d3e.png,Ear piercing close-up — Ear piercing — Work of Art Las Vegas,Ear piercing close-up Placement and angle marked for your anatomy — starter jewelry sized for swelling.,Katelyn Cole,YES,5,VERIFIED,KEEP,Piercing visual matches page intent.
/katelyn_threadless_jewelry_las_vegas_authority_guide/,piercing,Real heal documentation,image,/studio_gallery/triple-flat-conch-lobe-ear-setup-f28e160a.webp,,Healing week 1 Fresh cartilage or lobe — starter studs with extra post length for swelling.,Katelyn Cole,YES,5,VERIFIED,KEEP,Piercing visual matches page intent.
/katelyn_threadless_jewelry_las_vegas_authority_guide/,piercing,Real heal documentation,image,/studio_gallery/triple-flat-conch-lobe-ear-setup-f28e160a.png,Healing week 1 — Ear piercing — Work of Art Las Vegas,Healing week 1 Fresh cartilage or lobe — starter studs with extra post length for swelling.,Katelyn Cole,YES,5,VERIFIED,KEEP,Piercing visual matches page intent.
/katelyn_threadless_jewelry_las_vegas_authority_guide/,piercing,Real heal documentation,image,/studio_gallery/ear-piercing-healed-result-0f5998be.webp,,Healing month 2 Around 6–8 weeks swelling drops — this is when downsizing protects the angle and prevents bumps.,Katelyn Cole,YES,5,VERIFIED,KEEP,Piercing visual matches page intent.
/katelyn_threadless_jewelry_las_vegas_authority_guide/,piercing,Real heal documentation,image,/studio_gallery/ear-piercing-healed-result-0f5998be.png,Healing month 2 — Ear piercing — Work of Art Las Vegas,Healing month 2 Around 6–8 weeks swelling drops — this is when downsizing protects the angle and prevents bumps.,Katelyn Cole,YES,5,VERIFIED,KEEP,Piercing visual matches page intent.
/katelyn_threadless_jewelry_las_vegas_authority_guide/,piercing,Real heal documentation,image,/studio_gallery/jewelry-upgrade-86d3f26f.webp,,"Jewelry change Downsize to a shorter post or swap ends once the fistula is stable — booked as a check-in, not a mall kiosk.",Katelyn Cole,YES,5,VERIFIED,KEEP,Piercing visual matches page intent.
/katelyn_threadless_jewelry_las_vegas_authority_guide/,piercing,Real heal documentation,image,/studio_gallery/jewelry-upgrade-86d3f26f.png,Jewelry change — Ear piercing — Work of Art Las Vegas,"Jewelry change Downsize to a shorter post or swap ends once the fistula is stable — booked as a check-in, not a mall kiosk.",Katelyn Cole,YES,5,VERIFIED,KEEP,Piercing visual matches page intent.
/katelyn_threadless_jewelry_las_vegas_authority_guide/,piercing,Real heal documentation,image,/studio_gallery/flat-and-conch-cartilage-studs-c317138a.webp,,Swelling example Flat and conch starters sit long on purpose — shortening too soon causes embedding and bumps.,Katelyn Cole,YES,5,VERIFIED,KEEP,Piercing visual matches page intent.
/katelyn_threadless_jewelry_las_vegas_authority_guide/,piercing,Real heal documentation,image,/studio_gallery/flat-and-conch-cartilage-studs-c317138a.png,Swelling example — Ear piercing — Work of Art Las Vegas,Swelling example Flat and conch starters sit long on purpose — shortening too soon causes embedding and bumps.,Katelyn Cole,YES,5,VERIFIED,KEEP,Piercing visual matches page intent.
/katelyn_threadless_jewelry_las_vegas_authority_guide/,piercing,,video,https://www.googletagmanager.com/ns.html?id=GTM-TZTQSQBB,,,,NO,3,UNKNOWN,REVIEW,Generic asset on piercing page.
/katelyn_threadless_jewelry_las_vegas_authority_guide/,piercing,Real heal documentation,video,https://www.instagram.com/reel/C78fY1quCVF/,▶ Katelyn Cole — piercing in the studio Watch Katelyn at Work of Art — calm ear curation and piercing placement in Las Vegas. Watch on Instagram,▶ Katelyn Cole — piercing in the studio Watch Katelyn at Work of Art — calm ear curation and piercing placement in Las Vegas. Watch on Instagram,Katelyn Cole,YES,3,VERIFIED,REVIEW,Remote Instagram card; verify reel subject visually before using as proof.
/katelyn_why_piercings_reject_las_vegas_authority_guide/,piercing,Real heal documentation,image,/studio_gallery/curated-helix-tragus-lobe-piercings-88475d3e.webp,,Ear piercing close-up Placement and angle marked for your anatomy — starter jewelry sized for swelling.,Katelyn Cole,YES,5,VERIFIED,KEEP,Piercing visual matches page intent.
/katelyn_why_piercings_reject_las_vegas_authority_guide/,piercing,Real heal documentation,image,/studio_gallery/curated-helix-tragus-lobe-piercings-88475d3e.png,Ear piercing close-up — Ear piercing — Work of Art Las Vegas,Ear piercing close-up Placement and angle marked for your anatomy — starter jewelry sized for swelling.,Katelyn Cole,YES,5,VERIFIED,KEEP,Piercing visual matches page intent.
/katelyn_why_piercings_reject_las_vegas_authority_guide/,piercing,Real heal documentation,image,/studio_gallery/triple-flat-conch-lobe-ear-setup-f28e160a.webp,,Healing week 1 Fresh cartilage or lobe — starter studs with extra post length for swelling.,Katelyn Cole,YES,5,VERIFIED,KEEP,Piercing visual matches page intent.
/katelyn_why_piercings_reject_las_vegas_authority_guide/,piercing,Real heal documentation,image,/studio_gallery/triple-flat-conch-lobe-ear-setup-f28e160a.png,Healing week 1 — Ear piercing — Work of Art Las Vegas,Healing week 1 Fresh cartilage or lobe — starter studs with extra post length for swelling.,Katelyn Cole,YES,5,VERIFIED,KEEP,Piercing visual matches page intent.
/katelyn_why_piercings_reject_las_vegas_authority_guide/,piercing,Real heal documentation,image,/studio_gallery/ear-piercing-healed-result-0f5998be.webp,,Healing month 2 Around 6–8 weeks swelling drops — this is when downsizing protects the angle and prevents bumps.,Katelyn Cole,YES,5,VERIFIED,KEEP,Piercing visual matches page intent.
/katelyn_why_piercings_reject_las_vegas_authority_guide/,piercing,Real heal documentation,image,/studio_gallery/ear-piercing-healed-result-0f5998be.png,Healing month 2 — Ear piercing — Work of Art Las Vegas,Healing month 2 Around 6–8 weeks swelling drops — this is when downsizing protects the angle and prevents bumps.,Katelyn Cole,YES,5,VERIFIED,KEEP,Piercing visual matches page intent.
/katelyn_why_piercings_reject_las_vegas_authority_guide/,piercing,Real heal documentation,image,/studio_gallery/jewelry-upgrade-86d3f26f.webp,,"Jewelry change Downsize to a shorter post or swap ends once the fistula is stable — booked as a check-in, not a mall kiosk.",Katelyn Cole,YES,5,VERIFIED,KEEP,Piercing visual matches page intent.
/katelyn_why_piercings_reject_las_vegas_authority_guide/,piercing,Real heal documentation,image,/studio_gallery/jewelry-upgrade-86d3f26f.png,Jewelry change — Ear piercing — Work of Art Las Vegas,"Jewelry change Downsize to a shorter post or swap ends once the fistula is stable — booked as a check-in, not a mall kiosk.",Katelyn Cole,YES,5,VERIFIED,KEEP,Piercing visual matches page intent.
/katelyn_why_piercings_reject_las_vegas_authority_guide/,piercing,Real heal documentation,image,/studio_gallery/flat-and-conch-cartilage-studs-c317138a.webp,,Swelling example Flat and conch starters sit long on purpose — shortening too soon causes embedding and bumps.,Katelyn Cole,YES,5,VERIFIED,KEEP,Piercing visual matches page intent.
/katelyn_why_piercings_reject_las_vegas_authority_guide/,piercing,Real heal documentation,image,/studio_gallery/flat-and-conch-cartilage-studs-c317138a.png,Swelling example — Ear piercing — Work of Art Las Vegas,Swelling example Flat and conch starters sit long on purpose — shortening too soon causes embedding and bumps.,Katelyn Cole,YES,5,VERIFIED,KEEP,Piercing visual matches page intent.
/katelyn_why_piercings_reject_las_vegas_authority_guide/,piercing,,video,https://www.googletagmanager.com/ns.html?id=GTM-TZTQSQBB,,,,NO,3,UNKNOWN,REVIEW,Generic asset on piercing page.
/katelyn_why_piercings_reject_las_vegas_authority_guide/,piercing,Real heal documentation,video,https://www.instagram.com/reel/C78fY1quCVF/,▶ Katelyn Cole — piercing in the studio Watch Katelyn at Work of Art — calm ear curation and piercing placement in Las Vegas. Watch on Instagram,▶ Katelyn Cole — piercing in the studio Watch Katelyn at Work of Art — calm ear curation and piercing placement in Las Vegas. Watch on Instagram,Katelyn Cole,YES,3,VERIFIED,REVIEW,Remote Instagram card; verify reel subject visually before using as proof.
/knowledge/,tattoo,,video,https://www.googletagmanager.com/ns.html?id=GTM-TZTQSQBB,,,,NO,3,UNKNOWN,REVIEW,Generic studio creative; acceptable when not used as portfolio proof.
/labret_piercing_las_vegas_authority_guide/,piercing,Real heal documentation,image,/studio_gallery/labret-and-eyebrow-piercing-closeup-c6159742.webp,,Oral piercing close-up Placement and angle marked for your anatomy — starter jewelry sized for swelling.,Katelyn Cole,YES,5,VERIFIED,KEEP,Piercing visual matches page intent.
/labret_piercing_las_vegas_authority_guide/,piercing,Real heal documentation,image,/studio_gallery/labret-and-eyebrow-piercing-closeup-c6159742.png,Oral piercing close-up — Oral piercing — Work of Art Las Vegas,Oral piercing close-up Placement and angle marked for your anatomy — starter jewelry sized for swelling.,Katelyn Cole,YES,5,VERIFIED,KEEP,Piercing visual matches page intent.
/labret_piercing_las_vegas_authority_guide/,piercing,Real heal documentation,image,/studio_gallery/curated-facial-piercing-jewelry-display-7d759759.webp,,"Healing month 2 Downsizing window — shorter post once swelling drops, usually 2–6 weeks for oral piercings.",Katelyn Cole,YES,5,VERIFIED,KEEP,Piercing visual matches page intent.
/labret_piercing_las_vegas_authority_guide/,piercing,Real heal documentation,image,/studio_gallery/curated-facial-piercing-jewelry-display-7d759759.png,Healing month 2 — Oral piercing — Work of Art Las Vegas,"Healing month 2 Downsizing window — shorter post once swelling drops, usually 2–6 weeks for oral piercings.",Katelyn Cole,YES,5,VERIFIED,KEEP,Piercing visual matches page intent.
/labret_piercing_las_vegas_authority_guide/,piercing,,video,https://www.googletagmanager.com/ns.html?id=GTM-TZTQSQBB,,,,NO,3,UNKNOWN,REVIEW,Generic asset on piercing page.
/labret_piercing_las_vegas_authority_guide/,piercing,Related piercing guides,video,https://www.instagram.com/reel/C78fY1quCVF/,▶ Katelyn Cole — piercing in the studio Watch Katelyn at Work of Art — calm ear curation and piercing placement in Las Vegas. Watch on Instagram,▶ Katelyn Cole — piercing in the studio Watch Katelyn at Work of Art — calm ear curation and piercing placement in Las Vegas. Watch on Instagram,Katelyn Cole,YES,3,VERIFIED,REVIEW,Remote Instagram card; verify reel subject visually before using as proof.
/large_scale_projects_variant_a_authentic_art_rotation/,sleeve/large-scale tattoo,Best Tattoo Styles for Sleeves and Large Projects,image,/home_work_of_art_tattoo_piercing/client-portfolio/lion-clock-realism-shoulder-tattoo-las-vegas.webp,,,Joshua Cole,YES,5,LIKELY,KEEP,Sleeve/large-scale visual matches page intent.
/large_scale_projects_variant_a_authentic_art_rotation/,sleeve/large-scale tattoo,Best Tattoo Styles for Sleeves and Large Projects,image,/home_work_of_art_tattoo_piercing/client-portfolio/lion-clock-realism-shoulder-tattoo-las-vegas.png,"Black and grey realism shoulder tattoo merging a clock face with a roaring lion — Work of Art…, Work of Art Tattoo & Piercing, Las Vegas",,Joshua Cole,YES,5,LIKELY,KEEP,Sleeve/large-scale visual matches page intent.
/large_scale_projects_variant_a_authentic_art_rotation/,sleeve/large-scale tattoo,Best Tattoo Styles for Sleeves and Large Projects,image,/home_work_of_art_tattoo_piercing/client-portfolio/roaring-lion-tiger-forearm-realism-las-vegas.webp,,,Joshua Cole,YES,5,LIKELY,KEEP,Sleeve/large-scale visual matches page intent.
/large_scale_projects_variant_a_authentic_art_rotation/,sleeve/large-scale tattoo,Best Tattoo Styles for Sleeves and Large Projects,image,/home_work_of_art_tattoo_piercing/client-portfolio/roaring-lion-tiger-forearm-realism-las-vegas.png,"Black and grey roaring lion and tiger forearm realism with amber eyes — Work of Art Tattoo Las…, Work of Art Tattoo & Piercing, Las Vegas",,Joshua Cole,YES,5,LIKELY,KEEP,Sleeve/large-scale visual matches page intent.
/large_scale_projects_variant_a_authentic_art_rotation/,sleeve/large-scale tattoo,Best Tattoo Styles for Sleeves and Large Projects,image,/home_work_of_art_tattoo_piercing/client-portfolio/archangel-michael-demon-upper-arm-realism-las-vegas.webp,,,Joshua Cole,YES,5,LIKELY,KEEP,Sleeve/large-scale visual matches page intent.
/large_scale_projects_variant_a_authentic_art_rotation/,sleeve/large-scale tattoo,Best Tattoo Styles for Sleeves and Large Projects,image,/home_work_of_art_tattoo_piercing/client-portfolio/archangel-michael-demon-upper-arm-realism-las-vegas.png,"Black and grey realism upper arm tattoo of Archangel Michael defeating a demon — Work of Art…, Work of Art Tattoo & Piercing, Las Vegas",,Joshua Cole,YES,5,LIKELY,KEEP,Sleeve/large-scale visual matches page intent.
/large_scale_projects_variant_a_authentic_art_rotation/,sleeve/large-scale tattoo,,video,https://www.googletagmanager.com/ns.html?id=GTM-TZTQSQBB,,,,NO,2,UNKNOWN,REVIEW,Weak sleeve visual support.
/las-vegas-tattoo-healing-guide/,tattoo skin science/healing,,image,/las-vegas-tattoo-healing-guide/eagle-memorial-calf-fresh-vs-healed-comparison-las-vegas.webp,,,,YES,4,UNKNOWN,KEEP,Tattoo visual supports skin/healing explanation.
/las-vegas-tattoo-healing-guide/,tattoo skin science/healing,,image,/las-vegas-tattoo-healing-guide/eagle-memorial-calf-fresh-vs-healed-comparison-las-vegas.png,"Eagle memorial calf tattoos — fresh vs healed comparison, Work of Art Las Vegas, Work of Art Tattoo & Piercing, Las Vegas",,,YES,1,UNKNOWN,REPLACE,Piercing imagery on tattoo skin-science page.
/las-vegas-tattoo-healing-guide/,tattoo skin science/healing,Real case,image,/las-vegas-tattoo-healing-guide/eagle-memorial-calf-fresh-vs-healed-comparison-las-vegas.webp,,Real client comparison used as expectation-setting; exact appointment dates are not documented in the page source.,,YES,4,UNKNOWN,KEEP,Tattoo visual supports skin/healing explanation.
/las-vegas-tattoo-healing-guide/,tattoo skin science/healing,Real case,image,/las-vegas-tattoo-healing-guide/eagle-memorial-calf-fresh-vs-healed-comparison-las-vegas.png,Fresh vs healed eagle memorial calf tattoo comparison,Real client comparison used as expectation-setting; exact appointment dates are not documented in the page source.,,YES,4,UNKNOWN,KEEP,Tattoo visual supports skin/healing explanation.
/las-vegas-tattoo-healing-guide/,tattoo skin science/healing,"Same design, two healing stages",image,/las-vegas-tattoo-healing-guide/eagle-memorial-calf-fresh-vs-healed-comparison-las-vegas.webp,,"Left · fresh Redness, swelling, and a glossy “just finished” look — colors read at peak saturation. Right · healed (months later) Skin tone normal; yellows and oranges softened into a stable, matte finish. Detail is still clear — the ink lives in the skin instead of sitting on top of it.",,YES,4,UNKNOWN,KEEP,Tattoo visual supports skin/healing explanation.
/las-vegas-tattoo-healing-guide/,tattoo skin science/healing,"Same design, two healing stages",image,/las-vegas-tattoo-healing-guide/eagle-memorial-calf-fresh-vs-healed-comparison-las-vegas.png,"Side by side — fresh tattoo on left calf, healed tattoo on right calf, eagle memorial color work…, Work of Art Tattoo & Piercing, Las Vegas","Left · fresh Redness, swelling, and a glossy “just finished” look — colors read at peak saturation. Right · healed (months later) Skin tone normal; yellows and oranges softened into a stable, matte finish. Detail is still clear — the ink lives in the skin instead of sitting on top of it.",,YES,1,UNKNOWN,REPLACE,Piercing imagery on tattoo skin-science page.
/las-vegas-tattoo-healing-guide/,tattoo skin science/healing,Why fresh tattoos look brighter,image,/las-vegas-tattoo-healing-guide/eagle-memorial-calf-fresh-tattoo-las-vegas.webp,,Close-up fresh work — note redness around the piece and the wet sheen. This is expected on day zero.,,YES,4,UNKNOWN,KEEP,Tattoo visual supports skin/healing explanation.
/las-vegas-tattoo-healing-guide/,tattoo skin science/healing,Why fresh tattoos look brighter,image,/las-vegas-tattoo-healing-guide/eagle-memorial-calf-fresh-tattoo-las-vegas.png,"Fresh color eagle memorial tattoo on calf immediately after session — Work of Art Las Vegas, Work of Art Tattoo & Piercing, Las Vegas",Close-up fresh work — note redness around the piece and the wet sheen. This is expected on day zero.,,YES,1,UNKNOWN,REPLACE,Piercing imagery on tattoo skin-science page.
/las-vegas-tattoo-healing-guide/,tattoo skin science/healing,Real heal documentation,image,/tattoo_healing_before_after_real_results/eagle-memorial-calf-fresh-tattoo-las-vegas.webp,,Color heal close-up Detail at bandage-off — values and line weight before the epidermis sheds.,,YES,4,UNKNOWN,KEEP,Tattoo visual supports skin/healing explanation.
/las-vegas-tattoo-healing-guide/,tattoo skin science/healing,Real heal documentation,image,/tattoo_healing_before_after_real_results/eagle-memorial-calf-fresh-tattoo-las-vegas.png,Color heal close-up — Color heal — Work of Art Las Vegas,Color heal close-up Detail at bandage-off — values and line weight before the epidermis sheds.,,YES,4,UNKNOWN,KEEP,Tattoo visual supports skin/healing explanation.
/las-vegas-tattoo-healing-guide/,tattoo skin science/healing,Real heal documentation,image,/tattoo_healing_before_after_real_results/eagle-memorial-calf-fresh-vs-healed-comparison-las-vegas.webp,,Healing month 2 Weeks 3–6: color looks dull while deeper layers settle — the healed calf in our comparison photo shows what stable saturation looks like months later.,,YES,4,UNKNOWN,KEEP,Tattoo visual supports skin/healing explanation.
/las-vegas-tattoo-healing-guide/,tattoo skin science/healing,Real heal documentation,image,/tattoo_healing_before_after_real_results/eagle-memorial-calf-fresh-vs-healed-comparison-las-vegas.png,Healing month 2 — Color heal — Work of Art Las Vegas,Healing month 2 Weeks 3–6: color looks dull while deeper layers settle — the healed calf in our comparison photo shows what stable saturation looks like months later.,,YES,4,UNKNOWN,KEEP,Tattoo visual supports skin/healing explanation.
/las-vegas-tattoo-healing-guide/,tattoo skin science/healing,,video,https://www.googletagmanager.com/ns.html?id=GTM-TZTQSQBB,,,,NO,2,UNKNOWN,REVIEW,Weak skin-science support.
/las-vegas-tattoo-healing-guide/,tattoo skin science/healing,Planning color work?,video,https://www.instagram.com/reel/C0nNwUkRHz6/,▶ Jewelry & placement — studio reel Jewelry fit and anatomical placement. Watch on Instagram,▶ Jewelry & placement — studio reel Jewelry fit and anatomical placement. Watch on Instagram,,NO,3,UNKNOWN,REVIEW,Remote Instagram card; verify reel subject visually before using as proof.
/las-vegas-tattoo-resource-center/,tattoo,Real piercing work from Work of Art,image,/studio_gallery/curated-helix-tragus-lobe-piercings-88475d3e.webp,,,Katelyn Cole,YES,1,VERIFIED,REPLACE,Piercing creative on tattoo page.
/las-vegas-tattoo-resource-center/,tattoo,Real piercing work from Work of Art,image,/studio_gallery/curated-helix-tragus-lobe-piercings-88475d3e.png,"Curated helix, tragus, and lobe piercings by Katelyn Cole at Work of Art Las Vegas",,Katelyn Cole,YES,1,VERIFIED,REPLACE,Piercing creative on tattoo page.
/las-vegas-tattoo-resource-center/,tattoo,Real piercing work from Work of Art,image,/studio_gallery/nostril-stud-on-smiling-client-dd626b1d.webp,,,Katelyn Cole,YES,1,VERIFIED,REPLACE,Piercing creative on tattoo page.
/las-vegas-tattoo-resource-center/,tattoo,Real piercing work from Work of Art,image,/studio_gallery/nostril-stud-on-smiling-client-dd626b1d.png,Nostril stud piercing by Katelyn Cole at Work of Art Las Vegas,,Katelyn Cole,YES,1,VERIFIED,REPLACE,Piercing creative on tattoo page.
/las-vegas-tattoo-resource-center/,tattoo,Real piercing work from Work of Art,image,/studio_gallery/flat-and-conch-cartilage-studs-c317138a.webp,,,Katelyn Cole,YES,1,VERIFIED,REPLACE,Piercing creative on tattoo page.
/las-vegas-tattoo-resource-center/,tattoo,Real piercing work from Work of Art,image,/studio_gallery/flat-and-conch-cartilage-studs-c317138a.png,Flat and conch cartilage piercings by Katelyn Cole at Work of Art Las Vegas,,Katelyn Cole,YES,1,VERIFIED,REPLACE,Piercing creative on tattoo page.
/las-vegas-tattoo-resource-center/,tattoo,,video,https://www.googletagmanager.com/ns.html?id=GTM-TZTQSQBB,,,,NO,3,UNKNOWN,REVIEW,Generic studio creative; acceptable when not used as portfolio proof.
/las-vegas-tattoo-resource-center/,tattoo,Real piercing work from Work of Art,video,https://www.instagram.com/reel/C0nNwUkRHz6/,▶ Jewelry & placement — studio reel Jewelry fit and anatomical placement. Watch on Instagram,▶ Jewelry & placement — studio reel Jewelry fit and anatomical placement. Watch on Instagram,,NO,3,UNKNOWN,REVIEW,Remote Instagram card; verify reel subject visually before using as proof.
/leave-a-review/,tattoo,Client reviews & healed work,image,/leave-a-review/google-review-qr-code-nfc-sign-work-of-art-tattoo.png,"Google review qr code nfc sign tattoo — Leave a Google Review, Work of Art Tattoo & Piercing, Las Vegas",,,YES,4,UNKNOWN,KEEP,Tattoo visual supports tattoo page.
/leave-a-review/,tattoo,Verified studio work,image,/home_work_of_art_tattoo_piercing/client-portfolio/black-grey-medusa-snakehair-realism-las-vegas.webp,,,Joshua Cole,YES,4,LIKELY,KEEP,Tattoo visual supports tattoo page.
/leave-a-review/,tattoo,Verified studio work,image,/home_work_of_art_tattoo_piercing/client-portfolio/black-grey-medusa-snakehair-realism-las-vegas.png,"Black and grey Medusa portrait realism — Leave a Google Review, Joshua Cole, Work of Art Las Vegas, Work of Art Tattoo & Piercing, Las Vegas",,Joshua Cole,YES,4,LIKELY,KEEP,Tattoo visual supports tattoo page.
/leave-a-review/,tattoo,Verified studio work,image,/home_work_of_art_tattoo_piercing/client-portfolio/black-grey-statue-bust-cloth-drape-las-vegas.webp,,,Joshua Cole,YES,4,LIKELY,KEEP,Tattoo visual supports tattoo page.
/leave-a-review/,tattoo,Verified studio work,image,/home_work_of_art_tattoo_piercing/client-portfolio/black-grey-statue-bust-cloth-drape-las-vegas.png,"Black and grey statue bust with cloth drape — Leave a Google Review, Joshua Cole, Work of Art…, Work of Art Tattoo & Piercing, Las Vegas",,Joshua Cole,YES,4,LIKELY,KEEP,Tattoo visual supports tattoo page.
/leave-a-review/,tattoo,Verified studio work,image,/home_work_of_art_tattoo_piercing/client-portfolio/roaring-lion-tiger-forearm-realism-las-vegas.webp,,,Joshua Cole,YES,4,LIKELY,KEEP,Tattoo visual supports tattoo page.
/leave-a-review/,tattoo,Verified studio work,image,/home_work_of_art_tattoo_piercing/client-portfolio/roaring-lion-tiger-forearm-realism-las-vegas.png,"Roaring lion and tiger forearm realism — Leave a Google Review, Joshua Cole, Work of Art Las Vegas, Work of Art Tattoo & Piercing, Las Vegas",,Joshua Cole,YES,4,LIKELY,KEEP,Tattoo visual supports tattoo page.
/leave-a-review/,tattoo,Verified studio work,image,/home_work_of_art_tattoo_piercing/client-portfolio/black-grey-all-seeing-eye-realism-las-vegas.webp,,,Joshua Cole,YES,4,LIKELY,KEEP,Tattoo visual supports tattoo page.
/leave-a-review/,tattoo,Verified studio work,image,/home_work_of_art_tattoo_piercing/client-portfolio/black-grey-all-seeing-eye-realism-las-vegas.png,"Black and grey all-seeing eye realism — Leave a Google Review, Joshua Cole, Work of Art Las Vegas, Work of Art Tattoo & Piercing, Las Vegas",,Joshua Cole,YES,4,LIKELY,KEEP,Tattoo visual supports tattoo page.
/leave-a-review/,tattoo,,video,https://www.googletagmanager.com/ns.html?id=GTM-TZTQSQBB,,,,NO,3,UNKNOWN,REVIEW,Generic studio creative; acceptable when not used as portfolio proof.
/leave-a-review/,tattoo,Verified studio work,video,https://www.instagram.com/reel/C3GjVCdLUQ9/,▶ Piercing session — studio reel In-studio with professional piercer Katelyn Cole. Watch on Instagram,▶ Piercing session — studio reel In-studio with professional piercer Katelyn Cole. Watch on Instagram,Katelyn Cole,YES,3,VERIFIED,REVIEW,Remote Instagram card; verify reel subject visually before using as proof.
/lip_piercing_las_vegas_authority_guide/,piercing,Real heal documentation,image,/studio_gallery/curated-helix-tragus-lobe-piercings-88475d3e.webp,,Ear piercing close-up Placement and angle marked for your anatomy — starter jewelry sized for swelling.,Katelyn Cole,YES,5,VERIFIED,KEEP,Piercing visual matches page intent.
/lip_piercing_las_vegas_authority_guide/,piercing,Real heal documentation,image,/studio_gallery/curated-helix-tragus-lobe-piercings-88475d3e.png,Ear piercing close-up — Ear piercing — Work of Art Las Vegas,Ear piercing close-up Placement and angle marked for your anatomy — starter jewelry sized for swelling.,Katelyn Cole,YES,5,VERIFIED,KEEP,Piercing visual matches page intent.
/lip_piercing_las_vegas_authority_guide/,piercing,Real heal documentation,image,/studio_gallery/triple-flat-conch-lobe-ear-setup-f28e160a.webp,,Healing week 1 Fresh cartilage or lobe — starter studs with extra post length for swelling.,Katelyn Cole,YES,5,VERIFIED,KEEP,Piercing visual matches page intent.
/lip_piercing_las_vegas_authority_guide/,piercing,Real heal documentation,image,/studio_gallery/triple-flat-conch-lobe-ear-setup-f28e160a.png,Healing week 1 — Ear piercing — Work of Art Las Vegas,Healing week 1 Fresh cartilage or lobe — starter studs with extra post length for swelling.,Katelyn Cole,YES,5,VERIFIED,KEEP,Piercing visual matches page intent.
/lip_piercing_las_vegas_authority_guide/,piercing,Real heal documentation,image,/studio_gallery/ear-piercing-healed-result-0f5998be.webp,,Healing month 2 Around 6–8 weeks swelling drops — this is when downsizing protects the angle and prevents bumps.,Katelyn Cole,YES,5,VERIFIED,KEEP,Piercing visual matches page intent.
/lip_piercing_las_vegas_authority_guide/,piercing,Real heal documentation,image,/studio_gallery/ear-piercing-healed-result-0f5998be.png,Healing month 2 — Ear piercing — Work of Art Las Vegas,Healing month 2 Around 6–8 weeks swelling drops — this is when downsizing protects the angle and prevents bumps.,Katelyn Cole,YES,5,VERIFIED,KEEP,Piercing visual matches page intent.
/lip_piercing_las_vegas_authority_guide/,piercing,Real heal documentation,image,/studio_gallery/jewelry-upgrade-86d3f26f.webp,,"Jewelry change Downsize to a shorter post or swap ends once the fistula is stable — booked as a check-in, not a mall kiosk.",Katelyn Cole,YES,5,VERIFIED,KEEP,Piercing visual matches page intent.
/lip_piercing_las_vegas_authority_guide/,piercing,Real heal documentation,image,/studio_gallery/jewelry-upgrade-86d3f26f.png,Jewelry change — Ear piercing — Work of Art Las Vegas,"Jewelry change Downsize to a shorter post or swap ends once the fistula is stable — booked as a check-in, not a mall kiosk.",Katelyn Cole,YES,5,VERIFIED,KEEP,Piercing visual matches page intent.
/lip_piercing_las_vegas_authority_guide/,piercing,Real heal documentation,image,/studio_gallery/flat-and-conch-cartilage-studs-c317138a.webp,,Swelling example Flat and conch starters sit long on purpose — shortening too soon causes embedding and bumps.,Katelyn Cole,YES,5,VERIFIED,KEEP,Piercing visual matches page intent.
/lip_piercing_las_vegas_authority_guide/,piercing,Real heal documentation,image,/studio_gallery/flat-and-conch-cartilage-studs-c317138a.png,Swelling example — Ear piercing — Work of Art Las Vegas,Swelling example Flat and conch starters sit long on purpose — shortening too soon causes embedding and bumps.,Katelyn Cole,YES,5,VERIFIED,KEEP,Piercing visual matches page intent.
/lip_piercing_las_vegas_authority_guide/,piercing,,video,https://www.googletagmanager.com/ns.html?id=GTM-TZTQSQBB,,,,NO,3,UNKNOWN,REVIEW,Generic asset on piercing page.
/lip_piercing_las_vegas_authority_guide/,piercing,Real heal documentation,video,https://www.instagram.com/reel/C3GjVCdLUQ9/,▶ piercing session — studio reel In-studio with professional piercer Katelyn Cole. Watch on Instagram,▶ piercing session — studio reel In-studio with professional piercer Katelyn Cole. Watch on Instagram,Katelyn Cole,YES,3,VERIFIED,REVIEW,Remote Instagram card; verify reel subject visually before using as proof.
/macrophages_skin_science_las_vegas_authority_guide/,tattoo skin science/healing,Real heal documentation,image,/healed_tattoo_gallery_las_vegas/fresh-all-seeing-eye-triangle-forearm-joshua-cole-las-vegas.webp,,Tattoo skin science close-up Fresh tattoo surface detail — the epidermis is irritated while pigment is placed below it.,Joshua Cole,YES,4,LIKELY,KEEP,Tattoo visual supports skin/healing explanation.
/macrophages_skin_science_las_vegas_authority_guide/,tattoo skin science/healing,Real heal documentation,image,/healed_tattoo_gallery_las_vegas/fresh-all-seeing-eye-triangle-forearm-joshua-cole-las-vegas.png,Tattoo skin science close-up — Tattoo skin science — Work of Art Las Vegas,Tattoo skin science close-up Fresh tattoo surface detail — the epidermis is irritated while pigment is placed below it.,Joshua Cole,YES,4,LIKELY,KEEP,Tattoo visual supports skin/healing explanation.
/macrophages_skin_science_las_vegas_authority_guide/,tattoo skin science/healing,Real heal documentation,image,/tattoo_healing_before_after_real_results/eagle-memorial-calf-fresh-tattoo-las-vegas.webp,,"Healing week 1 Early tattoo healing reference — surface shine, tightness, and light texture can change how value reads.",,YES,4,UNKNOWN,KEEP,Tattoo visual supports skin/healing explanation.
/macrophages_skin_science_las_vegas_authority_guide/,tattoo skin science/healing,Real heal documentation,image,/tattoo_healing_before_after_real_results/eagle-memorial-calf-fresh-tattoo-las-vegas.png,Healing week 1 — Tattoo skin science — Work of Art Las Vegas,"Healing week 1 Early tattoo healing reference — surface shine, tightness, and light texture can change how value reads.",,YES,4,UNKNOWN,KEEP,Tattoo visual supports skin/healing explanation.
/macrophages_skin_science_las_vegas_authority_guide/,tattoo skin science/healing,Real heal documentation,image,/tattoo_healing_before_after_real_results/eagle-memorial-calf-fresh-vs-healed-comparison-las-vegas.webp,,Healing month 2 Fresh vs settled tattoo comparison — useful for explaining how the surface calms while pigment remains.,,YES,4,UNKNOWN,KEEP,Tattoo visual supports skin/healing explanation.
/macrophages_skin_science_las_vegas_authority_guide/,tattoo skin science/healing,Real heal documentation,image,/tattoo_healing_before_after_real_results/eagle-memorial-calf-fresh-vs-healed-comparison-las-vegas.png,Healing month 2 — Tattoo skin science — Work of Art Las Vegas,Healing month 2 Fresh vs settled tattoo comparison — useful for explaining how the surface calms while pigment remains.,,YES,4,UNKNOWN,KEEP,Tattoo visual supports skin/healing explanation.
/macrophages_skin_science_las_vegas_authority_guide/,tattoo skin science/healing,Real heal documentation,image,/healed_tattoo_gallery_las_vegas/healed-3-month-roaring-lion-thigh-joshua-cole-las-vegas.webp,,Settled heal Settled black and grey tattoo detail — healed contrast is what matters for long-term readability.,Joshua Cole,YES,4,LIKELY,KEEP,Tattoo visual supports skin/healing explanation.
/macrophages_skin_science_las_vegas_authority_guide/,tattoo skin science/healing,Real heal documentation,image,/healed_tattoo_gallery_las_vegas/healed-3-month-roaring-lion-thigh-joshua-cole-las-vegas.png,Settled heal — Tattoo skin science — Work of Art Las Vegas,Settled heal Settled black and grey tattoo detail — healed contrast is what matters for long-term readability.,Joshua Cole,YES,4,LIKELY,KEEP,Tattoo visual supports skin/healing explanation.
/macrophages_skin_science_las_vegas_authority_guide/,tattoo skin science/healing,Real heal documentation,image,/home_work_of_art_tattoo_piercing/client-portfolio/skull-hourglass-forearm-realism-fresh-las-vegas.webp,,"Fresh redness Day-zero tattoo surface redness — shown as healing context, not as finished portfolio proof.",Joshua Cole,YES,1,LIKELY,REPLACE,Piercing imagery on tattoo skin-science page.
/macrophages_skin_science_las_vegas_authority_guide/,tattoo skin science/healing,Real heal documentation,image,/home_work_of_art_tattoo_piercing/client-portfolio/skull-hourglass-forearm-realism-fresh-las-vegas.png,Fresh redness — Tattoo skin science — Work of Art Las Vegas,"Fresh redness Day-zero tattoo surface redness — shown as healing context, not as finished portfolio proof.",Joshua Cole,YES,1,LIKELY,REPLACE,Piercing imagery on tattoo skin-science page.
/macrophages_skin_science_las_vegas_authority_guide/,tattoo skin science/healing,,video,https://www.googletagmanager.com/ns.html?id=GTM-TZTQSQBB,,,,NO,2,UNKNOWN,REVIEW,Weak skin-science support.
/macrophages_skin_science_las_vegas_authority_guide/,tattoo skin science/healing,Book a consult,video,https://www.instagram.com/reel/C4fOsY7OSTq/,▶ Ear curation — studio reel Katelyn Cole at Work of Art — Las Vegas piercing. Watch on Instagram,▶ Ear curation — studio reel Katelyn Cole at Work of Art — Las Vegas piercing. Watch on Instagram,Katelyn Cole,YES,3,VERIFIED,REVIEW,Remote Instagram card; verify reel subject visually before using as proof.
/merchandise/,tattoo,Original art & collectibles,image,/merchandise/mixed-media-bristol-paper.webp,,,,YES,3,UNKNOWN,REVIEW,Generic studio creative; acceptable when not used as portfolio proof.
/merchandise/,tattoo,Original art & collectibles,image,/merchandise/mixed-media-bristol-paper.png,"Mixed media on Bristol paper — Joshua Cole original art, Work of Art Las Vegas, Work of Art Tattoo & Piercing, Las Vegas",,Joshua Cole,YES,4,LIKELY,KEEP,Tattoo visual supports tattoo page.
/merchandise/,tattoo,Mixed media on Bristol paper,image,/merchandise/watercolor-canvas-board-1.webp,,,,YES,3,UNKNOWN,REVIEW,Generic studio creative; acceptable when not used as portfolio proof.
/merchandise/,tattoo,Mixed media on Bristol paper,image,/merchandise/watercolor-canvas-board-1.png,"Watercolor on canvas board — Joshua Cole original art, Work of Art Las Vegas, Work of Art Tattoo & Piercing, Las Vegas",,Joshua Cole,YES,4,LIKELY,KEEP,Tattoo visual supports tattoo page.
/merchandise/,tattoo,Watercolor on canvas board,image,/merchandise/watercolor-canvas-board-2.webp,,,,YES,3,UNKNOWN,REVIEW,Generic studio creative; acceptable when not used as portfolio proof.
/merchandise/,tattoo,Watercolor on canvas board,image,/merchandise/watercolor-canvas-board-2.png,"Watercolor on canvas board — Joshua Cole original art, Work of Art Las Vegas Close-up composition, Work of Art Tattoo & Piercing, Las Vegas",,Joshua Cole,YES,4,LIKELY,KEEP,Tattoo visual supports tattoo page.
/merchandise/,tattoo,Watercolor on canvas board,image,/merchandise/prismacolor-bristol-a7f622a6.webp,,,,YES,3,UNKNOWN,REVIEW,Generic studio creative; acceptable when not used as portfolio proof.
/merchandise/,tattoo,Prismacolor on Bristol paper,image,/merchandise/prismacolor-bristol-211002a1.webp,,,,YES,3,UNKNOWN,REVIEW,Generic studio creative; acceptable when not used as portfolio proof.
/merchandise/,tattoo,Prismacolor on Bristol paper,image,/merchandise/prismacolor-bristol-6e3d8efa.webp,,,,YES,3,UNKNOWN,REVIEW,Generic studio creative; acceptable when not used as portfolio proof.
/merchandise/,tattoo,Prismacolor on Bristol paper,image,/merchandise/graphite-archival-5x7-framed.webp,,,,YES,3,UNKNOWN,REVIEW,Generic studio creative; acceptable when not used as portfolio proof.
/merchandise/,tattoo,Prismacolor on Bristol paper,image,/merchandise/graphite-archival-5x7-framed.jpg,"Graphite on archival paper — framed — Joshua Cole original art, Work of Art Las Vegas, Work of Art Tattoo & Piercing, Las Vegas",,Joshua Cole,YES,4,LIKELY,KEEP,Tattoo visual supports tattoo page.
/merchandise/,tattoo,Graphite on archival paper — framed,image,/merchandise/graphite-8x11-inquire.webp,,,,YES,3,UNKNOWN,REVIEW,Generic studio creative; acceptable when not used as portfolio proof.
/merchandise/,tattoo,Graphite on archival paper — framed,image,/merchandise/graphite-8x11-inquire.jpg,"Graphite drawing — 8.5 × 11 in. — Joshua Cole original art, Work of Art Las Vegas, Work of Art Tattoo & Piercing, Las Vegas",,Joshua Cole,YES,4,LIKELY,KEEP,Tattoo visual supports tattoo page.
/merchandise/,tattoo,Graphite drawing — 8.5 × 11 in.,image,/merchandise/prismacolor-bristol-be3f887f.webp,,,,YES,3,UNKNOWN,REVIEW,Generic studio creative; acceptable when not used as portfolio proof.
/merchandise/,tattoo,Prismacolor on Bristol paper,image,/merchandise/graphite-drive-by-framed.webp,,,,YES,3,UNKNOWN,REVIEW,Generic studio creative; acceptable when not used as portfolio proof.
/merchandise/,tattoo,Prismacolor on Bristol paper,image,/merchandise/graphite-drive-by-framed.jpg,"""Drive by"" — graphite, framed — Joshua Cole original art, Work of Art Las Vegas, Work of Art Tattoo & Piercing, Las Vegas",,Joshua Cole,YES,4,LIKELY,KEEP,Tattoo visual supports tattoo page.
/merchandise/,tattoo,"""Drive by"" — graphite, framed",image,/merchandise/graphite-colored-pencil-hand-framed.webp,,,,YES,3,UNKNOWN,REVIEW,Generic studio creative; acceptable when not used as portfolio proof.
/merchandise/,tattoo,"""Drive by"" — graphite, framed",image,/merchandise/graphite-colored-pencil-hand-framed.jpg,"Graphite & colored pencil — framed — Joshua Cole original art, Work of Art Las Vegas, Work of Art Tattoo & Piercing, Las Vegas",,Joshua Cole,YES,4,LIKELY,KEEP,Tattoo visual supports tattoo page.
/merchandise/,tattoo,Graphite & colored pencil — framed,image,/merchandise/colored-pencil-bridges-framed.webp,,,,YES,3,UNKNOWN,REVIEW,Generic studio creative; acceptable when not used as portfolio proof.
/merchandise/,tattoo,Graphite & colored pencil — framed,image,/merchandise/colored-pencil-bridges-framed.jpg,"""May the bridges I've burned, light my way."" — Joshua Cole original art, Work of Art Las Vegas, Work of Art Tattoo & Piercing, Las Vegas",,Joshua Cole,YES,4,LIKELY,KEEP,Tattoo visual supports tattoo page.
/merchandise/,tattoo,,video,https://www.googletagmanager.com/ns.html?id=GTM-TZTQSQBB,,,,NO,3,UNKNOWN,REVIEW,Generic studio creative; acceptable when not used as portfolio proof.
/merchandise/,tattoo,Visit the studio to see pieces in person,video,https://www.instagram.com/reel/C4fOsY7OSTq/,▶ Ear curation — studio reel Katelyn Cole at Work of Art — Las Vegas piercing. Watch on Instagram,▶ Ear curation — studio reel Katelyn Cole at Work of Art — Las Vegas piercing. Watch on Instagram,Katelyn Cole,YES,3,VERIFIED,REVIEW,Remote Instagram card; verify reel subject visually before using as proof.
/monroe_piercing_las_vegas_authority_guide/,piercing,Real heal documentation,image,/studio_gallery/labret-and-eyebrow-piercing-closeup-c6159742.webp,,Oral piercing close-up Placement and angle marked for your anatomy — starter jewelry sized for swelling.,Katelyn Cole,YES,5,VERIFIED,KEEP,Piercing visual matches page intent.
/monroe_piercing_las_vegas_authority_guide/,piercing,Real heal documentation,image,/studio_gallery/labret-and-eyebrow-piercing-closeup-c6159742.png,Oral piercing close-up — Oral piercing — Work of Art Las Vegas,Oral piercing close-up Placement and angle marked for your anatomy — starter jewelry sized for swelling.,Katelyn Cole,YES,5,VERIFIED,KEEP,Piercing visual matches page intent.
/monroe_piercing_las_vegas_authority_guide/,piercing,Real heal documentation,image,/studio_gallery/curated-facial-piercing-jewelry-display-7d759759.webp,,"Healing month 2 Downsizing window — shorter post once swelling drops, usually 2–6 weeks for oral piercings.",Katelyn Cole,YES,5,VERIFIED,KEEP,Piercing visual matches page intent.
/monroe_piercing_las_vegas_authority_guide/,piercing,Real heal documentation,image,/studio_gallery/curated-facial-piercing-jewelry-display-7d759759.png,Healing month 2 — Oral piercing — Work of Art Las Vegas,"Healing month 2 Downsizing window — shorter post once swelling drops, usually 2–6 weeks for oral piercings.",Katelyn Cole,YES,5,VERIFIED,KEEP,Piercing visual matches page intent.
/monroe_piercing_las_vegas_authority_guide/,piercing,,video,https://www.googletagmanager.com/ns.html?id=GTM-TZTQSQBB,,,,NO,3,UNKNOWN,REVIEW,Generic asset on piercing page.
/monroe_piercing_las_vegas_authority_guide/,piercing,Related piercing guides,video,https://www.instagram.com/reel/C78fY1quCVF/,▶ Katelyn Cole — piercing in the studio Watch Katelyn at Work of Art — calm ear curation and piercing placement in Las Vegas. Watch on Instagram,▶ Katelyn Cole — piercing in the studio Watch Katelyn at Work of Art — calm ear curation and piercing placement in Las Vegas. Watch on Instagram,Katelyn Cole,YES,3,VERIFIED,REVIEW,Remote Instagram card; verify reel subject visually before using as proof.
/navel_piercing_las_vegas_authority_guide/,piercing,Real heal documentation,image,/studio_gallery/body-piercing-work-c611f77c.webp,,Body piercing close-up Placement and angle marked for your anatomy — starter jewelry sized for swelling.,Katelyn Cole,YES,5,VERIFIED,KEEP,Piercing visual matches page intent.
/navel_piercing_las_vegas_authority_guide/,piercing,Real heal documentation,image,/studio_gallery/body-piercing-work-c611f77c.png,Body piercing close-up — Body piercing — Work of Art Las Vegas,Body piercing close-up Placement and angle marked for your anatomy — starter jewelry sized for swelling.,Katelyn Cole,YES,5,VERIFIED,KEEP,Piercing visual matches page intent.
/navel_piercing_las_vegas_authority_guide/,piercing,Real heal documentation,image,/studio_gallery/piercing-session-prep-b525678d.webp,,"Healing week 1 Sterile prep and marking before navel, nipple, or surface work — longer bar on purpose.",Katelyn Cole,YES,5,VERIFIED,KEEP,Piercing visual matches page intent.
/navel_piercing_las_vegas_authority_guide/,piercing,Real heal documentation,image,/studio_gallery/piercing-session-prep-b525678d.png,Healing week 1 — Body piercing — Work of Art Las Vegas,"Healing week 1 Sterile prep and marking before navel, nipple, or surface work — longer bar on purpose.",Katelyn Cole,YES,5,VERIFIED,KEEP,Piercing visual matches page intent.
/navel_piercing_las_vegas_authority_guide/,piercing,Real heal documentation,image,/studio_gallery/spiked-septum-and-chest-ornament-b09080b0.webp,,Healing month 2 Months in — jewelry stable and irritation resolved with proper aftercare and downsizing.,Katelyn Cole,YES,5,VERIFIED,KEEP,Piercing visual matches page intent.
/navel_piercing_las_vegas_authority_guide/,piercing,Real heal documentation,image,/studio_gallery/spiked-septum-and-chest-ornament-b09080b0.png,Healing month 2 — Body piercing — Work of Art Las Vegas,Healing month 2 Months in — jewelry stable and irritation resolved with proper aftercare and downsizing.,Katelyn Cole,YES,5,VERIFIED,KEEP,Piercing visual matches page intent.
/navel_piercing_las_vegas_authority_guide/,piercing,,video,https://www.googletagmanager.com/ns.html?id=GTM-TZTQSQBB,,,,NO,3,UNKNOWN,REVIEW,Generic asset on piercing page.
/navel_piercing_las_vegas_authority_guide/,piercing,Related piercing guides,video,https://www.instagram.com/reel/C78fY1quCVF/,▶ Katelyn Cole — piercing in the studio Watch Katelyn at Work of Art — calm ear curation and piercing placement in Las Vegas. Watch on Instagram,▶ Katelyn Cole — piercing in the studio Watch Katelyn at Work of Art — calm ear curation and piercing placement in Las Vegas. Watch on Instagram,Katelyn Cole,YES,3,VERIFIED,REVIEW,Remote Instagram card; verify reel subject visually before using as proof.
/nipple_piercing_las_vegas_authority_guide/,piercing,Real heal documentation,image,/studio_gallery/body-piercing-work-c611f77c.webp,,Body piercing close-up Placement and angle marked for your anatomy — starter jewelry sized for swelling.,Katelyn Cole,YES,5,VERIFIED,KEEP,Piercing visual matches page intent.
/nipple_piercing_las_vegas_authority_guide/,piercing,Real heal documentation,image,/studio_gallery/body-piercing-work-c611f77c.png,Body piercing close-up — Body piercing — Work of Art Las Vegas,Body piercing close-up Placement and angle marked for your anatomy — starter jewelry sized for swelling.,Katelyn Cole,YES,5,VERIFIED,KEEP,Piercing visual matches page intent.
/nipple_piercing_las_vegas_authority_guide/,piercing,Real heal documentation,image,/studio_gallery/piercing-session-prep-b525678d.webp,,"Healing week 1 Sterile prep and marking before navel, nipple, or surface work — longer bar on purpose.",Katelyn Cole,YES,5,VERIFIED,KEEP,Piercing visual matches page intent.
/nipple_piercing_las_vegas_authority_guide/,piercing,Real heal documentation,image,/studio_gallery/piercing-session-prep-b525678d.png,Healing week 1 — Body piercing — Work of Art Las Vegas,"Healing week 1 Sterile prep and marking before navel, nipple, or surface work — longer bar on purpose.",Katelyn Cole,YES,5,VERIFIED,KEEP,Piercing visual matches page intent.
/nipple_piercing_las_vegas_authority_guide/,piercing,Real heal documentation,image,/studio_gallery/spiked-septum-and-chest-ornament-b09080b0.webp,,Healing month 2 Months in — jewelry stable and irritation resolved with proper aftercare and downsizing.,Katelyn Cole,YES,5,VERIFIED,KEEP,Piercing visual matches page intent.
/nipple_piercing_las_vegas_authority_guide/,piercing,Real heal documentation,image,/studio_gallery/spiked-septum-and-chest-ornament-b09080b0.png,Healing month 2 — Body piercing — Work of Art Las Vegas,Healing month 2 Months in — jewelry stable and irritation resolved with proper aftercare and downsizing.,Katelyn Cole,YES,5,VERIFIED,KEEP,Piercing visual matches page intent.
/nipple_piercing_las_vegas_authority_guide/,piercing,,video,https://www.googletagmanager.com/ns.html?id=GTM-TZTQSQBB,,,,NO,3,UNKNOWN,REVIEW,Generic asset on piercing page.
/nipple_piercing_las_vegas_authority_guide/,piercing,Related piercing guides,video,https://www.instagram.com/reel/C78fY1quCVF/,▶ Katelyn Cole — piercing in the studio Watch Katelyn at Work of Art — calm ear curation and piercing placement in Las Vegas. Watch on Instagram,▶ Katelyn Cole — piercing in the studio Watch Katelyn at Work of Art — calm ear curation and piercing placement in Las Vegas. Watch on Instagram,Katelyn Cole,YES,3,VERIFIED,REVIEW,Remote Instagram card; verify reel subject visually before using as proof.
/nose_piercing_las_vegas_authority_guide/,piercing,Real heal documentation,image,/studio_gallery/nostril-stud-on-smiling-client-dd626b1d.webp,,Facial piercing close-up Placement and angle marked for your anatomy — starter jewelry sized for swelling.,Katelyn Cole,YES,5,VERIFIED,KEEP,Piercing visual matches page intent.
/nose_piercing_las_vegas_authority_guide/,piercing,Real heal documentation,image,/studio_gallery/nostril-stud-on-smiling-client-dd626b1d.png,Facial piercing close-up — Facial piercing — Work of Art Las Vegas,Facial piercing close-up Placement and angle marked for your anatomy — starter jewelry sized for swelling.,Katelyn Cole,YES,5,VERIFIED,KEEP,Piercing visual matches page intent.
/nose_piercing_las_vegas_authority_guide/,piercing,Real heal documentation,image,/studio_gallery/facial-piercing-work-c65aaed1.webp,,"Healing week 1 Days 3–7: tenderness around nostril, eyebrow, or bridge — keep hands off and saline only.",Katelyn Cole,YES,5,VERIFIED,KEEP,Piercing visual matches page intent.
/nose_piercing_las_vegas_authority_guide/,piercing,Real heal documentation,image,/studio_gallery/facial-piercing-work-c65aaed1.png,Healing week 1 — Facial piercing — Work of Art Las Vegas,"Healing week 1 Days 3–7: tenderness around nostril, eyebrow, or bridge — keep hands off and saline only.",Katelyn Cole,YES,5,VERIFIED,KEEP,Piercing visual matches page intent.
/nose_piercing_las_vegas_authority_guide/,piercing,Real heal documentation,image,/studio_gallery/curated-facial-piercing-jewelry-display-7d759759.webp,,Healing month 2 Healed facial work — shorter posts and decorative ends once swelling is gone.,Katelyn Cole,YES,5,VERIFIED,KEEP,Piercing visual matches page intent.
/nose_piercing_las_vegas_authority_guide/,piercing,Real heal documentation,image,/studio_gallery/curated-facial-piercing-jewelry-display-7d759759.png,Healing month 2 — Facial piercing — Work of Art Las Vegas,Healing month 2 Healed facial work — shorter posts and decorative ends once swelling is gone.,Katelyn Cole,YES,5,VERIFIED,KEEP,Piercing visual matches page intent.
/nose_piercing_las_vegas_authority_guide/,piercing,Real heal documentation,image,/studio_gallery/labret-and-eyebrow-piercing-closeup-c6159742.webp,,Swelling example Starter jewelry sits long so tissue is not pulled inward — embedding happens when posts are too short too soon.,Katelyn Cole,YES,5,VERIFIED,KEEP,Piercing visual matches page intent.
/nose_piercing_las_vegas_authority_guide/,piercing,Real heal documentation,image,/studio_gallery/labret-and-eyebrow-piercing-closeup-c6159742.png,Swelling example — Facial piercing — Work of Art Las Vegas,Swelling example Starter jewelry sits long so tissue is not pulled inward — embedding happens when posts are too short too soon.,Katelyn Cole,YES,5,VERIFIED,KEEP,Piercing visual matches page intent.
/nose_piercing_las_vegas_authority_guide/,piercing,,video,https://www.googletagmanager.com/ns.html?id=GTM-TZTQSQBB,,,,NO,3,UNKNOWN,REVIEW,Generic asset on piercing page.
/nose_piercing_las_vegas_authority_guide/,piercing,Real heal documentation,video,https://www.instagram.com/reel/C78fY1quCVF/,▶ Katelyn Cole — piercing in the studio Watch Katelyn at Work of Art — calm ear curation and piercing placement in Las Vegas. Watch on Instagram,▶ Katelyn Cole — piercing in the studio Watch Katelyn at Work of Art — calm ear curation and piercing placement in Las Vegas. Watch on Instagram,Katelyn Cole,YES,3,VERIFIED,REVIEW,Remote Instagram card; verify reel subject visually before using as proof.
/nostril_piercing_las_vegas_authority_guide/,piercing,Real heal documentation,image,/studio_gallery/nostril-stud-on-smiling-client-dd626b1d.webp,,Nostril close-up Placement and angle marked for your anatomy — starter jewelry sized for swelling.,Katelyn Cole,YES,5,VERIFIED,KEEP,Piercing visual matches page intent.
/nostril_piercing_las_vegas_authority_guide/,piercing,Real heal documentation,image,/studio_gallery/nostril-stud-on-smiling-client-dd626b1d.png,Nostril close-up — Nostril — Work of Art Las Vegas,Nostril close-up Placement and angle marked for your anatomy — starter jewelry sized for swelling.,Katelyn Cole,YES,5,VERIFIED,KEEP,Piercing visual matches page intent.
/nostril_piercing_las_vegas_authority_guide/,piercing,Real heal documentation,image,/studio_gallery/facial-piercing-work-c65aaed1.webp,,"Healing week 1 Days 3–7: light crusties, tenderness, and a longer post on purpose — do not shorten jewelry at home.",Katelyn Cole,YES,5,VERIFIED,KEEP,Piercing visual matches page intent.
/nostril_piercing_las_vegas_authority_guide/,piercing,Real heal documentation,image,/studio_gallery/facial-piercing-work-c65aaed1.png,Healing week 1 — Nostril — Work of Art Las Vegas,"Healing week 1 Days 3–7: light crusties, tenderness, and a longer post on purpose — do not shorten jewelry at home.",Katelyn Cole,YES,5,VERIFIED,KEEP,Piercing visual matches page intent.
/nostril_piercing_las_vegas_authority_guide/,piercing,Real heal documentation,image,/studio_gallery/curated-facial-piercing-jewelry-display-7d759759.webp,,Healing month 2 Around 6–8 weeks swelling drops — this is when downsizing protects the angle and prevents bumps.,Katelyn Cole,YES,5,VERIFIED,KEEP,Piercing visual matches page intent.
/nostril_piercing_las_vegas_authority_guide/,piercing,Real heal documentation,image,/studio_gallery/curated-facial-piercing-jewelry-display-7d759759.png,Healing month 2 — Nostril — Work of Art Las Vegas,Healing month 2 Around 6–8 weeks swelling drops — this is when downsizing protects the angle and prevents bumps.,Katelyn Cole,YES,5,VERIFIED,KEEP,Piercing visual matches page intent.
/nostril_piercing_las_vegas_authority_guide/,piercing,Real heal documentation,image,/studio_gallery/jewelry-upgrade-86d3f26f.webp,,"Jewelry change Downsize to a shorter post or swap ends once the fistula is stable — booked as a check-in, not a mall kiosk.",Katelyn Cole,YES,5,VERIFIED,KEEP,Piercing visual matches page intent.
/nostril_piercing_las_vegas_authority_guide/,piercing,Real heal documentation,image,/studio_gallery/jewelry-upgrade-86d3f26f.png,Jewelry change — Nostril — Work of Art Las Vegas,"Jewelry change Downsize to a shorter post or swap ends once the fistula is stable — booked as a check-in, not a mall kiosk.",Katelyn Cole,YES,5,VERIFIED,KEEP,Piercing visual matches page intent.
/nostril_piercing_las_vegas_authority_guide/,piercing,,video,https://www.googletagmanager.com/ns.html?id=GTM-TZTQSQBB,,,,NO,3,UNKNOWN,REVIEW,Generic asset on piercing page.
/nostril_piercing_las_vegas_authority_guide/,piercing,Related piercing guides,video,https://www.instagram.com/reel/C78fY1quCVF/,▶ Katelyn Cole — piercing in the studio Watch Katelyn at Work of Art — calm ear curation and piercing placement in Las Vegas. Watch on Instagram,▶ Katelyn Cole — piercing in the studio Watch Katelyn at Work of Art — calm ear curation and piercing placement in Las Vegas. Watch on Instagram,Katelyn Cole,YES,3,VERIFIED,REVIEW,Remote Instagram card; verify reel subject visually before using as proof.
/official_location_hours_contact/,tattoo,,video,https://www.googletagmanager.com/ns.html?id=GTM-TZTQSQBB,,,,NO,3,UNKNOWN,REVIEW,Generic studio creative; acceptable when not used as portfolio proof.
/official_location_hours_contact/,tattoo,Map & parking,video,https://maps.google.com/maps?q=2375+E+Tropicana+Suite+3+Las+Vegas+NV+89119&output=embed,Work of Art Tattoo & Piercing on Google Maps,,,NO,4,UNKNOWN,KEEP,Tattoo visual supports tattoo page.
/official_location_hours_contact/,tattoo,Directory & citation FAQ,video,https://www.instagram.com/reel/C8vPwacP1du/,▶ Joshua Cole — painting in the studio Joshua at the easel — fine art and tattoo craft under one roof at Work of Art Las Vegas. Watch on Instagram,▶ Joshua Cole — painting in the studio Joshua at the easel — fine art and tattoo craft under one roof at Work of Art Las Vegas. Watch on Instagram,Joshua Cole,YES,3,LIKELY,REVIEW,Remote Instagram card; verify reel subject visually before using as proof.
/offsite_bookings/,tattoo,,image,/offsite_bookings/vip-party-overview-ce767869.webp,,,,YES,3,UNKNOWN,REVIEW,Generic studio creative; acceptable when not used as portfolio proof.
/offsite_bookings/,tattoo,,image,/offsite_bookings/vip-party-overview-ce767869.png,"Crowded luxury event with illuminated fountain — offsite tattoo booking at Mike Tyson's house…, Work of Art Tattoo & Piercing, Las Vegas",,,YES,4,UNKNOWN,KEEP,Tattoo visual supports tattoo page.
/offsite_bookings/,tattoo,Party at Mike Tyson's House,image,/offsite_bookings/joshua-inks-ornate-back-piece-533f90bc.webp,,Joshua inks ornate back piece,Joshua Cole,YES,3,LIKELY,REVIEW,Generic studio creative; acceptable when not used as portfolio proof.
/offsite_bookings/,tattoo,Party at Mike Tyson's House,image,/offsite_bookings/joshua-inks-ornate-back-piece-533f90bc.png,"Joshua Cole inks ornate black-grey back tattoo on blonde client leaning forward — Joshua Cole…, Work of Art Tattoo & Piercing, Las Vegas",Joshua inks ornate back piece,Joshua Cole,YES,4,LIKELY,KEEP,Tattoo visual supports tattoo page.
/offsite_bookings/,tattoo,Party at Mike Tyson's House,image,/offsite_bookings/crowd-gathers-at-vegas-venue-bc20f686.webp,,Crowd gathers at Vegas venue,,YES,3,UNKNOWN,REVIEW,Generic studio creative; acceptable when not used as portfolio proof.
/offsite_bookings/,tattoo,Party at Mike Tyson's House,image,/offsite_bookings/crowd-gathers-at-vegas-venue-bc20f686.png,"Crowd gathers on balcony above lion statue beneath crystal chandelier at Vegas venue — Joshua…, Work of Art Tattoo & Piercing, Las Vegas",Crowd gathers at Vegas venue,Joshua Cole,YES,4,LIKELY,KEEP,Tattoo visual supports tattoo page.
/offsite_bookings/,tattoo,Party at Mike Tyson's House,image,/offsite_bookings/rose-forearm-tattoo-at-offsite-fbda035f.webp,,Rose forearm tattoo at offsite,,YES,4,UNKNOWN,KEEP,Tattoo visual supports tattoo page.
/offsite_bookings/,tattoo,Party at Mike Tyson's House,image,/offsite_bookings/rose-forearm-tattoo-at-offsite-fbda035f.png,"Raiders jersey artist tattoos rose on forearm at pink-covered offsite table — Joshua Cole…, Work of Art Tattoo & Piercing, Las Vegas",Rose forearm tattoo at offsite,Joshua Cole,YES,4,LIKELY,KEEP,Tattoo visual supports tattoo page.
/offsite_bookings/,tattoo,Party at Mike Tyson's House,image,/offsite_bookings/artist-tattoos-rose-under-banner-f7412ef2.webp,,Artist tattoos rose under banner,,YES,4,UNKNOWN,KEEP,Tattoo visual supports tattoo page.
/offsite_bookings/,tattoo,Party at Mike Tyson's House,image,/offsite_bookings/artist-tattoos-rose-under-banner-f7412ef2.png,"Joshua Cole tattoos black-grey rose on forearm beneath Work of Art Las Vegas banner — Joshua…, Work of Art Tattoo & Piercing, Las Vegas",Artist tattoos rose under banner,Joshua Cole,YES,4,LIKELY,KEEP,Tattoo visual supports tattoo page.
/offsite_bookings/,tattoo,Party at Mike Tyson's House,image,/offsite_bookings/power-button-neck-tattoo-session-40ff2f83.webp,,Power button neck tattoo session,,YES,4,UNKNOWN,KEEP,Tattoo visual supports tattoo page.
/offsite_bookings/,tattoo,Party at Mike Tyson's House,image,/offsite_bookings/power-button-neck-tattoo-session-40ff2f83.png,"Joshua Cole tattoos power-button icon on neck behind client's ear at offsite event — Joshua Cole…, Work of Art Tattoo & Piercing, Las Vegas",Power button neck tattoo session,Joshua Cole,YES,4,LIKELY,KEEP,Tattoo visual supports tattoo page.
/offsite_bookings/,tattoo,Party at Mike Tyson's House,image,/offsite_bookings/lion-statue-at-event-venue-7692f658.webp,,Lion statue at event venue,,YES,4,UNKNOWN,KEEP,Tattoo visual supports tattoo page.
/offsite_bookings/,tattoo,Party at Mike Tyson's House,image,/offsite_bookings/lion-statue-at-event-venue-7692f658.png,"Lion statue overlooks boxing mural and chandelier in Vegas hotel mezzanine lounge — Joshua Cole…, Work of Art Tattoo & Piercing, Las Vegas",Lion statue at event venue,Joshua Cole,YES,4,LIKELY,KEEP,Tattoo visual supports tattoo page.
/offsite_bookings/,tattoo,Party at Mike Tyson's House,image,/offsite_bookings/hand-tattoo-near-lion-statue-ec284eb3.webp,,Hand tattoo near lion statue,,YES,4,UNKNOWN,KEEP,Tattoo visual supports tattoo page.
/offsite_bookings/,tattoo,Party at Mike Tyson's House,image,/offsite_bookings/hand-tattoo-near-lion-statue-ec284eb3.png,"Arrow forearm tattoo on pink table beside lion statue and boxing mural at offsite — Joshua Cole…, Work of Art Tattoo & Piercing, Las Vegas",Hand tattoo near lion statue,Joshua Cole,YES,4,LIKELY,KEEP,Tattoo visual supports tattoo page.
/offsite_bookings/,tattoo,Party at Mike Tyson's House,image,/offsite_bookings/ear-cartilage-tattoo-offsite-46be4419.webp,,Ear cartilage tattoo offsite,,YES,4,UNKNOWN,KEEP,Tattoo visual supports tattoo page.
/offsite_bookings/,tattoo,Party at Mike Tyson's House,image,/offsite_bookings/ear-cartilage-tattoo-offsite-46be4419.png,"Joshua Cole tattoos woman's ear cartilage on pink table in chandelier-lit hotel suite — Joshua…, Work of Art Tattoo & Piercing, Las Vegas",Ear cartilage tattoo offsite,Joshua Cole,YES,4,LIKELY,KEEP,Tattoo visual supports tattoo page.
/offsite_bookings/,tattoo,Party at Mike Tyson's House,image,/offsite_bookings/forearm-tattoo-with-onlookers-b37b1e86.webp,,Forearm tattoo with onlookers,,YES,4,UNKNOWN,KEEP,Tattoo visual supports tattoo page.
/offsite_bookings/,tattoo,Party at Mike Tyson's House,image,/offsite_bookings/forearm-tattoo-with-onlookers-b37b1e86.png,"Joshua Cole tattoos client's inner forearm as onlookers watch at pink offsite station — Joshua…, Work of Art Tattoo & Piercing, Las Vegas",Forearm tattoo with onlookers,Joshua Cole,YES,4,LIKELY,KEEP,Tattoo visual supports tattoo page.
/offsite_bookings/,tattoo,Party at Mike Tyson's House,image,/offsite_bookings/arrow-tattoo-at-pink-table-780dc356.webp,,Arrow tattoo at pink table,,YES,4,UNKNOWN,KEEP,Tattoo visual supports tattoo page.
/offsite_bookings/,tattoo,Party at Mike Tyson's House,image,/offsite_bookings/arrow-tattoo-at-pink-table-780dc356.png,"Men sit at pink offsite table; client shows fresh arrow forearm tattoo near lion statue — Joshua…, Work of Art Tattoo & Piercing, Las Vegas",Arrow tattoo at pink table,Joshua Cole,YES,4,LIKELY,KEEP,Tattoo visual supports tattoo page.
/offsite_bookings/,tattoo,Party at Mike Tyson's House,image,/offsite_bookings/hand-tattoo-on-pink-table-9da92236.webp,,Hand tattoo on pink table,,YES,4,UNKNOWN,KEEP,Tattoo visual supports tattoo page.
/offsite_bookings/,tattoo,Party at Mike Tyson's House,image,/offsite_bookings/hand-tattoo-on-pink-table-9da92236.png,"Joshua Cole tattoos back of client's hand on pink-wrapped table; arrow on forearm — Joshua Cole…, Work of Art Tattoo & Piercing, Las Vegas",Hand tattoo on pink table,Joshua Cole,YES,4,LIKELY,KEEP,Tattoo visual supports tattoo page.
/offsite_bookings/,tattoo,Party at Mike Tyson's House,image,/offsite_bookings/upper-back-tattoo-in-progress-c0f701c1.webp,,Upper back tattoo in progress,,YES,4,UNKNOWN,KEEP,Tattoo visual supports tattoo page.
/offsite_bookings/,tattoo,Party at Mike Tyson's House,image,/offsite_bookings/upper-back-tattoo-in-progress-c0f701c1.png,"Joshua Cole tattoos upper-back piece on blonde client in Raiders jersey setup — Joshua Cole…, Work of Art Tattoo & Piercing, Las Vegas",Upper back tattoo in progress,Joshua Cole,YES,4,LIKELY,KEEP,Tattoo visual supports tattoo page.
/offsite_bookings/,tattoo,Party at Mike Tyson's House,image,/offsite_bookings/finished-power-button-neck-tattoo-12d3dea2.webp,,Finished power button neck tattoo,,YES,4,UNKNOWN,KEEP,Tattoo visual supports tattoo page.
/offsite_bookings/,tattoo,Party at Mike Tyson's House,image,/offsite_bookings/finished-power-button-neck-tattoo-12d3dea2.png,"Fresh black power-button neck tattoo behind red-haired client's ear, finished offsite — Joshua…, Work of Art Tattoo & Piercing, Las Vegas",Finished power button neck tattoo,Joshua Cole,YES,4,LIKELY,KEEP,Tattoo visual supports tattoo page.
/offsite_bookings/,tattoo,Party at Mike Tyson's House,image,/offsite_bookings/back-piece-over-faded-portrait-8074a709.webp,,Back piece over faded portrait,,YES,4,UNKNOWN,KEEP,Tattoo visual supports tattoo page.
/offsite_bookings/,tattoo,Party at Mike Tyson's House,image,/offsite_bookings/back-piece-over-faded-portrait-8074a709.png,"Joshua Cole tattoos upper back beside faded blue portrait on blonde client offsite — Joshua Cole…, Work of Art Tattoo & Piercing, Las Vegas",Back piece over faded portrait,Joshua Cole,YES,4,LIKELY,KEEP,Tattoo visual supports tattoo page.
/offsite_bookings/,tattoo,Party at Mike Tyson's House,image,/offsite_bookings/forearm-work-beside-lion-statue-00bc3c55.webp,,Forearm work beside lion statue,,YES,4,UNKNOWN,KEEP,Tattoo visual supports tattoo page.
/offsite_bookings/,tattoo,Party at Mike Tyson's House,image,/offsite_bookings/forearm-work-beside-lion-statue-00bc3c55.png,"Joshua Cole tattoos forearm on pink table beside lion statue and boxing mural offsite — Joshua…, Work of Art Tattoo & Piercing, Las Vegas",Forearm work beside lion statue,Joshua Cole,YES,4,LIKELY,KEEP,Tattoo visual supports tattoo page.
/offsite_bookings/,tattoo,Party at Mike Tyson's House,image,/offsite_bookings/smiley-hand-tattoo-gag-photo-c49cffbf.webp,,Smiley hand tattoo gag photo,,YES,4,UNKNOWN,KEEP,Tattoo visual supports tattoo page.
/offsite_bookings/,tattoo,Party at Mike Tyson's House,image,/offsite_bookings/smiley-hand-tattoo-gag-photo-c49cffbf.png,"Smiley hand tattoo covers man's mouth beside spear forearm tattoo at pink offsite table — Joshua…, Work of Art Tattoo & Piercing, Las Vegas",Smiley hand tattoo gag photo,Joshua Cole,YES,4,LIKELY,KEEP,Tattoo visual supports tattoo page.
/offsite_bookings/,tattoo,Party at Mike Tyson's House,image,/offsite_bookings/forearm-session-under-studio-banner-05f97cd3.webp,,Forearm session under studio banner,,YES,3,UNKNOWN,REVIEW,Generic studio creative; acceptable when not used as portfolio proof.
/offsite_bookings/,tattoo,Party at Mike Tyson's House,image,/offsite_bookings/forearm-session-under-studio-banner-05f97cd3.png,"Joshua Cole tattoos forearm at pink table beneath Work of Art Las Vegas skull banner — Joshua…, Work of Art Tattoo & Piercing, Las Vegas",Forearm session under studio banner,Joshua Cole,YES,4,LIKELY,KEEP,Tattoo visual supports tattoo page.
/offsite_bookings/,tattoo,Party at Mike Tyson's House,image,/offsite_bookings/forearm-tattoo-by-boxing-mural-082676be.webp,,Forearm tattoo by boxing mural,,YES,4,UNKNOWN,KEEP,Tattoo visual supports tattoo page.
/offsite_bookings/,tattoo,Party at Mike Tyson's House,image,/offsite_bookings/forearm-tattoo-by-boxing-mural-082676be.png,"Joshua Cole tattoos client's forearm at pink table with boxing mural behind offsite — Joshua…, Work of Art Tattoo & Piercing, Las Vegas",Forearm tattoo by boxing mural,Joshua Cole,YES,4,LIKELY,KEEP,Tattoo visual supports tattoo page.
/offsite_bookings/,tattoo,Party at Mike Tyson's House,image,/offsite_bookings/finished-arrow-forearm-tattoo-shown-c1e8a694.webp,,Finished arrow forearm tattoo shown,,YES,4,UNKNOWN,KEEP,Tattoo visual supports tattoo page.
/offsite_bookings/,tattoo,Party at Mike Tyson's House,image,/offsite_bookings/finished-arrow-forearm-tattoo-shown-c1e8a694.png,"Client displays finished black arrow forearm tattoo at pink-covered offsite event table — Joshua…, Work of Art Tattoo & Piercing, Las Vegas",Finished arrow forearm tattoo shown,Joshua Cole,YES,4,LIKELY,KEEP,Tattoo visual supports tattoo page.
/offsite_bookings/,tattoo,Party at Mike Tyson's House,image,/offsite_bookings/artist-prepares-offsite-supplies-38689c86.webp,,Artist prepares offsite supplies,,YES,3,UNKNOWN,REVIEW,Generic studio creative; acceptable when not used as portfolio proof.
/offsite_bookings/,tattoo,Party at Mike Tyson's House,image,/offsite_bookings/artist-prepares-offsite-supplies-38689c86.png,"Joshua Cole opens tattoo supplies at pink table facing client in KIVA jersey, lion statue…, Work of Art Tattoo & Piercing, Las Vegas",Artist prepares offsite supplies,Joshua Cole,YES,4,LIKELY,KEEP,Tattoo visual supports tattoo page.
/offsite_bookings/,tattoo,Party at Mike Tyson's House,image,/offsite_bookings/hand-tattoo-under-vegas-banner-f5df31b6.webp,,Hand tattoo under Vegas banner,,YES,4,UNKNOWN,KEEP,Tattoo visual supports tattoo page.
/offsite_bookings/,tattoo,Party at Mike Tyson's House,image,/offsite_bookings/hand-tattoo-under-vegas-banner-f5df31b6.png,"Joshua Cole tattoos client's hand on pink table beneath Work of Art Las Vegas banner — Joshua…, Work of Art Tattoo & Piercing, Las Vegas",Hand tattoo under Vegas banner,Joshua Cole,YES,4,LIKELY,KEEP,Tattoo visual supports tattoo page.
/offsite_bookings/,tattoo,Party at Mike Tyson's House,image,/offsite_bookings/wiping-fresh-back-tattoo-clean-0f9ee73e.webp,,Wiping fresh back tattoo clean,,YES,4,UNKNOWN,KEEP,Tattoo visual supports tattoo page.
/offsite_bookings/,tattoo,Party at Mike Tyson's House,image,/offsite_bookings/wiping-fresh-back-tattoo-clean-0f9ee73e.png,"Joshua Cole wipes fresh ornate back tattoo on smiling blonde client at offsite event — Joshua…, Work of Art Tattoo & Piercing, Las Vegas",Wiping fresh back tattoo clean,Joshua Cole,YES,4,LIKELY,KEEP,Tattoo visual supports tattoo page.
/offsite_bookings/,tattoo,Party at Mike Tyson's House,image,/offsite_bookings/small-hand-tattoo-beside-arrow-8e384ac0.webp,,Small hand tattoo beside arrow,,YES,4,UNKNOWN,KEEP,Tattoo visual supports tattoo page.
/offsite_bookings/,tattoo,Party at Mike Tyson's House,image,/offsite_bookings/small-hand-tattoo-beside-arrow-8e384ac0.png,"Joshua Cole tattoos small design on hand beside arrow-and-rose forearm at pink table — Joshua…, Work of Art Tattoo & Piercing, Las Vegas",Small hand tattoo beside arrow,Joshua Cole,YES,4,LIKELY,KEEP,Tattoo visual supports tattoo page.
/offsite_bookings/,tattoo,Party at Mike Tyson's House,image,/offsite_bookings/client-poses-on-tattoo-chair-4bf878ad.webp,,Client poses on tattoo chair,,YES,4,UNKNOWN,KEEP,Tattoo visual supports tattoo page.
/offsite_bookings/,tattoo,Party at Mike Tyson's House,image,/offsite_bookings/client-poses-on-tattoo-chair-4bf878ad.png,"Smiling blonde client poses on white tattoo armrest showing fresh shoulder ink offsite — Joshua…, Work of Art Tattoo & Piercing, Las Vegas",Client poses on tattoo chair,Joshua Cole,YES,4,LIKELY,KEEP,Tattoo visual supports tattoo page.
/offsite_bookings/,tattoo,Party at Mike Tyson's House,image,/offsite_bookings/arrow-inner-forearm-tattoo-session-aa92f551.webp,,Arrow inner forearm tattoo session,,YES,4,UNKNOWN,KEEP,Tattoo visual supports tattoo page.
/offsite_bookings/,tattoo,Party at Mike Tyson's House,image,/offsite_bookings/arrow-inner-forearm-tattoo-session-aa92f551.png,"Joshua Cole tattoos black arrow on inner forearm at pink table with Vegas banner behind — Joshua…, Work of Art Tattoo & Piercing, Las Vegas",Arrow inner forearm tattoo session,Joshua Cole,YES,4,LIKELY,KEEP,Tattoo visual supports tattoo page.
/offsite_bookings/,tattoo,Party at Mike Tyson's House,image,/offsite_bookings/fresh-bitcoin-logo-shoulder-tattoo-12a987bd.webp,,Fresh Bitcoin logo shoulder tattoo,,YES,4,UNKNOWN,KEEP,Tattoo visual supports tattoo page.
/offsite_bookings/,tattoo,Party at Mike Tyson's House,image,/offsite_bookings/fresh-bitcoin-logo-shoulder-tattoo-12a987bd.png,"Fresh Bitcoin logo tattoo on shoulder beside faded black-grey back piece offsite — Joshua Cole…, Work of Art Tattoo & Piercing, Las Vegas",Fresh Bitcoin logo shoulder tattoo,Joshua Cole,YES,4,LIKELY,KEEP,Tattoo visual supports tattoo page.
/offsite_bookings/,tattoo,Party at Mike Tyson's House,image,/offsite_bookings/upper-back-tattoo-on-client-a68626ac.webp,,Upper back tattoo on client,,YES,4,UNKNOWN,KEEP,Tattoo visual supports tattoo page.
/offsite_bookings/,tattoo,Party at Mike Tyson's House,image,/offsite_bookings/upper-back-tattoo-on-client-a68626ac.png,"Joshua Cole tattoos upper back on blonde client leaning on portable chair at offsite — Joshua…, Work of Art Tattoo & Piercing, Las Vegas",Upper back tattoo on client,Joshua Cole,YES,4,LIKELY,KEEP,Tattoo visual supports tattoo page.
/offsite_bookings/,tattoo,Party at Mike Tyson's House,image,/offsite_bookings/cleaning-fresh-back-tattoo-offsite-f3971885.webp,,Cleaning fresh back tattoo offsite,,YES,4,UNKNOWN,KEEP,Tattoo visual supports tattoo page.
/offsite_bookings/,tattoo,Party at Mike Tyson's House,image,/offsite_bookings/cleaning-fresh-back-tattoo-offsite-f3971885.png,"Joshua Cole wipes fresh back tattoo on smiling blonde woman at crowded offsite setup — Joshua…, Work of Art Tattoo & Piercing, Las Vegas",Cleaning fresh back tattoo offsite,Joshua Cole,YES,4,LIKELY,KEEP,Tattoo visual supports tattoo page.
/offsite_bookings/,tattoo,Party at Mike Tyson's House,image,/offsite_bookings/artist-steadies-back-tattoo-skin-c61315df.webp,,Artist steadies back tattoo skin,,YES,4,UNKNOWN,KEEP,Tattoo visual supports tattoo page.
/offsite_bookings/,tattoo,Party at Mike Tyson's House,image,/offsite_bookings/artist-steadies-back-tattoo-skin-c61315df.png,"Gloved artist steadies skin on lower back beside ornate female face tattoo at offsite — Joshua…, Work of Art Tattoo & Piercing, Las Vegas",Artist steadies back tattoo skin,Joshua Cole,YES,4,LIKELY,KEEP,Tattoo visual supports tattoo page.
/offsite_bookings/,tattoo,Party at Mike Tyson's House,image,/offsite_bookings/hand-tattoo-at-pink-station-67e16651.webp,,Hand tattoo at pink station,,YES,4,UNKNOWN,KEEP,Tattoo visual supports tattoo page.
/offsite_bookings/,tattoo,Party at Mike Tyson's House,image,/offsite_bookings/hand-tattoo-at-pink-station-67e16651.png,"Joshua Cole tattoos back of hand on pink table; client has arrow forearm tattoo — Joshua Cole…, Work of Art Tattoo & Piercing, Las Vegas",Hand tattoo at pink station,Joshua Cole,YES,4,LIKELY,KEEP,Tattoo visual supports tattoo page.
/offsite_bookings/,tattoo,Party at Mike Tyson's House,image,/offsite_bookings/client-mirror-selfie-showing-tattoos-b2bed9b8.webp,,Client mirror selfie showing tattoos,,YES,4,UNKNOWN,KEEP,Tattoo visual supports tattoo page.
/offsite_bookings/,tattoo,Party at Mike Tyson's House,image,/offsite_bookings/client-mirror-selfie-showing-tattoos-b2bed9b8.png,"Heavily tattooed client mirror selfie showing rose hand tattoo and purple butterfly offsite…, Work of Art Tattoo & Piercing, Las Vegas",Client mirror selfie showing tattoos,,YES,4,UNKNOWN,KEEP,Tattoo visual supports tattoo page.
/offsite_bookings/,tattoo,Party at Mike Tyson's House,image,/offsite_bookings/finished-back-tattoo-reveal-offsite-28a927f5.webp,,Finished back tattoo reveal offsite,,YES,4,UNKNOWN,KEEP,Tattoo visual supports tattoo page.
/offsite_bookings/,tattoo,Party at Mike Tyson's House,image,/offsite_bookings/finished-back-tattoo-reveal-offsite-28a927f5.png,"Blonde client turns showing finished ornate back tattoo at pink offsite event table — Joshua…, Work of Art Tattoo & Piercing, Las Vegas",Finished back tattoo reveal offsite,Joshua Cole,YES,4,LIKELY,KEEP,Tattoo visual supports tattoo page.
/offsite_bookings/,tattoo,Party at Mike Tyson's House,image,/offsite_bookings/smiley-finger-covers-client-s-mouth-33facf49.webp,,Smiley finger covers client's mouth,,YES,3,UNKNOWN,REVIEW,Generic studio creative; acceptable when not used as portfolio proof.
/offsite_bookings/,tattoo,Party at Mike Tyson's House,image,/offsite_bookings/smiley-finger-covers-client-s-mouth-33facf49.png,"Smiley finger tattoo covers man's mouth; spear forearm and heart hand at offsite — Joshua Cole…, Work of Art Tattoo & Piercing, Las Vegas",Smiley finger covers client's mouth,Joshua Cole,YES,4,LIKELY,KEEP,Tattoo visual supports tattoo page.
/offsite_bookings/,tattoo,Party at Mike Tyson's House,image,/offsite_bookings/spider-stomach-tattoo-mirror-selfie-db0e4c0a.webp,,Spider stomach tattoo mirror selfie,,YES,4,UNKNOWN,KEEP,Tattoo visual supports tattoo page.
/offsite_bookings/,tattoo,Party at Mike Tyson's House,image,/offsite_bookings/spider-stomach-tattoo-mirror-selfie-db0e4c0a.png,"Client mirror selfie showing black widow spider stomach tattoo and full body ink offsite…, Work of Art Tattoo & Piercing, Las Vegas",Spider stomach tattoo mirror selfie,,YES,4,UNKNOWN,KEEP,Tattoo visual supports tattoo page.
/offsite_bookings/,tattoo,Party at Mike Tyson's House,image,/offsite_bookings/artist-wipes-phoenix-back-tattoo-79958590.webp,,Artist wipes phoenix back tattoo,,YES,4,UNKNOWN,KEEP,Tattoo visual supports tattoo page.
/offsite_bookings/,tattoo,Party at Mike Tyson's House,image,/offsite_bookings/artist-wipes-phoenix-back-tattoo-79958590.png,"Joshua Cole wipes fresh phoenix back tattoo as laughing blonde client reacts offsite — Joshua…, Work of Art Tattoo & Piercing, Las Vegas",Artist wipes phoenix back tattoo,Joshua Cole,YES,4,LIKELY,KEEP,Tattoo visual supports tattoo page.
/offsite_bookings/,tattoo,Party at Mike Tyson's House,image,/offsite_bookings/script-tattoo-behind-ear-offsite-5ce7739d.webp,,Script tattoo behind ear offsite,,YES,4,UNKNOWN,KEEP,Tattoo visual supports tattoo page.
/offsite_bookings/,tattoo,Party at Mike Tyson's House,image,/offsite_bookings/script-tattoo-behind-ear-offsite-5ce7739d.png,"Joshua Cole tattoos purple script behind client's ear on pink-wrapped offsite station — Joshua…, Work of Art Tattoo & Piercing, Las Vegas",Script tattoo behind ear offsite,Joshua Cole,YES,4,LIKELY,KEEP,Tattoo visual supports tattoo page.
/offsite_bookings/,tattoo,Party at Mike Tyson's House,image,/offsite_bookings/consultation-at-pink-offsite-table-aaf52d4f.webp,,Consultation at pink offsite table,,YES,3,UNKNOWN,REVIEW,Generic studio creative; acceptable when not used as portfolio proof.
/offsite_bookings/,tattoo,Party at Mike Tyson's House,image,/offsite_bookings/consultation-at-pink-offsite-table-aaf52d4f.png,"Joshua Cole consults blonde client across pink massage table with LED lights at offsite — Joshua…, Work of Art Tattoo & Piercing, Las Vegas",Consultation at pink offsite table,Joshua Cole,YES,4,LIKELY,KEEP,Tattoo visual supports tattoo page.
/offsite_bookings/,tattoo,Party at Mike Tyson's House,image,/offsite_bookings/joshua-cole-smiles-during-neck-tattoo-4f30c0bb.webp,,Joshua Cole smiles during neck tattoo,Joshua Cole,YES,4,LIKELY,KEEP,Tattoo visual supports tattoo page.
/offsite_bookings/,tattoo,Party at Mike Tyson's House,image,/offsite_bookings/joshua-cole-smiles-during-neck-tattoo-4f30c0bb.png,"Joshua Cole tattoos jawline stencil on red-haired client in #21 jersey — Joshua Cole offsite…, Work of Art Tattoo & Piercing, Las Vegas",Joshua Cole smiles during neck tattoo,Joshua Cole,YES,4,LIKELY,KEEP,Tattoo visual supports tattoo page.
/offsite_bookings/,tattoo,Party at Mike Tyson's House,image,/offsite_bookings/joshua-cole-holds-wrap-and-tattoo-machine-562d7e48.webp,,Joshua Cole holds wrap and tattoo machine,Joshua Cole,YES,4,LIKELY,KEEP,Tattoo visual supports tattoo page.
/offsite_bookings/,tattoo,Party at Mike Tyson's House,image,/offsite_bookings/joshua-cole-holds-wrap-and-tattoo-machine-562d7e48.png,"Joshua Cole smiles holding barrier film and wrapped machine at WOA banner — Joshua Cole offsite…, Work of Art Tattoo & Piercing, Las Vegas",Joshua Cole holds wrap and tattoo machine,Joshua Cole,YES,4,LIKELY,KEEP,Tattoo visual supports tattoo page.
/offsite_bookings/,tattoo,Party at Mike Tyson's House,image,/offsite_bookings/neck-tattoo-on-pink-portable-table-91135235.webp,,Neck tattoo on pink portable table,,YES,4,UNKNOWN,KEEP,Tattoo visual supports tattoo page.
/offsite_bookings/,tattoo,Party at Mike Tyson's House,image,/offsite_bookings/neck-tattoo-on-pink-portable-table-91135235.png,"Joshua Cole tattoos neck on client lying on pink plastic-wrapped table — Joshua Cole offsite…, Work of Art Tattoo & Piercing, Las Vegas",Neck tattoo on pink portable table,Joshua Cole,YES,4,LIKELY,KEEP,Tattoo visual supports tattoo page.
/offsite_bookings/,tattoo,Party at Mike Tyson's House,image,/offsite_bookings/joshua-cole-opens-ink-before-neck-tattoo-59d997f0.webp,,Joshua Cole opens ink before neck tattoo,Joshua Cole,YES,4,LIKELY,KEEP,Tattoo visual supports tattoo page.
/offsite_bookings/,tattoo,Party at Mike Tyson's House,image,/offsite_bookings/joshua-cole-opens-ink-before-neck-tattoo-59d997f0.png,"Joshua Cole opens ink bottle as client waits with purple neck stencil — Joshua Cole offsite…, Work of Art Tattoo & Piercing, Las Vegas",Joshua Cole opens ink before neck tattoo,Joshua Cole,YES,4,LIKELY,KEEP,Tattoo visual supports tattoo page.
/offsite_bookings/,tattoo,Party at Mike Tyson's House,image,/offsite_bookings/close-up-temple-and-ear-tattoo-session-712ac10d.webp,,Close-up temple and ear tattoo session,,YES,4,UNKNOWN,KEEP,Tattoo visual supports tattoo page.
/offsite_bookings/,tattoo,Party at Mike Tyson's House,image,/offsite_bookings/close-up-temple-and-ear-tattoo-session-712ac10d.png,"Close-up of Joshua Cole tattooing client's temple and ear area — Joshua Cole offsite booking…, Work of Art Tattoo & Piercing, Las Vegas",Close-up temple and ear tattoo session,Joshua Cole,YES,4,LIKELY,KEEP,Tattoo visual supports tattoo page.
/offsite_bookings/,tattoo,Party at Mike Tyson's House,image,/offsite_bookings/overhead-view-of-neck-tattoo-work-4466a651.webp,,Overhead view of neck tattoo work,,YES,4,UNKNOWN,KEEP,Tattoo visual supports tattoo page.
/offsite_bookings/,tattoo,Party at Mike Tyson's House,image,/offsite_bookings/overhead-view-of-neck-tattoo-work-4466a651.png,"Overhead of Joshua Cole tattooing behind client's ear with rotary gun — Joshua Cole offsite…, Work of Art Tattoo & Piercing, Las Vegas",Overhead view of neck tattoo work,Joshua Cole,YES,4,LIKELY,KEEP,Tattoo visual supports tattoo page.
/offsite_bookings/,tattoo,Party at Mike Tyson's House,image,/offsite_bookings/digital-tattoo-design-consult-on-tablet-ce39dee6.webp,,Digital tattoo design consult on tablet,,YES,4,UNKNOWN,KEEP,Tattoo visual supports tattoo page.
/offsite_bookings/,tattoo,Party at Mike Tyson's House,image,/offsite_bookings/digital-tattoo-design-consult-on-tablet-ce39dee6.png,"Blonde client watches Joshua Cole draw tattoo design on tablet — Joshua Cole offsite booking…, Work of Art Tattoo & Piercing, Las Vegas",Digital tattoo design consult on tablet,Joshua Cole,YES,4,LIKELY,KEEP,Tattoo visual supports tattoo page.
/offsite_bookings/,tattoo,Party at Mike Tyson's House,image,/offsite_bookings/joshua-cole-poses-with-barrier-film-roll-9fcf823d.webp,,Joshua Cole poses with barrier film roll,Joshua Cole,YES,3,LIKELY,REVIEW,Generic studio creative; acceptable when not used as portfolio proof.
/offsite_bookings/,tattoo,Party at Mike Tyson's House,image,/offsite_bookings/joshua-cole-poses-with-barrier-film-roll-9fcf823d.png,"Joshua Cole grins holding clear barrier film roll at mobile banner — Joshua Cole offsite…, Work of Art Tattoo & Piercing, Las Vegas",Joshua Cole poses with barrier film roll,Joshua Cole,YES,4,LIKELY,KEEP,Tattoo visual supports tattoo page.
/offsite_bookings/,tattoo,Party at Mike Tyson's House,image,/offsite_bookings/hand-tattoo-on-client-with-mullet-dd5cfa25.webp,,Hand tattoo on client with mullet,,YES,4,UNKNOWN,KEEP,Tattoo visual supports tattoo page.
/offsite_bookings/,tattoo,Party at Mike Tyson's House,image,/offsite_bookings/hand-tattoo-on-client-with-mullet-dd5cfa25.png,"Joshua Cole tattoos client's hand on pink table; mullet client faces camera — Joshua Cole…, Work of Art Tattoo & Piercing, Las Vegas",Hand tattoo on client with mullet,Joshua Cole,YES,4,LIKELY,KEEP,Tattoo visual supports tattoo page.
/offsite_bookings/,tattoo,Party at Mike Tyson's House,image,/offsite_bookings/forearm-tattoo-while-client-holds-beer-f2783418.webp,,Forearm tattoo while client holds beer,,YES,4,UNKNOWN,KEEP,Tattoo visual supports tattoo page.
/offsite_bookings/,tattoo,Party at Mike Tyson's House,image,/offsite_bookings/forearm-tattoo-while-client-holds-beer-f2783418.png,"Joshua Cole tattoos forearm as mullet client holds Modelo on pink table — Joshua Cole offsite…, Work of Art Tattoo & Piercing, Las Vegas",Forearm tattoo while client holds beer,Joshua Cole,YES,4,LIKELY,KEEP,Tattoo visual supports tattoo page.
/offsite_bookings/,tattoo,Party at Mike Tyson's House,image,/offsite_bookings/joshua-cole-smiles-before-ear-tattoo-110dd123.webp,,Joshua Cole smiles before ear tattoo,Joshua Cole,YES,4,LIKELY,KEEP,Tattoo visual supports tattoo page.
/offsite_bookings/,tattoo,Party at Mike Tyson's House,image,/offsite_bookings/joshua-cole-smiles-before-ear-tattoo-110dd123.png,"Joshua Cole smiles, machine ready behind client's ear stencil — Joshua Cole offsite booking…, Work of Art Tattoo & Piercing, Las Vegas",Joshua Cole smiles before ear tattoo,Joshua Cole,YES,4,LIKELY,KEEP,Tattoo visual supports tattoo page.
/offsite_bookings/,tattoo,Party at Mike Tyson's House,image,/offsite_bookings/client-films-arm-tattoo-on-pink-table-7b9c7784.webp,,Client films arm tattoo on pink table,,YES,4,UNKNOWN,KEEP,Tattoo visual supports tattoo page.
/offsite_bookings/,tattoo,Party at Mike Tyson's House,image,/offsite_bookings/client-films-arm-tattoo-on-pink-table-7b9c7784.png,"Client on pink table films Joshua Cole tattooing her arm with phone selfie — Joshua Cole offsite…, Work of Art Tattoo & Piercing, Las Vegas",Client films arm tattoo on pink table,Joshua Cole,YES,4,LIKELY,KEEP,Tattoo visual supports tattoo page.
/offsite_bookings/,tattoo,Party at Mike Tyson's House,image,/offsite_bookings/excited-client-on-pink-tattoo-table-9c77a1ea.webp,,Excited client on pink tattoo table,,YES,4,UNKNOWN,KEEP,Tattoo visual supports tattoo page.
/offsite_bookings/,tattoo,Party at Mike Tyson's House,image,/offsite_bookings/excited-client-on-pink-tattoo-table-9c77a1ea.png,"Red-haired client laughs on pink-wrap table wearing orange Stacks wristbands — Joshua Cole…, Work of Art Tattoo & Piercing, Las Vegas",Excited client on pink tattoo table,Joshua Cole,YES,4,LIKELY,KEEP,Tattoo visual supports tattoo page.
/offsite_bookings/,tattoo,Party at Mike Tyson's House,image,/offsite_bookings/joyful-client-mid-party-tattoo-session-25eddbb8.webp,,Joyful client mid-party tattoo session,,YES,4,UNKNOWN,KEEP,Tattoo visual supports tattoo page.
/offsite_bookings/,tattoo,Party at Mike Tyson's House,image,/offsite_bookings/joyful-client-mid-party-tattoo-session-25eddbb8.png,"Client grins wide on pink tattoo table with festival wristbands at VIP party — Joshua Cole…, Work of Art Tattoo & Piercing, Las Vegas",Joyful client mid-party tattoo session,Joshua Cole,YES,4,LIKELY,KEEP,Tattoo visual supports tattoo page.
/offsite_bookings/,tattoo,Party at Mike Tyson's House,image,/offsite_bookings/joshua-wipes-fresh-back-tattoo-ebeb19d1.webp,,Joshua wipes fresh back tattoo,Joshua Cole,YES,4,LIKELY,KEEP,Tattoo visual supports tattoo page.
/offsite_bookings/,tattoo,Party at Mike Tyson's House,image,/offsite_bookings/joshua-wipes-fresh-back-tattoo-ebeb19d1.png,"Joshua Cole wipes fresh anchor back tattoo on smiling blonde client indoors — Joshua Cole…, Work of Art Tattoo & Piercing, Las Vegas",Joshua wipes fresh back tattoo,Joshua Cole,YES,4,LIKELY,KEEP,Tattoo visual supports tattoo page.
/offsite_bookings/,tattoo,Party at Mike Tyson's House,image,/offsite_bookings/fresh-back-piece-reveal-at-event-ebffbf9a.webp,,Fresh back piece reveal at event,,YES,3,UNKNOWN,REVIEW,Generic studio creative; acceptable when not used as portfolio proof.
/offsite_bookings/,tattoo,Party at Mike Tyson's House,image,/offsite_bookings/fresh-back-piece-reveal-at-event-ebffbf9a.png,"Blonde client smiles showing new shoulder-back tattoo beside Joshua Cole — Joshua Cole offsite…, Work of Art Tattoo & Piercing, Las Vegas",Fresh back piece reveal at event,Joshua Cole,YES,4,LIKELY,KEEP,Tattoo visual supports tattoo page.
/offsite_bookings/,tattoo,Party at Mike Tyson's House,image,/offsite_bookings/ear-tattoo-session-2026b305.webp,,Ear tattoo session,,YES,4,UNKNOWN,KEEP,Tattoo visual supports tattoo page.
/offsite_bookings/,tattoo,Party at Mike Tyson's House,image,/offsite_bookings/ear-tattoo-session-2026b305.png,"Joshua Cole tattooing at private event — portable setup with professional lighting, Work of Art Tattoo & Piercing, Las Vegas",Ear tattoo session,Joshua Cole,YES,4,LIKELY,KEEP,Tattoo visual supports tattoo page.
/offsite_bookings/,tattoo,Party at Mike Tyson's House,image,/offsite_bookings/hand-tattoo-session-fefa7046.webp,,Hand tattoo session,,YES,4,UNKNOWN,KEEP,Tattoo visual supports tattoo page.
/offsite_bookings/,tattoo,Party at Mike Tyson's House,image,/offsite_bookings/hand-tattoo-session-fefa7046.png,"Joshua Cole tattooing client's hand at private residence — offsite booking Work of Art Las Vegas, Work of Art Tattoo & Piercing, Las Vegas",Hand tattoo session,Joshua Cole,YES,4,LIKELY,KEEP,Tattoo visual supports tattoo page.
/offsite_bookings/,tattoo,Party at Mike Tyson's House,image,/offsite_bookings/mobile-studio-banner-setup-0d9b5525.webp,,Mobile studio banner setup,,YES,3,UNKNOWN,REVIEW,Generic studio creative; acceptable when not used as portfolio proof.
/offsite_bookings/,tattoo,Party at Mike Tyson's House,image,/offsite_bookings/mobile-studio-banner-setup-0d9b5525.png,"Work of Art Tattoo mobile banner and sterile supply station — offsite booking Las Vegas, Work of Art Tattoo & Piercing, Las Vegas",Mobile studio banner setup,,YES,4,UNKNOWN,KEEP,Tattoo visual supports tattoo page.
/offsite_bookings/,tattoo,Party at Mike Tyson's House,image,/offsite_bookings/bitcoin-logo-tattoo-68ecdecb.webp,,Bitcoin logo tattoo,,YES,4,UNKNOWN,KEEP,Tattoo visual supports tattoo page.
/offsite_bookings/,tattoo,Party at Mike Tyson's House,image,/offsite_bookings/bitcoin-logo-tattoo-68ecdecb.png,"Small Bitcoin logo tattoo completed at private offsite event — Joshua Cole, Work of Art Las Vegas, Work of Art Tattoo & Piercing, Las Vegas",Bitcoin logo tattoo,Joshua Cole,YES,4,LIKELY,KEEP,Tattoo visual supports tattoo page.
/offsite_bookings/,tattoo,Party at Mike Tyson's House,image,/offsite_bookings/portable-tattoo-station-prep-300eed85.webp,,Portable tattoo station prep,,YES,4,UNKNOWN,KEEP,Tattoo visual supports tattoo page.
/offsite_bookings/,tattoo,Party at Mike Tyson's House,image,/offsite_bookings/portable-tattoo-station-prep-300eed85.png,"Joshua Cole setting up pink portable table with professional lighting — offsite house call, Work of Art Tattoo & Piercing, Las Vegas",Portable tattoo station prep,Joshua Cole,YES,4,LIKELY,KEEP,Tattoo visual supports tattoo page.
/offsite_bookings/,tattoo,Party at Mike Tyson's House,image,/offsite_bookings/design-consult-on-ipad-1a9b08fd.webp,,Design consult on iPad,,YES,3,UNKNOWN,REVIEW,Generic studio creative; acceptable when not used as portfolio proof.
/offsite_bookings/,tattoo,Party at Mike Tyson's House,image,/offsite_bookings/design-consult-on-ipad-1a9b08fd.png,"Joshua Cole Reviewing Tattoo Designs with Client at Portable Offsite Station, Work of Art Tattoo & Piercing, Las Vegas",Design consult on iPad,Joshua Cole,YES,4,LIKELY,KEEP,Tattoo visual supports tattoo page.
/offsite_bookings/,tattoo,Party at Mike Tyson's House,image,/offsite_bookings/vip-party-overview-ce767869.webp,,VIP party overview,,YES,3,UNKNOWN,REVIEW,Generic studio creative; acceptable when not used as portfolio proof.
/offsite_bookings/,tattoo,Party at Mike Tyson's House,image,/offsite_bookings/vip-party-overview-ce767869.png,"Crowded luxury event with illuminated fountain — offsite tattoo booking at Mike Tyson's house…, Work of Art Tattoo & Piercing, Las Vegas",VIP party overview,,YES,4,UNKNOWN,KEEP,Tattoo visual supports tattoo page.
/offsite_bookings/,tattoo,Party at Mike Tyson's House,image,/offsite_bookings/joshua-at-offsite-setup-892cce83.webp,,Joshua at offsite setup,Joshua Cole,YES,3,LIKELY,REVIEW,Generic studio creative; acceptable when not used as portfolio proof.
/offsite_bookings/,tattoo,Party at Mike Tyson's House,image,/offsite_bookings/joshua-at-offsite-setup-892cce83.png,"Joshua Cole at portable tattoo station — Work of Art Las Vegas offsite booking, Work of Art Tattoo & Piercing, Las Vegas",Joshua at offsite setup,Joshua Cole,YES,4,LIKELY,KEEP,Tattoo visual supports tattoo page.
/offsite_bookings/,tattoo,Party at Mike Tyson's House,image,/offsite_bookings/offsite-workspace-283378ea.webp,,Offsite workspace,,YES,3,UNKNOWN,REVIEW,Generic studio creative; acceptable when not used as portfolio proof.
/offsite_bookings/,tattoo,Party at Mike Tyson's House,image,/offsite_bookings/offsite-workspace-283378ea.png,"Mobile tattoo workspace with Work of Art banner — private event Las Vegas, Work of Art Tattoo & Piercing, Las Vegas",Offsite workspace,,YES,4,UNKNOWN,KEEP,Tattoo visual supports tattoo page.
/offsite_bookings/,tattoo,Party at Mike Tyson's House,image,/offsite_bookings/stencil-placement-9efab4af.webp,,Stencil placement,,YES,3,UNKNOWN,REVIEW,Generic studio creative; acceptable when not used as portfolio proof.
/offsite_bookings/,tattoo,Party at Mike Tyson's House,image,/offsite_bookings/stencil-placement-9efab4af.png,"Joshua Cole Applying Tattoo Stencil at Offsite Private Event, Work of Art Tattoo & Piercing, Las Vegas",Stencil placement,Joshua Cole,YES,4,LIKELY,KEEP,Tattoo visual supports tattoo page.
/offsite_bookings/,tattoo,Party at Mike Tyson's House,image,/offsite_bookings/client-session-in-progress-b619edc6.webp,,Client session in progress,,YES,3,UNKNOWN,REVIEW,Generic studio creative; acceptable when not used as portfolio proof.
/offsite_bookings/,tattoo,Party at Mike Tyson's House,image,/offsite_bookings/client-session-in-progress-b619edc6.png,"Tattoo session at upscale private residence — Joshua Cole offsite booking, Work of Art Tattoo & Piercing, Las Vegas",Client session in progress,Joshua Cole,YES,4,LIKELY,KEEP,Tattoo visual supports tattoo page.
/offsite_bookings/,tattoo,Party at Mike Tyson's House,image,/offsite_bookings/delicate-placement-work-8ede3196.webp,,Delicate placement work,,YES,3,UNKNOWN,REVIEW,Generic studio creative; acceptable when not used as portfolio proof.
/offsite_bookings/,tattoo,Party at Mike Tyson's House,image,/offsite_bookings/delicate-placement-work-8ede3196.png,"Joshua Cole working on small tattoo at private party — Work of Art Las Vegas, Work of Art Tattoo & Piercing, Las Vegas",Delicate placement work,Joshua Cole,YES,4,LIKELY,KEEP,Tattoo visual supports tattoo page.
/offsite_bookings/,tattoo,Party at Mike Tyson's House,image,/offsite_bookings/smiley-flash-stencils-5e1ae4da.webp,,Smiley flash stencils,,YES,4,UNKNOWN,KEEP,Tattoo visual supports tattoo page.
/offsite_bookings/,tattoo,Party at Mike Tyson's House,image,/offsite_bookings/smiley-flash-stencils-5e1ae4da.png,"Smiley-face flash stencil sheet prepared for party guests — offsite event tattooing, Work of Art Tattoo & Piercing, Las Vegas",Smiley flash stencils,,YES,4,UNKNOWN,KEEP,Tattoo visual supports tattoo page.
/offsite_bookings/,tattoo,Party at Mike Tyson's House,image,/offsite_bookings/live-session-documentation-e857e59a.webp,,Live session documentation,,YES,3,UNKNOWN,REVIEW,Generic studio creative; acceptable when not used as portfolio proof.
/offsite_bookings/,tattoo,Party at Mike Tyson's House,image,/offsite_bookings/live-session-documentation-e857e59a.png,"Offsite tattoo session filmed at VIP private event — Joshua Cole, Work of Art Tattoo & Piercing, Las Vegas",Live session documentation,Joshua Cole,YES,4,LIKELY,KEEP,Tattoo visual supports tattoo page.
/offsite_bookings/,tattoo,Party at Mike Tyson's House,image,/offsite_bookings/pre-session-consult-12ae711e.webp,,Pre-session consult,,YES,3,UNKNOWN,REVIEW,Generic studio creative; acceptable when not used as portfolio proof.
/offsite_bookings/,tattoo,Party at Mike Tyson's House,image,/offsite_bookings/pre-session-consult-12ae711e.png,"Joshua Cole and Client Preparing for Tattoo at Portable Offsite Station, Work of Art Tattoo & Piercing, Las Vegas",Pre-session consult,Joshua Cole,YES,4,LIKELY,KEEP,Tattoo visual supports tattoo page.
/offsite_bookings/,tattoo,Party at Mike Tyson's House,image,/offsite_bookings/neck-placement-consult-on-pink-table-a8cbba51.webp,,Neck placement consult on pink table,,YES,3,UNKNOWN,REVIEW,Generic studio creative; acceptable when not used as portfolio proof.
/offsite_bookings/,tattoo,Party at Mike Tyson's House,image,/offsite_bookings/neck-placement-consult-on-pink-table-a8cbba51.png,"Joshua Cole marks neck spot behind client's ear at pink portable table — Joshua Cole offsite…, Work of Art Tattoo & Piercing, Las Vegas",Neck placement consult on pink table,Joshua Cole,YES,4,LIKELY,KEEP,Tattoo visual supports tattoo page.
/offsite_bookings/,tattoo,Party at Mike Tyson's House,image,/offsite_bookings/party-tattoo-session-6ffebc20.webp,,Party tattoo session,,YES,4,UNKNOWN,KEEP,Tattoo visual supports tattoo page.
/offsite_bookings/,tattoo,Party at Mike Tyson's House,image,/offsite_bookings/party-tattoo-session-6ffebc20.png,"Joshua Cole tattooing at private residence event — Work of Art Las Vegas, Work of Art Tattoo & Piercing, Las Vegas",Party tattoo session,Joshua Cole,YES,4,LIKELY,KEEP,Tattoo visual supports tattoo page.
/offsite_bookings/,tattoo,Party at Mike Tyson's House,image,/offsite_bookings/offsite-client-work-11a563eb.webp,,Offsite client work,,YES,3,UNKNOWN,REVIEW,Generic studio creative; acceptable when not used as portfolio proof.
/offsite_bookings/,tattoo,Party at Mike Tyson's House,image,/offsite_bookings/offsite-client-work-11a563eb.png,"Completed tattoo work at private offsite booking — Joshua Cole Las Vegas, Work of Art Tattoo & Piercing, Las Vegas",Offsite client work,Joshua Cole,YES,4,LIKELY,KEEP,Tattoo visual supports tattoo page.
/offsite_bookings/,tattoo,Party at Mike Tyson's House,image,/offsite_bookings/event-tattoo-portfolio-443a4644.webp,,Event tattoo portfolio,,YES,4,UNKNOWN,KEEP,Tattoo visual supports tattoo page.
/offsite_bookings/,tattoo,Party at Mike Tyson's House,image,/offsite_bookings/event-tattoo-portfolio-443a4644.png,"Black and grey tattoo work from private offsite event — Joshua Cole, Work of Art Tattoo & Piercing, Las Vegas",Event tattoo portfolio,Joshua Cole,YES,4,LIKELY,KEEP,Tattoo visual supports tattoo page.
/offsite_bookings/,tattoo,Party at Mike Tyson's House,image,/offsite_bookings/private-event-tattoo-e016e3aa.webp,,Private event tattoo,,YES,4,UNKNOWN,KEEP,Tattoo visual supports tattoo page.
/offsite_bookings/,tattoo,Party at Mike Tyson's House,image,/offsite_bookings/private-event-tattoo-e016e3aa.png,"Custom tattoo completed at Mike Tyson house party — Joshua Cole Work of Art Las Vegas, Work of Art Tattoo & Piercing, Las Vegas",Private event tattoo,Joshua Cole,YES,4,LIKELY,KEEP,Tattoo visual supports tattoo page.
/offsite_bookings/,tattoo,Katelyn Cole — piercing in the studio,image,/home_work_of_art_tattoo_piercing/client-portfolio/skull-hourglass-forearm-realism-fresh-las-vegas.webp,,,Joshua Cole,YES,4,LIKELY,KEEP,Tattoo visual supports tattoo page.
/offsite_bookings/,tattoo,Katelyn Cole — piercing in the studio,image,/home_work_of_art_tattoo_piercing/client-portfolio/skull-hourglass-forearm-realism-fresh-las-vegas.png,"Skull & hourglass forearm — Joshua Cole, Work of Art Las Vegas, Work of Art Tattoo & Piercing, Las Vegas",,Joshua Cole,YES,4,LIKELY,KEEP,Tattoo visual supports tattoo page.
/offsite_bookings/,tattoo,,video,https://www.googletagmanager.com/ns.html?id=GTM-TZTQSQBB,,,,NO,3,UNKNOWN,REVIEW,Generic studio creative; acceptable when not used as portfolio proof.
/offsite_bookings/,tattoo,Good fit / not good fit,video,https://www.instagram.com/reel/C78fY1quCVF/,▶ Katelyn Cole — piercing in the studio Watch Katelyn at Work of Art — calm ear curation and piercing placement in Las Vegas. Watch on Instagram,▶ Katelyn Cole — piercing in the studio Watch Katelyn at Work of Art — calm ear curation and piercing placement in Las Vegas. Watch on Instagram,Katelyn Cole,YES,3,VERIFIED,REVIEW,Remote Instagram card; verify reel subject visually before using as proof.
/oral_piercing_guide_las_vegas/,piercing,Real heal documentation,image,/studio_gallery/labret-and-eyebrow-piercing-closeup-c6159742.webp,,Oral piercing close-up Placement and angle marked for your anatomy — starter jewelry sized for swelling.,Katelyn Cole,YES,5,VERIFIED,KEEP,Piercing visual matches page intent.
/oral_piercing_guide_las_vegas/,piercing,Real heal documentation,image,/studio_gallery/labret-and-eyebrow-piercing-closeup-c6159742.png,Oral piercing close-up — Oral piercing — Work of Art Las Vegas,Oral piercing close-up Placement and angle marked for your anatomy — starter jewelry sized for swelling.,Katelyn Cole,YES,5,VERIFIED,KEEP,Piercing visual matches page intent.
/oral_piercing_guide_las_vegas/,piercing,Real heal documentation,image,/studio_gallery/curated-facial-piercing-jewelry-display-7d759759.webp,,"Healing month 2 Downsizing window — shorter post once swelling drops, usually 2–6 weeks for oral piercings.",Katelyn Cole,YES,5,VERIFIED,KEEP,Piercing visual matches page intent.
/oral_piercing_guide_las_vegas/,piercing,Real heal documentation,image,/studio_gallery/curated-facial-piercing-jewelry-display-7d759759.png,Healing month 2 — Oral piercing — Work of Art Las Vegas,"Healing month 2 Downsizing window — shorter post once swelling drops, usually 2–6 weeks for oral piercings.",Katelyn Cole,YES,5,VERIFIED,KEEP,Piercing visual matches page intent.
/oral_piercing_guide_las_vegas/,piercing,,video,https://www.googletagmanager.com/ns.html?id=GTM-TZTQSQBB,,,,NO,3,UNKNOWN,REVIEW,Generic asset on piercing page.
/oral_piercing_guide_las_vegas/,piercing,Real heal documentation,video,https://www.instagram.com/reel/C78fY1quCVF/,▶ Katelyn Cole — piercing in the studio Watch Katelyn at Work of Art — calm ear curation and piercing placement in Las Vegas. Watch on Instagram,▶ Katelyn Cole — piercing in the studio Watch Katelyn at Work of Art — calm ear curation and piercing placement in Las Vegas. Watch on Instagram,Katelyn Cole,YES,3,VERIFIED,REVIEW,Remote Instagram card; verify reel subject visually before using as proof.
/orbital_piercing_las_vegas_authority_guide/,piercing,Real heal documentation,image,/studio_gallery/curated-helix-tragus-lobe-piercings-88475d3e.webp,,Orbital close-up Placement and angle marked for your anatomy — starter jewelry sized for swelling.,Katelyn Cole,YES,5,VERIFIED,KEEP,Piercing visual matches page intent.
/orbital_piercing_las_vegas_authority_guide/,piercing,Real heal documentation,image,/studio_gallery/curated-helix-tragus-lobe-piercings-88475d3e.png,Orbital close-up — Orbital — Work of Art Las Vegas,Orbital close-up Placement and angle marked for your anatomy — starter jewelry sized for swelling.,Katelyn Cole,YES,5,VERIFIED,KEEP,Piercing visual matches page intent.
/orbital_piercing_las_vegas_authority_guide/,piercing,Real heal documentation,image,/studio_gallery/flat-and-conch-cartilage-studs-c317138a.webp,,"Healing week 1 Days 3–7: light crusties, tenderness, and a longer post on purpose — do not shorten jewelry at home.",Katelyn Cole,YES,5,VERIFIED,KEEP,Piercing visual matches page intent.
/orbital_piercing_las_vegas_authority_guide/,piercing,Real heal documentation,image,/studio_gallery/flat-and-conch-cartilage-studs-c317138a.png,Healing week 1 — Orbital — Work of Art Las Vegas,"Healing week 1 Days 3–7: light crusties, tenderness, and a longer post on purpose — do not shorten jewelry at home.",Katelyn Cole,YES,5,VERIFIED,KEEP,Piercing visual matches page intent.
/orbital_piercing_las_vegas_authority_guide/,piercing,Real heal documentation,image,/studio_gallery/ear-piercing-healed-result-0f5998be.webp,,Healing month 2 Around 6–8 weeks swelling drops — this is when downsizing protects the angle and prevents bumps.,Katelyn Cole,YES,5,VERIFIED,KEEP,Piercing visual matches page intent.
/orbital_piercing_las_vegas_authority_guide/,piercing,Real heal documentation,image,/studio_gallery/ear-piercing-healed-result-0f5998be.png,Healing month 2 — Orbital — Work of Art Las Vegas,Healing month 2 Around 6–8 weeks swelling drops — this is when downsizing protects the angle and prevents bumps.,Katelyn Cole,YES,5,VERIFIED,KEEP,Piercing visual matches page intent.
/orbital_piercing_las_vegas_authority_guide/,piercing,Real heal documentation,image,/studio_gallery/jewelry-upgrade-86d3f26f.webp,,"Jewelry change Downsize to a shorter post or swap ends once the fistula is stable — booked as a check-in, not a mall kiosk.",Katelyn Cole,YES,5,VERIFIED,KEEP,Piercing visual matches page intent.
/orbital_piercing_las_vegas_authority_guide/,piercing,Real heal documentation,image,/studio_gallery/jewelry-upgrade-86d3f26f.png,Jewelry change — Orbital — Work of Art Las Vegas,"Jewelry change Downsize to a shorter post or swap ends once the fistula is stable — booked as a check-in, not a mall kiosk.",Katelyn Cole,YES,5,VERIFIED,KEEP,Piercing visual matches page intent.
/orbital_piercing_las_vegas_authority_guide/,piercing,Real heal documentation,image,/studio_gallery/fresh-upper-cartilage-industrial-bar-2e41fc98.webp,,Swelling example Starter jewelry sits long so tissue is not pulled inward — embedding happens when posts are too short too soon.,Katelyn Cole,YES,5,VERIFIED,KEEP,Piercing visual matches page intent.
/orbital_piercing_las_vegas_authority_guide/,piercing,Real heal documentation,image,/studio_gallery/fresh-upper-cartilage-industrial-bar-2e41fc98.png,Swelling example — Orbital — Work of Art Las Vegas,Swelling example Starter jewelry sits long so tissue is not pulled inward — embedding happens when posts are too short too soon.,Katelyn Cole,YES,5,VERIFIED,KEEP,Piercing visual matches page intent.
/orbital_piercing_las_vegas_authority_guide/,piercing,,video,https://www.googletagmanager.com/ns.html?id=GTM-TZTQSQBB,,,,NO,3,UNKNOWN,REVIEW,Generic asset on piercing page.
/orbital_piercing_las_vegas_authority_guide/,piercing,Related piercing guides,video,https://www.instagram.com/reel/C78fY1quCVF/,▶ Katelyn Cole — piercing in the studio Watch Katelyn at Work of Art — calm ear curation and piercing placement in Las Vegas. Watch on Instagram,▶ Katelyn Cole — piercing in the studio Watch Katelyn at Work of Art — calm ear curation and piercing placement in Las Vegas. Watch on Instagram,Katelyn Cole,YES,3,VERIFIED,REVIEW,Remote Instagram card; verify reel subject visually before using as proof.
/philtrum_piercing_las_vegas_authority_guide/,piercing,Real heal documentation,image,/studio_gallery/labret-and-eyebrow-piercing-closeup-c6159742.webp,,Oral piercing close-up Placement and angle marked for your anatomy — starter jewelry sized for swelling.,Katelyn Cole,YES,5,VERIFIED,KEEP,Piercing visual matches page intent.
/philtrum_piercing_las_vegas_authority_guide/,piercing,Real heal documentation,image,/studio_gallery/labret-and-eyebrow-piercing-closeup-c6159742.png,Oral piercing close-up — Oral piercing — Work of Art Las Vegas,Oral piercing close-up Placement and angle marked for your anatomy — starter jewelry sized for swelling.,Katelyn Cole,YES,5,VERIFIED,KEEP,Piercing visual matches page intent.
/philtrum_piercing_las_vegas_authority_guide/,piercing,Real heal documentation,image,/studio_gallery/curated-facial-piercing-jewelry-display-7d759759.webp,,"Healing month 2 Downsizing window — shorter post once swelling drops, usually 2–6 weeks for oral piercings.",Katelyn Cole,YES,5,VERIFIED,KEEP,Piercing visual matches page intent.
/philtrum_piercing_las_vegas_authority_guide/,piercing,Real heal documentation,image,/studio_gallery/curated-facial-piercing-jewelry-display-7d759759.png,Healing month 2 — Oral piercing — Work of Art Las Vegas,"Healing month 2 Downsizing window — shorter post once swelling drops, usually 2–6 weeks for oral piercings.",Katelyn Cole,YES,5,VERIFIED,KEEP,Piercing visual matches page intent.
/philtrum_piercing_las_vegas_authority_guide/,piercing,,video,https://www.googletagmanager.com/ns.html?id=GTM-TZTQSQBB,,,,NO,3,UNKNOWN,REVIEW,Generic asset on piercing page.
/philtrum_piercing_las_vegas_authority_guide/,piercing,Related piercing guides,video,https://www.instagram.com/reel/C78fY1quCVF/,▶ Katelyn Cole — piercing in the studio Watch Katelyn at Work of Art — calm ear curation and piercing placement in Las Vegas. Watch on Instagram,▶ Katelyn Cole — piercing in the studio Watch Katelyn at Work of Art — calm ear curation and piercing placement in Las Vegas. Watch on Instagram,Katelyn Cole,YES,3,VERIFIED,REVIEW,Remote Instagram card; verify reel subject visually before using as proof.
/piercing-guide-las-vegas/,piercing,Real heal documentation,image,/studio_gallery/curated-helix-tragus-lobe-piercings-88475d3e.webp,,Ear piercing close-up Placement and angle marked for your anatomy — starter jewelry sized for swelling.,Katelyn Cole,YES,5,VERIFIED,KEEP,Piercing visual matches page intent.
/piercing-guide-las-vegas/,piercing,Real heal documentation,image,/studio_gallery/curated-helix-tragus-lobe-piercings-88475d3e.png,Ear piercing close-up — Ear piercing — Work of Art Las Vegas,Ear piercing close-up Placement and angle marked for your anatomy — starter jewelry sized for swelling.,Katelyn Cole,YES,5,VERIFIED,KEEP,Piercing visual matches page intent.
/piercing-guide-las-vegas/,piercing,Real heal documentation,image,/studio_gallery/triple-flat-conch-lobe-ear-setup-f28e160a.webp,,Healing week 1 Fresh cartilage or lobe — starter studs with extra post length for swelling.,Katelyn Cole,YES,5,VERIFIED,KEEP,Piercing visual matches page intent.
/piercing-guide-las-vegas/,piercing,Real heal documentation,image,/studio_gallery/triple-flat-conch-lobe-ear-setup-f28e160a.png,Healing week 1 — Ear piercing — Work of Art Las Vegas,Healing week 1 Fresh cartilage or lobe — starter studs with extra post length for swelling.,Katelyn Cole,YES,5,VERIFIED,KEEP,Piercing visual matches page intent.
/piercing-guide-las-vegas/,piercing,Real heal documentation,image,/studio_gallery/ear-piercing-healed-result-0f5998be.webp,,Healing month 2 Around 6–8 weeks swelling drops — this is when downsizing protects the angle and prevents bumps.,Katelyn Cole,YES,5,VERIFIED,KEEP,Piercing visual matches page intent.
/piercing-guide-las-vegas/,piercing,Real heal documentation,image,/studio_gallery/ear-piercing-healed-result-0f5998be.png,Healing month 2 — Ear piercing — Work of Art Las Vegas,Healing month 2 Around 6–8 weeks swelling drops — this is when downsizing protects the angle and prevents bumps.,Katelyn Cole,YES,5,VERIFIED,KEEP,Piercing visual matches page intent.
/piercing-guide-las-vegas/,piercing,Real heal documentation,image,/studio_gallery/jewelry-upgrade-86d3f26f.webp,,"Jewelry change Downsize to a shorter post or swap ends once the fistula is stable — booked as a check-in, not a mall kiosk.",Katelyn Cole,YES,5,VERIFIED,KEEP,Piercing visual matches page intent.
/piercing-guide-las-vegas/,piercing,Real heal documentation,image,/studio_gallery/jewelry-upgrade-86d3f26f.png,Jewelry change — Ear piercing — Work of Art Las Vegas,"Jewelry change Downsize to a shorter post or swap ends once the fistula is stable — booked as a check-in, not a mall kiosk.",Katelyn Cole,YES,5,VERIFIED,KEEP,Piercing visual matches page intent.
/piercing-guide-las-vegas/,piercing,Real heal documentation,image,/studio_gallery/flat-and-conch-cartilage-studs-c317138a.webp,,Swelling example Flat and conch starters sit long on purpose — shortening too soon causes embedding and bumps.,Katelyn Cole,YES,5,VERIFIED,KEEP,Piercing visual matches page intent.
/piercing-guide-las-vegas/,piercing,Real heal documentation,image,/studio_gallery/flat-and-conch-cartilage-studs-c317138a.png,Swelling example — Ear piercing — Work of Art Las Vegas,Swelling example Flat and conch starters sit long on purpose — shortening too soon causes embedding and bumps.,Katelyn Cole,YES,5,VERIFIED,KEEP,Piercing visual matches page intent.
/piercing-guide-las-vegas/,piercing,,video,https://www.googletagmanager.com/ns.html?id=GTM-TZTQSQBB,,,,NO,3,UNKNOWN,REVIEW,Generic asset on piercing page.
/piercing-guide-las-vegas/,piercing,Real heal documentation,video,https://www.instagram.com/reel/C78fY1quCVF/,▶ Katelyn Cole — piercing in the studio Watch Katelyn at Work of Art — calm ear curation and piercing placement in Las Vegas. Watch on Instagram,▶ Katelyn Cole — piercing in the studio Watch Katelyn at Work of Art — calm ear curation and piercing placement in Las Vegas. Watch on Instagram,Katelyn Cole,YES,3,VERIFIED,REVIEW,Remote Instagram card; verify reel subject visually before using as proof.
/piercing-shop-standards/,tattoo,Real piercing work from Work of Art,image,/studio_gallery/curated-helix-tragus-lobe-piercings-88475d3e.webp,,,Katelyn Cole,YES,1,VERIFIED,REPLACE,Piercing creative on tattoo page.
/piercing-shop-standards/,tattoo,Real piercing work from Work of Art,image,/studio_gallery/curated-helix-tragus-lobe-piercings-88475d3e.png,"Curated helix, tragus, and lobe piercings by Katelyn Cole at Work of Art Las Vegas",,Katelyn Cole,YES,1,VERIFIED,REPLACE,Piercing creative on tattoo page.
/piercing-shop-standards/,tattoo,Real piercing work from Work of Art,image,/studio_gallery/nostril-stud-on-smiling-client-dd626b1d.webp,,,Katelyn Cole,YES,1,VERIFIED,REPLACE,Piercing creative on tattoo page.
/piercing-shop-standards/,tattoo,Real piercing work from Work of Art,image,/studio_gallery/nostril-stud-on-smiling-client-dd626b1d.png,Nostril stud piercing by Katelyn Cole at Work of Art Las Vegas,,Katelyn Cole,YES,1,VERIFIED,REPLACE,Piercing creative on tattoo page.
/piercing-shop-standards/,tattoo,Real piercing work from Work of Art,image,/studio_gallery/flat-and-conch-cartilage-studs-c317138a.webp,,,Katelyn Cole,YES,1,VERIFIED,REPLACE,Piercing creative on tattoo page.
/piercing-shop-standards/,tattoo,Real piercing work from Work of Art,image,/studio_gallery/flat-and-conch-cartilage-studs-c317138a.png,Flat and conch cartilage piercings by Katelyn Cole at Work of Art Las Vegas,,Katelyn Cole,YES,1,VERIFIED,REPLACE,Piercing creative on tattoo page.
/piercing-shop-standards/,tattoo,,video,https://www.googletagmanager.com/ns.html?id=GTM-TZTQSQBB,,,,NO,3,UNKNOWN,REVIEW,Generic studio creative; acceptable when not used as portfolio proof.
/piercing-shop-standards/,tattoo,Same-day piercing near the Strip,video,https://www.instagram.com/reel/C4fOsY7OSTq/,▶ Ear curation — studio reel Katelyn Cole at Work of Art — Las Vegas piercing. Watch on Instagram,▶ Ear curation — studio reel Katelyn Cole at Work of Art — Las Vegas piercing. Watch on Instagram,Katelyn Cole,YES,3,VERIFIED,REVIEW,Remote Instagram card; verify reel subject visually before using as proof.
/piercing-specials-las-vegas/,piercing,$45 nipple piercings with jewelry included,image,/piercing-specials-las-vegas/nipple-piercing-special-45-jewelry-included-las-vegas-480.webp,,This week at Work of Art,,YES,5,UNKNOWN,KEEP,Piercing visual matches page intent.
/piercing-specials-las-vegas/,piercing,$45 nipple piercings with jewelry included,image,/piercing-specials-las-vegas/nipple-piercing-special-45-jewelry-included-las-vegas-480.jpg,,This week at Work of Art,,YES,5,UNKNOWN,KEEP,Piercing visual matches page intent.
/piercing-specials-las-vegas/,piercing,$45 nipple piercings with jewelry included,image,/piercing-specials-las-vegas/nipple-piercing-special-45-jewelry-included-las-vegas.webp,$45 nipple piercing special with jewelry included at Work of Art Tattoo and piercing in Las Vegas,This week at Work of Art,,YES,5,UNKNOWN,KEEP,Piercing visual matches page intent.
/piercing-specials-las-vegas/,piercing,Katelyn Cole,image,/artists/katelyn-cole/katelyn-cole-professional-piercer-ear-curation-no-duplicates-las-vegas.webp,Katelyn Cole professional piercer at Work of Art Las Vegas,Professional piercer,Katelyn Cole,YES,3,VERIFIED,REVIEW,Generic asset on piercing page.
/piercing-specials-las-vegas/,piercing,,video,https://www.googletagmanager.com/ns.html?id=GTM-TZTQSQBB,,,,NO,3,UNKNOWN,REVIEW,Generic asset on piercing page.
/piercing-specials-las-vegas/,piercing,Book this week's piercing feature,video,https://www.instagram.com/reel/C78fY1quCVF/,▶ Katelyn Cole — piercing in the studio Watch Katelyn at Work of Art — calm ear curation and piercing placement in Las Vegas. Watch on Instagram,▶ Katelyn Cole — piercing in the studio Watch Katelyn at Work of Art — calm ear curation and piercing placement in Las Vegas. Watch on Instagram,Katelyn Cole,YES,3,VERIFIED,REVIEW,Remote Instagram card; verify reel subject visually before using as proof.
/piercing_aftercare_desert_climate_las_vegas_expert_guide/,piercing,Real heal documentation,image,/studio_gallery/curated-helix-tragus-lobe-piercings-88475d3e.webp,,Ear piercing close-up Placement and angle marked for your anatomy — starter jewelry sized for swelling.,Katelyn Cole,YES,5,VERIFIED,KEEP,Piercing visual matches page intent.
/piercing_aftercare_desert_climate_las_vegas_expert_guide/,piercing,Real heal documentation,image,/studio_gallery/curated-helix-tragus-lobe-piercings-88475d3e.png,Ear piercing close-up — Ear piercing — Work of Art Las Vegas,Ear piercing close-up Placement and angle marked for your anatomy — starter jewelry sized for swelling.,Katelyn Cole,YES,5,VERIFIED,KEEP,Piercing visual matches page intent.
/piercing_aftercare_desert_climate_las_vegas_expert_guide/,piercing,Real heal documentation,image,/studio_gallery/triple-flat-conch-lobe-ear-setup-f28e160a.webp,,Healing week 1 Fresh cartilage or lobe — starter studs with extra post length for swelling.,Katelyn Cole,YES,5,VERIFIED,KEEP,Piercing visual matches page intent.
/piercing_aftercare_desert_climate_las_vegas_expert_guide/,piercing,Real heal documentation,image,/studio_gallery/triple-flat-conch-lobe-ear-setup-f28e160a.png,Healing week 1 — Ear piercing — Work of Art Las Vegas,Healing week 1 Fresh cartilage or lobe — starter studs with extra post length for swelling.,Katelyn Cole,YES,5,VERIFIED,KEEP,Piercing visual matches page intent.
/piercing_aftercare_desert_climate_las_vegas_expert_guide/,piercing,Real heal documentation,image,/studio_gallery/ear-piercing-healed-result-0f5998be.webp,,Healing month 2 Around 6–8 weeks swelling drops — this is when downsizing protects the angle and prevents bumps.,Katelyn Cole,YES,5,VERIFIED,KEEP,Piercing visual matches page intent.
/piercing_aftercare_desert_climate_las_vegas_expert_guide/,piercing,Real heal documentation,image,/studio_gallery/ear-piercing-healed-result-0f5998be.png,Healing month 2 — Ear piercing — Work of Art Las Vegas,Healing month 2 Around 6–8 weeks swelling drops — this is when downsizing protects the angle and prevents bumps.,Katelyn Cole,YES,5,VERIFIED,KEEP,Piercing visual matches page intent.
/piercing_aftercare_desert_climate_las_vegas_expert_guide/,piercing,Real heal documentation,image,/studio_gallery/jewelry-upgrade-86d3f26f.webp,,"Jewelry change Downsize to a shorter post or swap ends once the fistula is stable — booked as a check-in, not a mall kiosk.",Katelyn Cole,YES,5,VERIFIED,KEEP,Piercing visual matches page intent.
/piercing_aftercare_desert_climate_las_vegas_expert_guide/,piercing,Real heal documentation,image,/studio_gallery/jewelry-upgrade-86d3f26f.png,Jewelry change — Ear piercing — Work of Art Las Vegas,"Jewelry change Downsize to a shorter post or swap ends once the fistula is stable — booked as a check-in, not a mall kiosk.",Katelyn Cole,YES,5,VERIFIED,KEEP,Piercing visual matches page intent.
/piercing_aftercare_desert_climate_las_vegas_expert_guide/,piercing,Real heal documentation,image,/studio_gallery/flat-and-conch-cartilage-studs-c317138a.webp,,Swelling example Flat and conch starters sit long on purpose — shortening too soon causes embedding and bumps.,Katelyn Cole,YES,5,VERIFIED,KEEP,Piercing visual matches page intent.
/piercing_aftercare_desert_climate_las_vegas_expert_guide/,piercing,Real heal documentation,image,/studio_gallery/flat-and-conch-cartilage-studs-c317138a.png,Swelling example — Ear piercing — Work of Art Las Vegas,Swelling example Flat and conch starters sit long on purpose — shortening too soon causes embedding and bumps.,Katelyn Cole,YES,5,VERIFIED,KEEP,Piercing visual matches page intent.
/piercing_aftercare_desert_climate_las_vegas_expert_guide/,piercing,,video,https://www.googletagmanager.com/ns.html?id=GTM-TZTQSQBB,,,,NO,3,UNKNOWN,REVIEW,Generic asset on piercing page.
/piercing_aftercare_desert_climate_las_vegas_expert_guide/,piercing,Real heal documentation,video,https://www.instagram.com/reel/C3GjVCdLUQ9/,▶ piercing session — studio reel In-studio with professional piercer Katelyn Cole. Watch on Instagram,▶ piercing session — studio reel In-studio with professional piercer Katelyn Cole. Watch on Instagram,Katelyn Cole,YES,3,VERIFIED,REVIEW,Remote Instagram card; verify reel subject visually before using as proof.
/piercing_aftercare_guide_las_vegas/,piercing,Real heal documentation,image,/studio_gallery/curated-helix-tragus-lobe-piercings-88475d3e.webp,,Ear piercing close-up Placement and angle marked for your anatomy — starter jewelry sized for swelling.,Katelyn Cole,YES,5,VERIFIED,KEEP,Piercing visual matches page intent.
/piercing_aftercare_guide_las_vegas/,piercing,Real heal documentation,image,/studio_gallery/curated-helix-tragus-lobe-piercings-88475d3e.png,Ear piercing close-up — Ear piercing — Work of Art Las Vegas,Ear piercing close-up Placement and angle marked for your anatomy — starter jewelry sized for swelling.,Katelyn Cole,YES,5,VERIFIED,KEEP,Piercing visual matches page intent.
/piercing_aftercare_guide_las_vegas/,piercing,Real heal documentation,image,/studio_gallery/triple-flat-conch-lobe-ear-setup-f28e160a.webp,,Healing week 1 Fresh cartilage or lobe — starter studs with extra post length for swelling.,Katelyn Cole,YES,5,VERIFIED,KEEP,Piercing visual matches page intent.
/piercing_aftercare_guide_las_vegas/,piercing,Real heal documentation,image,/studio_gallery/triple-flat-conch-lobe-ear-setup-f28e160a.png,Healing week 1 — Ear piercing — Work of Art Las Vegas,Healing week 1 Fresh cartilage or lobe — starter studs with extra post length for swelling.,Katelyn Cole,YES,5,VERIFIED,KEEP,Piercing visual matches page intent.
/piercing_aftercare_guide_las_vegas/,piercing,Real heal documentation,image,/studio_gallery/ear-piercing-healed-result-0f5998be.webp,,Healing month 2 Around 6–8 weeks swelling drops — this is when downsizing protects the angle and prevents bumps.,Katelyn Cole,YES,5,VERIFIED,KEEP,Piercing visual matches page intent.
/piercing_aftercare_guide_las_vegas/,piercing,Real heal documentation,image,/studio_gallery/ear-piercing-healed-result-0f5998be.png,Healing month 2 — Ear piercing — Work of Art Las Vegas,Healing month 2 Around 6–8 weeks swelling drops — this is when downsizing protects the angle and prevents bumps.,Katelyn Cole,YES,5,VERIFIED,KEEP,Piercing visual matches page intent.
/piercing_aftercare_guide_las_vegas/,piercing,Real heal documentation,image,/studio_gallery/jewelry-upgrade-86d3f26f.webp,,"Jewelry change Downsize to a shorter post or swap ends once the fistula is stable — booked as a check-in, not a mall kiosk.",Katelyn Cole,YES,5,VERIFIED,KEEP,Piercing visual matches page intent.
/piercing_aftercare_guide_las_vegas/,piercing,Real heal documentation,image,/studio_gallery/jewelry-upgrade-86d3f26f.png,Jewelry change — Ear piercing — Work of Art Las Vegas,"Jewelry change Downsize to a shorter post or swap ends once the fistula is stable — booked as a check-in, not a mall kiosk.",Katelyn Cole,YES,5,VERIFIED,KEEP,Piercing visual matches page intent.
/piercing_aftercare_guide_las_vegas/,piercing,Real heal documentation,image,/studio_gallery/flat-and-conch-cartilage-studs-c317138a.webp,,Swelling example Flat and conch starters sit long on purpose — shortening too soon causes embedding and bumps.,Katelyn Cole,YES,5,VERIFIED,KEEP,Piercing visual matches page intent.
/piercing_aftercare_guide_las_vegas/,piercing,Real heal documentation,image,/studio_gallery/flat-and-conch-cartilage-studs-c317138a.png,Swelling example — Ear piercing — Work of Art Las Vegas,Swelling example Flat and conch starters sit long on purpose — shortening too soon causes embedding and bumps.,Katelyn Cole,YES,5,VERIFIED,KEEP,Piercing visual matches page intent.
/piercing_aftercare_guide_las_vegas/,piercing,,video,https://www.googletagmanager.com/ns.html?id=GTM-TZTQSQBB,,,,NO,3,UNKNOWN,REVIEW,Generic asset on piercing page.
/piercing_aftercare_guide_las_vegas/,piercing,Real heal documentation,video,https://www.instagram.com/reel/C78fY1quCVF/,▶ Katelyn Cole — piercing in the studio Watch Katelyn at Work of Art — calm ear curation and piercing placement in Las Vegas. Watch on Instagram,▶ Katelyn Cole — piercing in the studio Watch Katelyn at Work of Art — calm ear curation and piercing placement in Las Vegas. Watch on Instagram,Katelyn Cole,YES,3,VERIFIED,REVIEW,Remote Instagram card; verify reel subject visually before using as proof.
/piercing_healing_guide_las_vegas/,piercing,Real heal documentation,image,/studio_gallery/curated-helix-tragus-lobe-piercings-88475d3e.webp,,Ear piercing close-up Placement and angle marked for your anatomy — starter jewelry sized for swelling.,Katelyn Cole,YES,5,VERIFIED,KEEP,Piercing visual matches page intent.
/piercing_healing_guide_las_vegas/,piercing,Real heal documentation,image,/studio_gallery/curated-helix-tragus-lobe-piercings-88475d3e.png,Ear piercing close-up — Ear piercing — Work of Art Las Vegas,Ear piercing close-up Placement and angle marked for your anatomy — starter jewelry sized for swelling.,Katelyn Cole,YES,5,VERIFIED,KEEP,Piercing visual matches page intent.
/piercing_healing_guide_las_vegas/,piercing,Real heal documentation,image,/studio_gallery/triple-flat-conch-lobe-ear-setup-f28e160a.webp,,Healing week 1 Fresh cartilage or lobe — starter studs with extra post length for swelling.,Katelyn Cole,YES,5,VERIFIED,KEEP,Piercing visual matches page intent.
/piercing_healing_guide_las_vegas/,piercing,Real heal documentation,image,/studio_gallery/triple-flat-conch-lobe-ear-setup-f28e160a.png,Healing week 1 — Ear piercing — Work of Art Las Vegas,Healing week 1 Fresh cartilage or lobe — starter studs with extra post length for swelling.,Katelyn Cole,YES,5,VERIFIED,KEEP,Piercing visual matches page intent.
/piercing_healing_guide_las_vegas/,piercing,Real heal documentation,image,/studio_gallery/ear-piercing-healed-result-0f5998be.webp,,Healing month 2 Around 6–8 weeks swelling drops — this is when downsizing protects the angle and prevents bumps.,Katelyn Cole,YES,5,VERIFIED,KEEP,Piercing visual matches page intent.
/piercing_healing_guide_las_vegas/,piercing,Real heal documentation,image,/studio_gallery/ear-piercing-healed-result-0f5998be.png,Healing month 2 — Ear piercing — Work of Art Las Vegas,Healing month 2 Around 6–8 weeks swelling drops — this is when downsizing protects the angle and prevents bumps.,Katelyn Cole,YES,5,VERIFIED,KEEP,Piercing visual matches page intent.
/piercing_healing_guide_las_vegas/,piercing,Real heal documentation,image,/studio_gallery/jewelry-upgrade-86d3f26f.webp,,"Jewelry change Downsize to a shorter post or swap ends once the fistula is stable — booked as a check-in, not a mall kiosk.",Katelyn Cole,YES,5,VERIFIED,KEEP,Piercing visual matches page intent.
/piercing_healing_guide_las_vegas/,piercing,Real heal documentation,image,/studio_gallery/jewelry-upgrade-86d3f26f.png,Jewelry change — Ear piercing — Work of Art Las Vegas,"Jewelry change Downsize to a shorter post or swap ends once the fistula is stable — booked as a check-in, not a mall kiosk.",Katelyn Cole,YES,5,VERIFIED,KEEP,Piercing visual matches page intent.
/piercing_healing_guide_las_vegas/,piercing,Real heal documentation,image,/studio_gallery/flat-and-conch-cartilage-studs-c317138a.webp,,Swelling example Flat and conch starters sit long on purpose — shortening too soon causes embedding and bumps.,Katelyn Cole,YES,5,VERIFIED,KEEP,Piercing visual matches page intent.
/piercing_healing_guide_las_vegas/,piercing,Real heal documentation,image,/studio_gallery/flat-and-conch-cartilage-studs-c317138a.png,Swelling example — Ear piercing — Work of Art Las Vegas,Swelling example Flat and conch starters sit long on purpose — shortening too soon causes embedding and bumps.,Katelyn Cole,YES,5,VERIFIED,KEEP,Piercing visual matches page intent.
/piercing_healing_guide_las_vegas/,piercing,,video,https://www.googletagmanager.com/ns.html?id=GTM-TZTQSQBB,,,,NO,3,UNKNOWN,REVIEW,Generic asset on piercing page.
/piercing_healing_guide_las_vegas/,piercing,Real heal documentation,video,https://www.instagram.com/reel/C78fY1quCVF/,▶ Katelyn Cole — piercing in the studio Watch Katelyn at Work of Art — calm ear curation and piercing placement in Las Vegas. Watch on Instagram,▶ Katelyn Cole — piercing in the studio Watch Katelyn at Work of Art — calm ear curation and piercing placement in Las Vegas. Watch on Instagram,Katelyn Cole,YES,3,VERIFIED,REVIEW,Remote Instagram card; verify reel subject visually before using as proof.
/piercing_jewelry_guide_las_vegas/,piercing,Real heal documentation,image,/studio_gallery/curated-facial-piercing-jewelry-display-7d759759.webp,,piercing jewelry close-up Threadless ends and jewelry options — what we discuss before fresh piercings.,Katelyn Cole,YES,5,VERIFIED,KEEP,Piercing visual matches page intent.
/piercing_jewelry_guide_las_vegas/,piercing,Real heal documentation,image,/studio_gallery/curated-facial-piercing-jewelry-display-7d759759.png,piercing jewelry close-up — piercing jewelry — Work of Art Las Vegas,piercing jewelry close-up Threadless ends and jewelry options — what we discuss before fresh piercings.,Katelyn Cole,YES,5,VERIFIED,KEEP,Piercing visual matches page intent.
/piercing_jewelry_guide_las_vegas/,piercing,Real heal documentation,image,/studio_gallery/flat-and-conch-cartilage-studs-c317138a.webp,,"Healing week 1 Fresh piercings start with longer posts sized for swelling, not fashion length.",Katelyn Cole,YES,5,VERIFIED,KEEP,Piercing visual matches page intent.
/piercing_jewelry_guide_las_vegas/,piercing,Real heal documentation,image,/studio_gallery/flat-and-conch-cartilage-studs-c317138a.png,Healing week 1 — piercing jewelry — Work of Art Las Vegas,"Healing week 1 Fresh piercings start with longer posts sized for swelling, not fashion length.",Katelyn Cole,YES,5,VERIFIED,KEEP,Piercing visual matches page intent.
/piercing_jewelry_guide_las_vegas/,piercing,Real heal documentation,image,/studio_gallery/jewelry-upgrade-86d3f26f.webp,,Healing month 2 Healed upgrade — shorter posts and decorative ends once the fistula is stable.,Katelyn Cole,YES,5,VERIFIED,KEEP,Piercing visual matches page intent.
/piercing_jewelry_guide_las_vegas/,piercing,Real heal documentation,image,/studio_gallery/jewelry-upgrade-86d3f26f.png,Healing month 2 — piercing jewelry — Work of Art Las Vegas,Healing month 2 Healed upgrade — shorter posts and decorative ends once the fistula is stable.,Katelyn Cole,YES,5,VERIFIED,KEEP,Piercing visual matches page intent.
/piercing_jewelry_guide_las_vegas/,piercing,Real heal documentation,image,/studio_gallery/triple-flat-conch-lobe-ear-setup-f28e160a.webp,,Swelling example Starter length shown on flat and conch — downsizing too early is the most common jewelry mistake.,Katelyn Cole,YES,5,VERIFIED,KEEP,Piercing visual matches page intent.
/piercing_jewelry_guide_las_vegas/,piercing,Real heal documentation,image,/studio_gallery/triple-flat-conch-lobe-ear-setup-f28e160a.png,Swelling example — piercing jewelry — Work of Art Las Vegas,Swelling example Starter length shown on flat and conch — downsizing too early is the most common jewelry mistake.,Katelyn Cole,YES,5,VERIFIED,KEEP,Piercing visual matches page intent.
/piercing_jewelry_guide_las_vegas/,piercing,,video,https://www.googletagmanager.com/ns.html?id=GTM-TZTQSQBB,,,,NO,3,UNKNOWN,REVIEW,Generic asset on piercing page.
/piercing_jewelry_guide_las_vegas/,piercing,Real heal documentation,video,https://www.instagram.com/reel/C78fY1quCVF/,▶ Katelyn Cole — piercing in the studio Watch Katelyn at Work of Art — calm ear curation and piercing placement in Las Vegas. Watch on Instagram,▶ Katelyn Cole — piercing in the studio Watch Katelyn at Work of Art — calm ear curation and piercing placement in Las Vegas. Watch on Instagram,Katelyn Cole,YES,3,VERIFIED,REVIEW,Remote Instagram card; verify reel subject visually before using as proof.
/psoriasis_skin_science_las_vegas_authority_guide/,tattoo,Real heal documentation,image,/healed_tattoo_gallery_las_vegas/fresh-all-seeing-eye-triangle-forearm-joshua-cole-las-vegas.webp,,Tattoo skin science close-up Fresh tattoo surface detail — the epidermis is irritated while pigment is placed below it.,Joshua Cole,YES,4,LIKELY,KEEP,Tattoo visual supports tattoo page.
/psoriasis_skin_science_las_vegas_authority_guide/,tattoo,Real heal documentation,image,/healed_tattoo_gallery_las_vegas/fresh-all-seeing-eye-triangle-forearm-joshua-cole-las-vegas.png,Tattoo skin science close-up — Tattoo skin science — Work of Art Las Vegas,Tattoo skin science close-up Fresh tattoo surface detail — the epidermis is irritated while pigment is placed below it.,Joshua Cole,YES,4,LIKELY,KEEP,Tattoo visual supports tattoo page.
/psoriasis_skin_science_las_vegas_authority_guide/,tattoo,Real heal documentation,image,/tattoo_healing_before_after_real_results/eagle-memorial-calf-fresh-tattoo-las-vegas.webp,,"Healing week 1 Early tattoo healing reference — surface shine, tightness, and light texture can change how value reads.",,YES,4,UNKNOWN,KEEP,Tattoo visual supports tattoo page.
/psoriasis_skin_science_las_vegas_authority_guide/,tattoo,Real heal documentation,image,/tattoo_healing_before_after_real_results/eagle-memorial-calf-fresh-tattoo-las-vegas.png,Healing week 1 — Tattoo skin science — Work of Art Las Vegas,"Healing week 1 Early tattoo healing reference — surface shine, tightness, and light texture can change how value reads.",,YES,4,UNKNOWN,KEEP,Tattoo visual supports tattoo page.
/psoriasis_skin_science_las_vegas_authority_guide/,tattoo,Real heal documentation,image,/tattoo_healing_before_after_real_results/eagle-memorial-calf-fresh-vs-healed-comparison-las-vegas.webp,,Healing month 2 Fresh vs settled tattoo comparison — useful for explaining how the surface calms while pigment remains.,,YES,4,UNKNOWN,KEEP,Tattoo visual supports tattoo page.
/psoriasis_skin_science_las_vegas_authority_guide/,tattoo,Real heal documentation,image,/tattoo_healing_before_after_real_results/eagle-memorial-calf-fresh-vs-healed-comparison-las-vegas.png,Healing month 2 — Tattoo skin science — Work of Art Las Vegas,Healing month 2 Fresh vs settled tattoo comparison — useful for explaining how the surface calms while pigment remains.,,YES,4,UNKNOWN,KEEP,Tattoo visual supports tattoo page.
/psoriasis_skin_science_las_vegas_authority_guide/,tattoo,Real heal documentation,image,/healed_tattoo_gallery_las_vegas/healed-3-month-roaring-lion-thigh-joshua-cole-las-vegas.webp,,Settled heal Settled black and grey tattoo detail — healed contrast is what matters for long-term readability.,Joshua Cole,YES,4,LIKELY,KEEP,Tattoo visual supports tattoo page.
/psoriasis_skin_science_las_vegas_authority_guide/,tattoo,Real heal documentation,image,/healed_tattoo_gallery_las_vegas/healed-3-month-roaring-lion-thigh-joshua-cole-las-vegas.png,Settled heal — Tattoo skin science — Work of Art Las Vegas,Settled heal Settled black and grey tattoo detail — healed contrast is what matters for long-term readability.,Joshua Cole,YES,4,LIKELY,KEEP,Tattoo visual supports tattoo page.
/psoriasis_skin_science_las_vegas_authority_guide/,tattoo,Real heal documentation,image,/home_work_of_art_tattoo_piercing/client-portfolio/skull-hourglass-forearm-realism-fresh-las-vegas.webp,,"Fresh redness Day-zero tattoo surface redness — shown as healing context, not as finished portfolio proof.",Joshua Cole,YES,4,LIKELY,KEEP,Tattoo visual supports tattoo page.
/psoriasis_skin_science_las_vegas_authority_guide/,tattoo,Real heal documentation,image,/home_work_of_art_tattoo_piercing/client-portfolio/skull-hourglass-forearm-realism-fresh-las-vegas.png,Fresh redness — Tattoo skin science — Work of Art Las Vegas,"Fresh redness Day-zero tattoo surface redness — shown as healing context, not as finished portfolio proof.",Joshua Cole,YES,4,LIKELY,KEEP,Tattoo visual supports tattoo page.
/psoriasis_skin_science_las_vegas_authority_guide/,tattoo,,video,https://www.googletagmanager.com/ns.html?id=GTM-TZTQSQBB,,,,NO,3,UNKNOWN,REVIEW,Generic studio creative; acceptable when not used as portfolio proof.
/psoriasis_skin_science_las_vegas_authority_guide/,tattoo,Book a consult,video,https://www.instagram.com/reel/Cpp18lXgU3P/,▶ Joshua Cole — seminars & advanced training Continuing education and advanced training from Joshua Cole. Watch on Instagram,▶ Joshua Cole — seminars & advanced training Continuing education and advanced training from Joshua Cole. Watch on Instagram,Joshua Cole,YES,3,LIKELY,REVIEW,Remote Instagram card; verify reel subject visually before using as proof.
/real_client_tattoo_timeline_las_vegas/,tattoo,Fresh — day 0,image,https://www.workofarttattoo.com/studio_gallery/cross-eye-skull-forearm-stack-5bc3d948.webp,,"Cross, eye, and skull mapped with soft grey wash; highlights left open. Single long session with Joshua Cole.",Joshua Cole,YES,4,LIKELY,KEEP,Tattoo visual supports tattoo page.
/real_client_tattoo_timeline_las_vegas/,tattoo,Fresh — day 0,image,https://www.workofarttattoo.com/studio_gallery/cross-eye-skull-forearm-stack-5bc3d948.png,"Fresh Cross Eye Skull Forearm Tattoo Joshua Cole Las Vegas, Work of Art Tattoo & Piercing, Las Vegas","Cross, eye, and skull mapped with soft grey wash; highlights left open. Single long session with Joshua Cole.",Katelyn Cole,YES,4,VERIFIED,KEEP,Tattoo visual supports tattoo page.
/real_client_tattoo_timeline_las_vegas/,tattoo,1 year,image,https://www.workofarttattoo.com/healed_tattoo_gallery_las_vegas/healed-1-year-cross-eye-skull-outer-forearm-joshua-cole-las-vegas.webp,,"Full forearm stack from multiple angles — eyelash detail, skull teeth, and cross beveling still read clearly. No touch-up before documentation.",Joshua Cole,YES,4,LIKELY,KEEP,Tattoo visual supports tattoo page.
/real_client_tattoo_timeline_las_vegas/,tattoo,1 year,image,https://www.workofarttattoo.com/healed_tattoo_gallery_las_vegas/healed-1-year-cross-eye-skull-outer-forearm-joshua-cole-las-vegas.png,"One Year Healed Cross Eye Skull Forearm Joshua Cole, Work of Art Tattoo & Piercing, Las Vegas","Full forearm stack from multiple angles — eyelash detail, skull teeth, and cross beveling still read clearly. No touch-up before documentation.",Joshua Cole,YES,4,LIKELY,KEEP,Tattoo visual supports tattoo page.
/real_client_tattoo_timeline_las_vegas/,tattoo,,video,https://www.googletagmanager.com/ns.html?id=GTM-TZTQSQBB,,,,NO,3,UNKNOWN,REVIEW,Generic studio creative; acceptable when not used as portfolio proof.
/real_client_tattoo_timeline_las_vegas/,tattoo,3 years,video,https://www.instagram.com/reel/C78fY1quCVF/,▶ Katelyn Cole — piercing in the studio Watch Katelyn at Work of Art — calm ear curation and piercing placement in Las Vegas. Watch on Instagram,▶ Katelyn Cole — piercing in the studio Watch Katelyn at Work of Art — calm ear curation and piercing placement in Las Vegas. Watch on Instagram,Katelyn Cole,YES,3,VERIFIED,REVIEW,Remote Instagram card; verify reel subject visually before using as proof.
/realism-tattoos-las-vegas/,realism tattoo,Realism Tattoo Designs & Ideas,image,/home_work_of_art_tattoo_piercing/client-portfolio/black-grey-lion-thigh-realism-las-vegas.webp,,Featured Masterpiece,Joshua Cole,YES,5,LIKELY,KEEP,Realism visual matches page intent.
/realism-tattoos-las-vegas/,realism tattoo,Realism Tattoo Designs & Ideas,image,/home_work_of_art_tattoo_piercing/client-portfolio/black-grey-lion-thigh-realism-las-vegas.png,"Black and grey lion thigh realism tattoo — Work of Art Tattoo Las Vegas, Work of Art Tattoo & Piercing, Las Vegas",Featured Masterpiece,Joshua Cole,YES,5,LIKELY,KEEP,Realism visual matches page intent.
/realism-tattoos-las-vegas/,realism tattoo,Black & Grey Lion Thigh Realism,image,/home_work_of_art_tattoo_piercing/hero-premium/hero-lion-thigh-realism-las-vegas.webp,,,,YES,5,UNKNOWN,KEEP,Realism visual matches page intent.
/realism-tattoos-las-vegas/,realism tattoo,Black & Grey Lion Thigh Realism,image,/home_work_of_art_tattoo_piercing/hero-premium/hero-lion-thigh-realism-las-vegas.png,"Black and grey lion thigh realism tattoo detail — Work of Art Tattoo Las Vegas, Work of Art Tattoo & Piercing, Las Vegas",,,YES,5,UNKNOWN,KEEP,Realism visual matches page intent.
/realism-tattoos-las-vegas/,realism tattoo,Black & Grey Lion Thigh Realism,image,/home_work_of_art_tattoo_piercing/client-portfolio/roaring-lion-tiger-forearm-realism-las-vegas.webp,,,Joshua Cole,YES,5,LIKELY,KEEP,Realism visual matches page intent.
/realism-tattoos-las-vegas/,realism tattoo,Black & Grey Lion Thigh Realism,image,/home_work_of_art_tattoo_piercing/client-portfolio/roaring-lion-tiger-forearm-realism-las-vegas.png,"Separate roaring lion and tiger forearm realism tattoo — Work of Art Tattoo Las Vegas, Work of Art Tattoo & Piercing, Las Vegas",,Joshua Cole,YES,5,LIKELY,KEEP,Realism visual matches page intent.
/realism-tattoos-las-vegas/,realism tattoo,Lion Thigh Realism Session,image,/home_work_of_art_tattoo_piercing/client-portfolio/black-grey-statue-bust-cloth-drape-las-vegas.webp,,,Joshua Cole,YES,5,LIKELY,KEEP,Realism visual matches page intent.
/realism-tattoos-las-vegas/,realism tattoo,Lion Thigh Realism Session,image,/home_work_of_art_tattoo_piercing/client-portfolio/black-grey-statue-bust-cloth-drape-las-vegas.png,"Black and grey statue bust with cloth drape realism — Work of Art Tattoo Las Vegas, Work of Art Tattoo & Piercing, Las Vegas",,Joshua Cole,YES,5,LIKELY,KEEP,Realism visual matches page intent.
/realism-tattoos-las-vegas/,realism tattoo,Lion Thigh Realism Session,image,/home_work_of_art_tattoo_piercing/client-portfolio/black-grey-medusa-snakehair-realism-las-vegas.webp,,,Joshua Cole,YES,5,LIKELY,KEEP,Realism visual matches page intent.
/realism-tattoos-las-vegas/,realism tattoo,Lion Thigh Realism Session,image,/home_work_of_art_tattoo_piercing/client-portfolio/black-grey-medusa-snakehair-realism-las-vegas.png,"Black and grey Medusa realism tattoo with detailed snake hair — Work of Art Tattoo Las Vegas, Work of Art Tattoo & Piercing, Las Vegas",,Joshua Cole,YES,5,LIKELY,KEEP,Realism visual matches page intent.
/realism-tattoos-las-vegas/,realism tattoo,Lion Thigh Realism Session,image,/home_work_of_art_tattoo_piercing/client-portfolio/black-grey-skull-hood-candle-realism-las-vegas.webp,,,Joshua Cole,YES,5,LIKELY,KEEP,Realism visual matches page intent.
/realism-tattoos-las-vegas/,realism tattoo,Lion Thigh Realism Session,image,/home_work_of_art_tattoo_piercing/client-portfolio/black-grey-skull-hood-candle-realism-las-vegas.png,"Black and grey realism tattoo of hooded skull with candlelight — Work of Art Tattoo Las Vegas, Work of Art Tattoo & Piercing, Las Vegas",,Joshua Cole,YES,5,LIKELY,KEEP,Realism visual matches page intent.
/realism-tattoos-las-vegas/,realism tattoo,Lion Thigh Realism Session,image,/home_work_of_art_tattoo_piercing/client-portfolio/black-grey-skeleton-reaper-hand-realism-las-vegas.webp,,,Joshua Cole,YES,5,LIKELY,KEEP,Realism visual matches page intent.
/realism-tattoos-las-vegas/,realism tattoo,Lion Thigh Realism Session,image,/home_work_of_art_tattoo_piercing/client-portfolio/black-grey-skeleton-reaper-hand-realism-las-vegas.png,"Black and grey skeleton reaper realism tattoo — Work of Art Tattoo Las Vegas, Work of Art Tattoo & Piercing, Las Vegas",,Joshua Cole,YES,5,LIKELY,KEEP,Realism visual matches page intent.
/realism-tattoos-las-vegas/,realism tattoo,Lion Thigh Realism Session,image,/home_work_of_art_tattoo_piercing/client-portfolio/black-grey-eagle-shoulder-realism-las-vegas.webp,,,Joshua Cole,YES,5,LIKELY,KEEP,Realism visual matches page intent.
/realism-tattoos-las-vegas/,realism tattoo,Lion Thigh Realism Session,image,/home_work_of_art_tattoo_piercing/client-portfolio/black-grey-eagle-shoulder-realism-las-vegas.png,"Black and grey eagle realism tattoo on shoulder — Work of Art Tattoo Las Vegas, Work of Art Tattoo & Piercing, Las Vegas",,Joshua Cole,YES,5,LIKELY,KEEP,Realism visual matches page intent.
/realism-tattoos-las-vegas/,realism tattoo,Lion Thigh Realism Session,image,/img_3005.jpeg/tattoo-portfolio-las-vegas-3005.webp,,,,YES,5,UNKNOWN,KEEP,Realism visual matches page intent.
/realism-tattoos-las-vegas/,realism tattoo,Lion Thigh Realism Session,image,/img_3005.jpeg/tattoo-portfolio-las-vegas-3005.png,"Black and grey penguin landscape realism tattoo — Work of Art Tattoo Las Vegas, Work of Art Tattoo & Piercing, Las Vegas",,,YES,5,UNKNOWN,KEEP,Realism visual matches page intent.
/realism-tattoos-las-vegas/,realism tattoo,,video,https://www.googletagmanager.com/ns.html?id=GTM-TZTQSQBB,,,,NO,1,UNKNOWN,REPLACE,Non-tattoo creative on realism page.
/realism-tattoos-las-vegas/,realism tattoo,Why did my tattoo get lighter as it healed?,video,https://www.instagram.com/reel/Cpp18lXgU3P/embed,Why did my tattoo get lighter as it healed?,,,NO,3,UNKNOWN,REVIEW,Remote Instagram card; verify reel subject visually before using as proof.
/realism-tattoos-las-vegas/,realism tattoo,Black & Grey Lion Thigh Realism,video,https://www.instagram.com/reel/C8vPwacP1du/,▶ Lion Thigh Realism Session Watch Joshua Cole execute black and grey realism on a full thigh tattoo. Watch on Instagram,▶ Lion Thigh Realism Session Watch Joshua Cole execute black and grey realism on a full thigh tattoo. Watch on Instagram,Joshua Cole,YES,3,LIKELY,REVIEW,Remote Instagram card; verify reel subject visually before using as proof.
/realism-tattoos-las-vegas/,realism tattoo,Why did my tattoo get lighter as it healed?,video,https://www.instagram.com/reel/C8vPwacP1du/,▶ Joshua Cole — painting in the studio Joshua at the easel — fine art and tattoo craft under one roof at Work of Art Las Vegas. Watch on Instagram,▶ Joshua Cole — painting in the studio Joshua at the easel — fine art and tattoo craft under one roof at Work of Art Las Vegas. Watch on Instagram,Joshua Cole,YES,3,LIKELY,REVIEW,Remote Instagram card; verify reel subject visually before using as proof.
/reviews/,tattoo,Client reviews & healed work,image,/leave-a-review/google-review-qr-code-nfc-sign-work-of-art-tattoo.png,"Google review qr code nfc sign tattoo — Leave a Google Review, Work of Art Tattoo & Piercing, Las Vegas",,,YES,4,UNKNOWN,KEEP,Tattoo visual supports tattoo page.
/reviews/,tattoo,Healed work & client stories,image,/home_work_of_art_tattoo_piercing/client-portfolio/black-grey-lion-thigh-realism-las-vegas.webp,,,Joshua Cole,YES,4,LIKELY,KEEP,Tattoo visual supports tattoo page.
/reviews/,tattoo,Healed work & client stories,image,/home_work_of_art_tattoo_piercing/client-portfolio/black-grey-lion-thigh-realism-las-vegas.png,"Black and grey lion thigh realism — healed portfolio, Work of Art Las Vegas, Work of Art Tattoo & Piercing, Las Vegas",,Joshua Cole,YES,4,LIKELY,KEEP,Tattoo visual supports tattoo page.
/reviews/,tattoo,Lion thigh — two-session realism,image,/cover-up-tattoos-las-vegas/cover-up-tattoo-phoenix-hand-las-vegas-after.webp,,,Joshua Cole,YES,4,LIKELY,KEEP,Tattoo visual supports tattoo page.
/reviews/,tattoo,Verified studio work,image,/home_work_of_art_tattoo_piercing/client-portfolio/skull-hourglass-forearm-realism-fresh-las-vegas.webp,,,Joshua Cole,YES,4,LIKELY,KEEP,Tattoo visual supports tattoo page.
/reviews/,tattoo,Verified studio work,image,/home_work_of_art_tattoo_piercing/client-portfolio/skull-hourglass-forearm-realism-fresh-las-vegas.png,"Fresh skull and hourglass forearm realism — Verified Client Reviews, Joshua Cole, Work of Art…, Work of Art Tattoo & Piercing, Las Vegas",,Joshua Cole,YES,4,LIKELY,KEEP,Tattoo visual supports tattoo page.
/reviews/,tattoo,Verified studio work,image,/home_work_of_art_tattoo_piercing/client-portfolio/steampunk-clock-gears-rose-forearm-healed-las-vegas.webp,,,Joshua Cole,YES,4,LIKELY,KEEP,Tattoo visual supports tattoo page.
/reviews/,tattoo,Verified studio work,image,/home_work_of_art_tattoo_piercing/client-portfolio/steampunk-clock-gears-rose-forearm-healed-las-vegas.png,"Healed steampunk clock and rose forearm — Verified Client Reviews, Joshua Cole, Work of Art Las…, Work of Art Tattoo & Piercing, Las Vegas",,Joshua Cole,YES,4,LIKELY,KEEP,Tattoo visual supports tattoo page.
/reviews/,tattoo,Verified studio work,image,/home_work_of_art_tattoo_piercing/client-portfolio/black-grey-medusa-snakehair-realism-las-vegas.webp,,,Joshua Cole,YES,4,LIKELY,KEEP,Tattoo visual supports tattoo page.
/reviews/,tattoo,Verified studio work,image,/home_work_of_art_tattoo_piercing/client-portfolio/black-grey-medusa-snakehair-realism-las-vegas.png,"Black and grey Medusa portrait realism — Verified Client Reviews, Joshua Cole, Work of Art Las…, Work of Art Tattoo & Piercing, Las Vegas",,Joshua Cole,YES,4,LIKELY,KEEP,Tattoo visual supports tattoo page.
/reviews/,tattoo,Verified studio work,image,/home_work_of_art_tattoo_piercing/client-portfolio/black-grey-statue-bust-cloth-drape-las-vegas.webp,,,Joshua Cole,YES,4,LIKELY,KEEP,Tattoo visual supports tattoo page.
/reviews/,tattoo,Verified studio work,image,/home_work_of_art_tattoo_piercing/client-portfolio/black-grey-statue-bust-cloth-drape-las-vegas.png,"Black and grey statue bust with cloth drape — Verified Client Reviews, Joshua Cole, Work of Art…, Work of Art Tattoo & Piercing, Las Vegas",,Joshua Cole,YES,4,LIKELY,KEEP,Tattoo visual supports tattoo page.
/reviews/,tattoo,,video,https://www.googletagmanager.com/ns.html?id=GTM-TZTQSQBB,,,,NO,3,UNKNOWN,REVIEW,Generic studio creative; acceptable when not used as portfolio proof.
/reviews/,tattoo,Verified studio work,video,https://www.instagram.com/reel/C0nNwUkRHz6/,▶ Jewelry & placement — studio reel Jewelry fit and anatomical placement. Watch on Instagram,▶ Jewelry & placement — studio reel Jewelry fit and anatomical placement. Watch on Instagram,,NO,3,UNKNOWN,REVIEW,Remote Instagram card; verify reel subject visually before using as proof.
/rook_piercing_las_vegas_authority_guide/,piercing,Real heal documentation,image,/studio_gallery/curated-helix-tragus-lobe-piercings-88475d3e.webp,,Rook close-up Placement and angle marked for your anatomy — starter jewelry sized for swelling.,Katelyn Cole,YES,5,VERIFIED,KEEP,Piercing visual matches page intent.
/rook_piercing_las_vegas_authority_guide/,piercing,Real heal documentation,image,/studio_gallery/curated-helix-tragus-lobe-piercings-88475d3e.png,Rook close-up — Rook — Work of Art Las Vegas,Rook close-up Placement and angle marked for your anatomy — starter jewelry sized for swelling.,Katelyn Cole,YES,5,VERIFIED,KEEP,Piercing visual matches page intent.
/rook_piercing_las_vegas_authority_guide/,piercing,Real heal documentation,image,/studio_gallery/flat-and-conch-cartilage-studs-c317138a.webp,,"Healing week 1 Days 3–7: light crusties, tenderness, and a longer post on purpose — do not shorten jewelry at home.",Katelyn Cole,YES,5,VERIFIED,KEEP,Piercing visual matches page intent.
/rook_piercing_las_vegas_authority_guide/,piercing,Real heal documentation,image,/studio_gallery/flat-and-conch-cartilage-studs-c317138a.png,Healing week 1 — Rook — Work of Art Las Vegas,"Healing week 1 Days 3–7: light crusties, tenderness, and a longer post on purpose — do not shorten jewelry at home.",Katelyn Cole,YES,5,VERIFIED,KEEP,Piercing visual matches page intent.
/rook_piercing_las_vegas_authority_guide/,piercing,Real heal documentation,image,/studio_gallery/ear-piercing-healed-result-0f5998be.webp,,Healing month 2 Around 6–8 weeks swelling drops — this is when downsizing protects the angle and prevents bumps.,Katelyn Cole,YES,5,VERIFIED,KEEP,Piercing visual matches page intent.
/rook_piercing_las_vegas_authority_guide/,piercing,Real heal documentation,image,/studio_gallery/ear-piercing-healed-result-0f5998be.png,Healing month 2 — Rook — Work of Art Las Vegas,Healing month 2 Around 6–8 weeks swelling drops — this is when downsizing protects the angle and prevents bumps.,Katelyn Cole,YES,5,VERIFIED,KEEP,Piercing visual matches page intent.
/rook_piercing_las_vegas_authority_guide/,piercing,Real heal documentation,image,/studio_gallery/jewelry-upgrade-86d3f26f.webp,,"Jewelry change Downsize to a shorter post or swap ends once the fistula is stable — booked as a check-in, not a mall kiosk.",Katelyn Cole,YES,5,VERIFIED,KEEP,Piercing visual matches page intent.
/rook_piercing_las_vegas_authority_guide/,piercing,Real heal documentation,image,/studio_gallery/jewelry-upgrade-86d3f26f.png,Jewelry change — Rook — Work of Art Las Vegas,"Jewelry change Downsize to a shorter post or swap ends once the fistula is stable — booked as a check-in, not a mall kiosk.",Katelyn Cole,YES,5,VERIFIED,KEEP,Piercing visual matches page intent.
/rook_piercing_las_vegas_authority_guide/,piercing,Real heal documentation,image,/studio_gallery/fresh-upper-cartilage-industrial-bar-2e41fc98.webp,,Swelling example Starter jewelry sits long so tissue is not pulled inward — embedding happens when posts are too short too soon.,Katelyn Cole,YES,5,VERIFIED,KEEP,Piercing visual matches page intent.
/rook_piercing_las_vegas_authority_guide/,piercing,Real heal documentation,image,/studio_gallery/fresh-upper-cartilage-industrial-bar-2e41fc98.png,Swelling example — Rook — Work of Art Las Vegas,Swelling example Starter jewelry sits long so tissue is not pulled inward — embedding happens when posts are too short too soon.,Katelyn Cole,YES,5,VERIFIED,KEEP,Piercing visual matches page intent.
/rook_piercing_las_vegas_authority_guide/,piercing,,video,https://www.googletagmanager.com/ns.html?id=GTM-TZTQSQBB,,,,NO,3,UNKNOWN,REVIEW,Generic asset on piercing page.
/rook_piercing_las_vegas_authority_guide/,piercing,Related piercing guides,video,https://www.instagram.com/reel/C78fY1quCVF/,▶ Katelyn Cole — piercing in the studio Watch Katelyn at Work of Art — calm ear curation and piercing placement in Las Vegas. Watch on Instagram,▶ Katelyn Cole — piercing in the studio Watch Katelyn at Work of Art — calm ear curation and piercing placement in Las Vegas. Watch on Instagram,Katelyn Cole,YES,3,VERIFIED,REVIEW,Remote Instagram card; verify reel subject visually before using as proof.
/scar_tissue_tattoo_skin_science_las_vegas_authority_guide/,tattoo skin science/healing,Real heal documentation,image,/healed_tattoo_gallery_las_vegas/fresh-all-seeing-eye-triangle-forearm-joshua-cole-las-vegas.webp,,Tattoo skin science close-up Fresh tattoo surface detail — the epidermis is irritated while pigment is placed below it.,Joshua Cole,YES,4,LIKELY,KEEP,Tattoo visual supports skin/healing explanation.
/scar_tissue_tattoo_skin_science_las_vegas_authority_guide/,tattoo skin science/healing,Real heal documentation,image,/healed_tattoo_gallery_las_vegas/fresh-all-seeing-eye-triangle-forearm-joshua-cole-las-vegas.png,Tattoo skin science close-up — Tattoo skin science — Work of Art Las Vegas,Tattoo skin science close-up Fresh tattoo surface detail — the epidermis is irritated while pigment is placed below it.,Joshua Cole,YES,4,LIKELY,KEEP,Tattoo visual supports skin/healing explanation.
/scar_tissue_tattoo_skin_science_las_vegas_authority_guide/,tattoo skin science/healing,Real heal documentation,image,/tattoo_healing_before_after_real_results/eagle-memorial-calf-fresh-tattoo-las-vegas.webp,,"Healing week 1 Early tattoo healing reference — surface shine, tightness, and light texture can change how value reads.",,YES,4,UNKNOWN,KEEP,Tattoo visual supports skin/healing explanation.
/scar_tissue_tattoo_skin_science_las_vegas_authority_guide/,tattoo skin science/healing,Real heal documentation,image,/tattoo_healing_before_after_real_results/eagle-memorial-calf-fresh-tattoo-las-vegas.png,Healing week 1 — Tattoo skin science — Work of Art Las Vegas,"Healing week 1 Early tattoo healing reference — surface shine, tightness, and light texture can change how value reads.",,YES,4,UNKNOWN,KEEP,Tattoo visual supports skin/healing explanation.
/scar_tissue_tattoo_skin_science_las_vegas_authority_guide/,tattoo skin science/healing,Real heal documentation,image,/tattoo_healing_before_after_real_results/eagle-memorial-calf-fresh-vs-healed-comparison-las-vegas.webp,,Healing month 2 Fresh vs settled tattoo comparison — useful for explaining how the surface calms while pigment remains.,,YES,4,UNKNOWN,KEEP,Tattoo visual supports skin/healing explanation.
/scar_tissue_tattoo_skin_science_las_vegas_authority_guide/,tattoo skin science/healing,Real heal documentation,image,/tattoo_healing_before_after_real_results/eagle-memorial-calf-fresh-vs-healed-comparison-las-vegas.png,Healing month 2 — Tattoo skin science — Work of Art Las Vegas,Healing month 2 Fresh vs settled tattoo comparison — useful for explaining how the surface calms while pigment remains.,,YES,4,UNKNOWN,KEEP,Tattoo visual supports skin/healing explanation.
/scar_tissue_tattoo_skin_science_las_vegas_authority_guide/,tattoo skin science/healing,Real heal documentation,image,/healed_tattoo_gallery_las_vegas/healed-3-month-roaring-lion-thigh-joshua-cole-las-vegas.webp,,Settled heal Settled black and grey tattoo detail — healed contrast is what matters for long-term readability.,Joshua Cole,YES,4,LIKELY,KEEP,Tattoo visual supports skin/healing explanation.
/scar_tissue_tattoo_skin_science_las_vegas_authority_guide/,tattoo skin science/healing,Real heal documentation,image,/healed_tattoo_gallery_las_vegas/healed-3-month-roaring-lion-thigh-joshua-cole-las-vegas.png,Settled heal — Tattoo skin science — Work of Art Las Vegas,Settled heal Settled black and grey tattoo detail — healed contrast is what matters for long-term readability.,Joshua Cole,YES,4,LIKELY,KEEP,Tattoo visual supports skin/healing explanation.
/scar_tissue_tattoo_skin_science_las_vegas_authority_guide/,tattoo skin science/healing,Real heal documentation,image,/home_work_of_art_tattoo_piercing/client-portfolio/skull-hourglass-forearm-realism-fresh-las-vegas.webp,,"Fresh redness Day-zero tattoo surface redness — shown as healing context, not as finished portfolio proof.",Joshua Cole,YES,1,LIKELY,REPLACE,Piercing imagery on tattoo skin-science page.
/scar_tissue_tattoo_skin_science_las_vegas_authority_guide/,tattoo skin science/healing,Real heal documentation,image,/home_work_of_art_tattoo_piercing/client-portfolio/skull-hourglass-forearm-realism-fresh-las-vegas.png,Fresh redness — Tattoo skin science — Work of Art Las Vegas,"Fresh redness Day-zero tattoo surface redness — shown as healing context, not as finished portfolio proof.",Joshua Cole,YES,1,LIKELY,REPLACE,Piercing imagery on tattoo skin-science page.
/scar_tissue_tattoo_skin_science_las_vegas_authority_guide/,tattoo skin science/healing,,video,https://www.googletagmanager.com/ns.html?id=GTM-TZTQSQBB,,,,NO,2,UNKNOWN,REVIEW,Weak skin-science support.
/scar_tissue_tattoo_skin_science_las_vegas_authority_guide/,tattoo skin science/healing,Book a consult,video,https://www.instagram.com/reel/C4fOsY7OSTq/,▶ Ear curation — studio reel Katelyn Cole at Work of Art — Las Vegas piercing. Watch on Instagram,▶ Ear curation — studio reel Katelyn Cole at Work of Art — Las Vegas piercing. Watch on Instagram,Katelyn Cole,YES,3,VERIFIED,REVIEW,Remote Instagram card; verify reel subject visually before using as proof.
/septum_piercing_las_vegas_authority_guide/,piercing,Real heal documentation,image,/studio_gallery/septum-piercing-session-in-studio-07aad378.webp,,Septum close-up Placement and angle marked for your anatomy — starter jewelry sized for swelling.,Katelyn Cole,YES,5,VERIFIED,KEEP,Piercing visual matches page intent.
/septum_piercing_las_vegas_authority_guide/,piercing,Real heal documentation,image,/studio_gallery/septum-piercing-session-in-studio-07aad378.png,Septum close-up — Septum — Work of Art Las Vegas,Septum close-up Placement and angle marked for your anatomy — starter jewelry sized for swelling.,Katelyn Cole,YES,5,VERIFIED,KEEP,Piercing visual matches page intent.
/septum_piercing_las_vegas_authority_guide/,piercing,Real heal documentation,image,/studio_gallery/client-portrait-with-septum-piercings-3f1329cc.webp,,"Healing week 1 Days 3–7: light crusties, tenderness, and a longer post on purpose — do not shorten jewelry at home.",Katelyn Cole,YES,5,VERIFIED,KEEP,Piercing visual matches page intent.
/septum_piercing_las_vegas_authority_guide/,piercing,Real heal documentation,image,/studio_gallery/client-portrait-with-septum-piercings-3f1329cc.png,Healing week 1 — Septum — Work of Art Las Vegas,"Healing week 1 Days 3–7: light crusties, tenderness, and a longer post on purpose — do not shorten jewelry at home.",Katelyn Cole,YES,5,VERIFIED,KEEP,Piercing visual matches page intent.
/septum_piercing_las_vegas_authority_guide/,piercing,Real heal documentation,image,/studio_gallery/curated-facial-piercing-jewelry-display-7d759759.webp,,Healing month 2 Around 6–8 weeks swelling drops — this is when downsizing protects the angle and prevents bumps.,Katelyn Cole,YES,5,VERIFIED,KEEP,Piercing visual matches page intent.
/septum_piercing_las_vegas_authority_guide/,piercing,Real heal documentation,image,/studio_gallery/curated-facial-piercing-jewelry-display-7d759759.png,Healing month 2 — Septum — Work of Art Las Vegas,Healing month 2 Around 6–8 weeks swelling drops — this is when downsizing protects the angle and prevents bumps.,Katelyn Cole,YES,5,VERIFIED,KEEP,Piercing visual matches page intent.
/septum_piercing_las_vegas_authority_guide/,piercing,Real heal documentation,image,/studio_gallery/jewelry-upgrade-86d3f26f.webp,,"Jewelry change Downsize to a shorter post or swap ends once the fistula is stable — booked as a check-in, not a mall kiosk.",Katelyn Cole,YES,5,VERIFIED,KEEP,Piercing visual matches page intent.
/septum_piercing_las_vegas_authority_guide/,piercing,Real heal documentation,image,/studio_gallery/jewelry-upgrade-86d3f26f.png,Jewelry change — Septum — Work of Art Las Vegas,"Jewelry change Downsize to a shorter post or swap ends once the fistula is stable — booked as a check-in, not a mall kiosk.",Katelyn Cole,YES,5,VERIFIED,KEEP,Piercing visual matches page intent.
/septum_piercing_las_vegas_authority_guide/,piercing,,video,https://www.googletagmanager.com/ns.html?id=GTM-TZTQSQBB,,,,NO,3,UNKNOWN,REVIEW,Generic asset on piercing page.
/septum_piercing_las_vegas_authority_guide/,piercing,Related piercing guides,video,https://www.instagram.com/reel/C78fY1quCVF/,▶ Katelyn Cole — piercing in the studio Watch Katelyn at Work of Art — calm ear curation and piercing placement in Las Vegas. Watch on Instagram,▶ Katelyn Cole — piercing in the studio Watch Katelyn at Work of Art — calm ear curation and piercing placement in Las Vegas. Watch on Instagram,Katelyn Cole,YES,3,VERIFIED,REVIEW,Remote Instagram card; verify reel subject visually before using as proof.
/snake_bites_piercing_las_vegas_authority_guide/,piercing,Real heal documentation,image,/studio_gallery/curated-helix-tragus-lobe-piercings-88475d3e.webp,,Ear piercing close-up Placement and angle marked for your anatomy — starter jewelry sized for swelling.,Katelyn Cole,YES,5,VERIFIED,KEEP,Piercing visual matches page intent.
/snake_bites_piercing_las_vegas_authority_guide/,piercing,Real heal documentation,image,/studio_gallery/curated-helix-tragus-lobe-piercings-88475d3e.png,Ear piercing close-up — Ear piercing — Work of Art Las Vegas,Ear piercing close-up Placement and angle marked for your anatomy — starter jewelry sized for swelling.,Katelyn Cole,YES,5,VERIFIED,KEEP,Piercing visual matches page intent.
/snake_bites_piercing_las_vegas_authority_guide/,piercing,Real heal documentation,image,/studio_gallery/triple-flat-conch-lobe-ear-setup-f28e160a.webp,,Healing week 1 Fresh cartilage or lobe — starter studs with extra post length for swelling.,Katelyn Cole,YES,5,VERIFIED,KEEP,Piercing visual matches page intent.
/snake_bites_piercing_las_vegas_authority_guide/,piercing,Real heal documentation,image,/studio_gallery/triple-flat-conch-lobe-ear-setup-f28e160a.png,Healing week 1 — Ear piercing — Work of Art Las Vegas,Healing week 1 Fresh cartilage or lobe — starter studs with extra post length for swelling.,Katelyn Cole,YES,5,VERIFIED,KEEP,Piercing visual matches page intent.
/snake_bites_piercing_las_vegas_authority_guide/,piercing,Real heal documentation,image,/studio_gallery/ear-piercing-healed-result-0f5998be.webp,,Healing month 2 Around 6–8 weeks swelling drops — this is when downsizing protects the angle and prevents bumps.,Katelyn Cole,YES,5,VERIFIED,KEEP,Piercing visual matches page intent.
/snake_bites_piercing_las_vegas_authority_guide/,piercing,Real heal documentation,image,/studio_gallery/ear-piercing-healed-result-0f5998be.png,Healing month 2 — Ear piercing — Work of Art Las Vegas,Healing month 2 Around 6–8 weeks swelling drops — this is when downsizing protects the angle and prevents bumps.,Katelyn Cole,YES,5,VERIFIED,KEEP,Piercing visual matches page intent.
/snake_bites_piercing_las_vegas_authority_guide/,piercing,Real heal documentation,image,/studio_gallery/jewelry-upgrade-86d3f26f.webp,,"Jewelry change Downsize to a shorter post or swap ends once the fistula is stable — booked as a check-in, not a mall kiosk.",Katelyn Cole,YES,5,VERIFIED,KEEP,Piercing visual matches page intent.
/snake_bites_piercing_las_vegas_authority_guide/,piercing,Real heal documentation,image,/studio_gallery/jewelry-upgrade-86d3f26f.png,Jewelry change — Ear piercing — Work of Art Las Vegas,"Jewelry change Downsize to a shorter post or swap ends once the fistula is stable — booked as a check-in, not a mall kiosk.",Katelyn Cole,YES,5,VERIFIED,KEEP,Piercing visual matches page intent.
/snake_bites_piercing_las_vegas_authority_guide/,piercing,Real heal documentation,image,/studio_gallery/flat-and-conch-cartilage-studs-c317138a.webp,,Swelling example Flat and conch starters sit long on purpose — shortening too soon causes embedding and bumps.,Katelyn Cole,YES,5,VERIFIED,KEEP,Piercing visual matches page intent.
/snake_bites_piercing_las_vegas_authority_guide/,piercing,Real heal documentation,image,/studio_gallery/flat-and-conch-cartilage-studs-c317138a.png,Swelling example — Ear piercing — Work of Art Las Vegas,Swelling example Flat and conch starters sit long on purpose — shortening too soon causes embedding and bumps.,Katelyn Cole,YES,5,VERIFIED,KEEP,Piercing visual matches page intent.
/snake_bites_piercing_las_vegas_authority_guide/,piercing,,video,https://www.googletagmanager.com/ns.html?id=GTM-TZTQSQBB,,,,NO,3,UNKNOWN,REVIEW,Generic asset on piercing page.
/snake_bites_piercing_las_vegas_authority_guide/,piercing,Related piercing guides,video,https://www.instagram.com/reel/C78fY1quCVF/,▶ Katelyn Cole — piercing in the studio Watch Katelyn at Work of Art — calm ear curation and piercing placement in Las Vegas. Watch on Instagram,▶ Katelyn Cole — piercing in the studio Watch Katelyn at Work of Art — calm ear curation and piercing placement in Las Vegas. Watch on Instagram,Katelyn Cole,YES,3,VERIFIED,REVIEW,Remote Instagram card; verify reel subject visually before using as proof.
/snug_piercing_las_vegas_authority_guide/,piercing,Real heal documentation,image,/studio_gallery/curated-helix-tragus-lobe-piercings-88475d3e.webp,,Snug close-up Placement and angle marked for your anatomy — starter jewelry sized for swelling.,Katelyn Cole,YES,5,VERIFIED,KEEP,Piercing visual matches page intent.
/snug_piercing_las_vegas_authority_guide/,piercing,Real heal documentation,image,/studio_gallery/curated-helix-tragus-lobe-piercings-88475d3e.png,Snug close-up — Snug — Work of Art Las Vegas,Snug close-up Placement and angle marked for your anatomy — starter jewelry sized for swelling.,Katelyn Cole,YES,5,VERIFIED,KEEP,Piercing visual matches page intent.
/snug_piercing_las_vegas_authority_guide/,piercing,Real heal documentation,image,/studio_gallery/flat-and-conch-cartilage-studs-c317138a.webp,,"Healing week 1 Days 3–7: light crusties, tenderness, and a longer post on purpose — do not shorten jewelry at home.",Katelyn Cole,YES,5,VERIFIED,KEEP,Piercing visual matches page intent.
/snug_piercing_las_vegas_authority_guide/,piercing,Real heal documentation,image,/studio_gallery/flat-and-conch-cartilage-studs-c317138a.png,Healing week 1 — Snug — Work of Art Las Vegas,"Healing week 1 Days 3–7: light crusties, tenderness, and a longer post on purpose — do not shorten jewelry at home.",Katelyn Cole,YES,5,VERIFIED,KEEP,Piercing visual matches page intent.
/snug_piercing_las_vegas_authority_guide/,piercing,Real heal documentation,image,/studio_gallery/ear-piercing-healed-result-0f5998be.webp,,Healing month 2 Around 6–8 weeks swelling drops — this is when downsizing protects the angle and prevents bumps.,Katelyn Cole,YES,5,VERIFIED,KEEP,Piercing visual matches page intent.
/snug_piercing_las_vegas_authority_guide/,piercing,Real heal documentation,image,/studio_gallery/ear-piercing-healed-result-0f5998be.png,Healing month 2 — Snug — Work of Art Las Vegas,Healing month 2 Around 6–8 weeks swelling drops — this is when downsizing protects the angle and prevents bumps.,Katelyn Cole,YES,5,VERIFIED,KEEP,Piercing visual matches page intent.
/snug_piercing_las_vegas_authority_guide/,piercing,Real heal documentation,image,/studio_gallery/jewelry-upgrade-86d3f26f.webp,,"Jewelry change Downsize to a shorter post or swap ends once the fistula is stable — booked as a check-in, not a mall kiosk.",Katelyn Cole,YES,5,VERIFIED,KEEP,Piercing visual matches page intent.
/snug_piercing_las_vegas_authority_guide/,piercing,Real heal documentation,image,/studio_gallery/jewelry-upgrade-86d3f26f.png,Jewelry change — Snug — Work of Art Las Vegas,"Jewelry change Downsize to a shorter post or swap ends once the fistula is stable — booked as a check-in, not a mall kiosk.",Katelyn Cole,YES,5,VERIFIED,KEEP,Piercing visual matches page intent.
/snug_piercing_las_vegas_authority_guide/,piercing,Real heal documentation,image,/studio_gallery/fresh-upper-cartilage-industrial-bar-2e41fc98.webp,,Swelling example Starter jewelry sits long so tissue is not pulled inward — embedding happens when posts are too short too soon.,Katelyn Cole,YES,5,VERIFIED,KEEP,Piercing visual matches page intent.
/snug_piercing_las_vegas_authority_guide/,piercing,Real heal documentation,image,/studio_gallery/fresh-upper-cartilage-industrial-bar-2e41fc98.png,Swelling example — Snug — Work of Art Las Vegas,Swelling example Starter jewelry sits long so tissue is not pulled inward — embedding happens when posts are too short too soon.,Katelyn Cole,YES,5,VERIFIED,KEEP,Piercing visual matches page intent.
/snug_piercing_las_vegas_authority_guide/,piercing,,video,https://www.googletagmanager.com/ns.html?id=GTM-TZTQSQBB,,,,NO,3,UNKNOWN,REVIEW,Generic asset on piercing page.
/snug_piercing_las_vegas_authority_guide/,piercing,Related piercing guides,video,https://www.instagram.com/reel/C78fY1quCVF/,▶ Katelyn Cole — piercing in the studio Watch Katelyn at Work of Art — calm ear curation and piercing placement in Las Vegas. Watch on Instagram,▶ Katelyn Cole — piercing in the studio Watch Katelyn at Work of Art — calm ear curation and piercing placement in Las Vegas. Watch on Instagram,Katelyn Cole,YES,3,VERIFIED,REVIEW,Remote Instagram card; verify reel subject visually before using as proof.
/start_here/,general studio,,video,https://www.googletagmanager.com/ns.html?id=GTM-TZTQSQBB,,,,NO,3,UNKNOWN,REVIEW,Generic studio creative; acceptable when not used as portfolio proof.
/start_here/,general studio,I want to meet the artists,video,https://www.instagram.com/reel/C78fY1quCVF/,▶ Katelyn Cole — piercing in the studio Watch Katelyn at Work of Art — calm ear curation and piercing placement in Las Vegas. Watch on Instagram,▶ Katelyn Cole — piercing in the studio Watch Katelyn at Work of Art — calm ear curation and piercing placement in Las Vegas. Watch on Instagram,Katelyn Cole,YES,3,VERIFIED,REVIEW,Remote Instagram card; verify reel subject visually before using as proof.
/stretch_marks_skin_science_las_vegas_authority_guide/,tattoo,Real heal documentation,image,/healed_tattoo_gallery_las_vegas/fresh-all-seeing-eye-triangle-forearm-joshua-cole-las-vegas.webp,,Tattoo skin science close-up Fresh tattoo surface detail — the epidermis is irritated while pigment is placed below it.,Joshua Cole,YES,4,LIKELY,KEEP,Tattoo visual supports tattoo page.
/stretch_marks_skin_science_las_vegas_authority_guide/,tattoo,Real heal documentation,image,/healed_tattoo_gallery_las_vegas/fresh-all-seeing-eye-triangle-forearm-joshua-cole-las-vegas.png,Tattoo skin science close-up — Tattoo skin science — Work of Art Las Vegas,Tattoo skin science close-up Fresh tattoo surface detail — the epidermis is irritated while pigment is placed below it.,Joshua Cole,YES,4,LIKELY,KEEP,Tattoo visual supports tattoo page.
/stretch_marks_skin_science_las_vegas_authority_guide/,tattoo,Real heal documentation,image,/tattoo_healing_before_after_real_results/eagle-memorial-calf-fresh-tattoo-las-vegas.webp,,"Healing week 1 Early tattoo healing reference — surface shine, tightness, and light texture can change how value reads.",,YES,4,UNKNOWN,KEEP,Tattoo visual supports tattoo page.
/stretch_marks_skin_science_las_vegas_authority_guide/,tattoo,Real heal documentation,image,/tattoo_healing_before_after_real_results/eagle-memorial-calf-fresh-tattoo-las-vegas.png,Healing week 1 — Tattoo skin science — Work of Art Las Vegas,"Healing week 1 Early tattoo healing reference — surface shine, tightness, and light texture can change how value reads.",,YES,4,UNKNOWN,KEEP,Tattoo visual supports tattoo page.
/stretch_marks_skin_science_las_vegas_authority_guide/,tattoo,Real heal documentation,image,/tattoo_healing_before_after_real_results/eagle-memorial-calf-fresh-vs-healed-comparison-las-vegas.webp,,Healing month 2 Fresh vs settled tattoo comparison — useful for explaining how the surface calms while pigment remains.,,YES,4,UNKNOWN,KEEP,Tattoo visual supports tattoo page.
/stretch_marks_skin_science_las_vegas_authority_guide/,tattoo,Real heal documentation,image,/tattoo_healing_before_after_real_results/eagle-memorial-calf-fresh-vs-healed-comparison-las-vegas.png,Healing month 2 — Tattoo skin science — Work of Art Las Vegas,Healing month 2 Fresh vs settled tattoo comparison — useful for explaining how the surface calms while pigment remains.,,YES,4,UNKNOWN,KEEP,Tattoo visual supports tattoo page.
/stretch_marks_skin_science_las_vegas_authority_guide/,tattoo,Real heal documentation,image,/healed_tattoo_gallery_las_vegas/healed-3-month-roaring-lion-thigh-joshua-cole-las-vegas.webp,,Settled heal Settled black and grey tattoo detail — healed contrast is what matters for long-term readability.,Joshua Cole,YES,4,LIKELY,KEEP,Tattoo visual supports tattoo page.
/stretch_marks_skin_science_las_vegas_authority_guide/,tattoo,Real heal documentation,image,/healed_tattoo_gallery_las_vegas/healed-3-month-roaring-lion-thigh-joshua-cole-las-vegas.png,Settled heal — Tattoo skin science — Work of Art Las Vegas,Settled heal Settled black and grey tattoo detail — healed contrast is what matters for long-term readability.,Joshua Cole,YES,4,LIKELY,KEEP,Tattoo visual supports tattoo page.
/stretch_marks_skin_science_las_vegas_authority_guide/,tattoo,Real heal documentation,image,/home_work_of_art_tattoo_piercing/client-portfolio/skull-hourglass-forearm-realism-fresh-las-vegas.webp,,"Fresh redness Day-zero tattoo surface redness — shown as healing context, not as finished portfolio proof.",Joshua Cole,YES,4,LIKELY,KEEP,Tattoo visual supports tattoo page.
/stretch_marks_skin_science_las_vegas_authority_guide/,tattoo,Real heal documentation,image,/home_work_of_art_tattoo_piercing/client-portfolio/skull-hourglass-forearm-realism-fresh-las-vegas.png,Fresh redness — Tattoo skin science — Work of Art Las Vegas,"Fresh redness Day-zero tattoo surface redness — shown as healing context, not as finished portfolio proof.",Joshua Cole,YES,4,LIKELY,KEEP,Tattoo visual supports tattoo page.
/stretch_marks_skin_science_las_vegas_authority_guide/,tattoo,,video,https://www.googletagmanager.com/ns.html?id=GTM-TZTQSQBB,,,,NO,3,UNKNOWN,REVIEW,Generic studio creative; acceptable when not used as portfolio proof.
/stretch_marks_skin_science_las_vegas_authority_guide/,tattoo,Book a consult,video,https://www.instagram.com/reel/Cpp18lXgU3P/,▶ Joshua Cole — seminars & advanced training Continuing education and advanced training from Joshua Cole. Watch on Instagram,▶ Joshua Cole — seminars & advanced training Continuing education and advanced training from Joshua Cole. Watch on Instagram,Joshua Cole,YES,3,LIKELY,REVIEW,Remote Instagram card; verify reel subject visually before using as proof.
/studio-rules/,tattoo,,video,https://www.googletagmanager.com/ns.html?id=GTM-TZTQSQBB,,,,NO,3,UNKNOWN,REVIEW,Generic studio creative; acceptable when not used as portfolio proof.
/studio-vs-strip-shops/,tattoo,4. The Math of a Cover-Up,image,/home_work_of_art_tattoo_piercing/client-portfolio/lion-clock-realism-shoulder-tattoo-las-vegas.webp,,,Joshua Cole,YES,4,LIKELY,KEEP,Tattoo visual supports tattoo page.
/studio-vs-strip-shops/,tattoo,4. The Math of a Cover-Up,image,/home_work_of_art_tattoo_piercing/client-portfolio/lion-clock-realism-shoulder-tattoo-las-vegas.png,"Black and grey realism shoulder tattoo merging a clock face with a roaring lion — Work of Art…, Work of Art Tattoo & Piercing, Las Vegas",,Joshua Cole,YES,4,LIKELY,KEEP,Tattoo visual supports tattoo page.
/studio-vs-strip-shops/,tattoo,4. The Math of a Cover-Up,image,/home_work_of_art_tattoo_piercing/client-portfolio/roaring-lion-tiger-forearm-realism-las-vegas.webp,,,Joshua Cole,YES,4,LIKELY,KEEP,Tattoo visual supports tattoo page.
/studio-vs-strip-shops/,tattoo,4. The Math of a Cover-Up,image,/home_work_of_art_tattoo_piercing/client-portfolio/roaring-lion-tiger-forearm-realism-las-vegas.png,"Black and grey roaring lion and tiger forearm realism with amber eyes — Work of Art Tattoo Las…, Work of Art Tattoo & Piercing, Las Vegas",,Joshua Cole,YES,4,LIKELY,KEEP,Tattoo visual supports tattoo page.
/studio-vs-strip-shops/,tattoo,4. The Math of a Cover-Up,image,/home_work_of_art_tattoo_piercing/client-portfolio/archangel-michael-demon-upper-arm-realism-las-vegas.webp,,,Joshua Cole,YES,4,LIKELY,KEEP,Tattoo visual supports tattoo page.
/studio-vs-strip-shops/,tattoo,4. The Math of a Cover-Up,image,/home_work_of_art_tattoo_piercing/client-portfolio/archangel-michael-demon-upper-arm-realism-las-vegas.png,"Black and grey realism upper arm tattoo of Archangel Michael defeating a demon — Work of Art…, Work of Art Tattoo & Piercing, Las Vegas",,Joshua Cole,YES,4,LIKELY,KEEP,Tattoo visual supports tattoo page.
/studio-vs-strip-shops/,tattoo,4. The Math of a Cover-Up,image,/home_work_of_art_tattoo_piercing/client-portfolio/woman-skull-skeletal-hand-forearm-realism-las-vegas.webp,,,Joshua Cole,YES,4,LIKELY,KEEP,Tattoo visual supports tattoo page.
/studio-vs-strip-shops/,tattoo,4. The Math of a Cover-Up,image,/home_work_of_art_tattoo_piercing/client-portfolio/woman-skull-skeletal-hand-forearm-realism-las-vegas.png,"Black and grey realism forearm tattoo with woman portrait, skull, and skeletal hand — Work of…, Work of Art Tattoo & Piercing, Las Vegas",,Joshua Cole,YES,4,LIKELY,KEEP,Tattoo visual supports tattoo page.
/studio-vs-strip-shops/,tattoo,4. The Math of a Cover-Up,image,/home_work_of_art_tattoo_piercing/client-portfolio/medusa-snake-hair-forearm-realism-las-vegas.webp,,,Joshua Cole,YES,4,LIKELY,KEEP,Tattoo visual supports tattoo page.
/studio-vs-strip-shops/,tattoo,4. The Math of a Cover-Up,image,/home_work_of_art_tattoo_piercing/client-portfolio/medusa-snake-hair-forearm-realism-las-vegas.png,"Black and grey Medusa forearm tattoo with detailed snake hair — Work of Art Tattoo Las Vegas, Work of Art Tattoo & Piercing, Las Vegas",,Joshua Cole,YES,4,LIKELY,KEEP,Tattoo visual supports tattoo page.
/studio-vs-strip-shops/,tattoo,4. The Math of a Cover-Up,image,/home_work_of_art_tattoo_piercing/client-portfolio/skull-hourglass-forearm-realism-fresh-las-vegas.webp,,,Joshua Cole,YES,4,LIKELY,KEEP,Tattoo visual supports tattoo page.
/studio-vs-strip-shops/,tattoo,4. The Math of a Cover-Up,image,/home_work_of_art_tattoo_piercing/client-portfolio/skull-hourglass-forearm-realism-fresh-las-vegas.png,"Fresh black and grey realism forearm tattoo with skull, ribs, and hourglass — Work of Art Tattoo…, Work of Art Tattoo & Piercing, Las Vegas",,Joshua Cole,YES,4,LIKELY,KEEP,Tattoo visual supports tattoo page.
/studio-vs-strip-shops/,tattoo,4. The Math of a Cover-Up,image,/home_work_of_art_tattoo_piercing/client-portfolio/money-rose-black-grey-realism-upper-arm-las-vegas.webp,,,Joshua Cole,YES,4,LIKELY,KEEP,Tattoo visual supports tattoo page.
/studio-vs-strip-shops/,tattoo,4. The Math of a Cover-Up,image,/home_work_of_art_tattoo_piercing/client-portfolio/money-rose-black-grey-realism-upper-arm-las-vegas.png,"Black and grey realism money rose tattoo on upper arm — Work of Art Tattoo Las Vegas, Work of Art Tattoo & Piercing, Las Vegas",,Joshua Cole,YES,4,LIKELY,KEEP,Tattoo visual supports tattoo page.
/studio-vs-strip-shops/,tattoo,,video,https://www.googletagmanager.com/ns.html?id=GTM-TZTQSQBB,,,,NO,3,UNKNOWN,REVIEW,Generic studio creative; acceptable when not used as portfolio proof.
/studio-vs-strip-shops/,tattoo,4. The Math of a Cover-Up,video,https://www.instagram.com/reel/Cpp18lXgU3P/,▶ Joshua Cole — seminars & advanced training Continuing education and advanced training from Joshua Cole. Watch on Instagram,▶ Joshua Cole — seminars & advanced training Continuing education and advanced training from Joshua Cole. Watch on Instagram,Joshua Cole,YES,3,LIKELY,REVIEW,Remote Instagram card; verify reel subject visually before using as proof.
/studio_gallery/,tattoo,,image,/studio_gallery/fantasy-portrait-with-lightning-b9702cf5.webp,,,,YES,4,UNKNOWN,KEEP,Tattoo visual supports tattoo page.
/studio_gallery/,tattoo,,image,/studio_gallery/fantasy-portrait-with-lightning-b9702cf5.png,"Black and grey fantasy portrait tattoo with orange energy — Joshua Cole, Work of Art Las Vegas",,Joshua Cole,YES,4,LIKELY,KEEP,Tattoo visual supports tattoo page.
/studio_gallery/,tattoo,Joshua Cole · Tattoos,image,/studio_gallery/armored-archangel-wings-sword-back-bf61b780.webp,,Armored archangel wings sword back,,YES,4,UNKNOWN,KEEP,Tattoo visual supports tattoo page.
/studio_gallery/,tattoo,Joshua Cole · Tattoos,image,/studio_gallery/armored-archangel-wings-sword-back-bf61b780.png,"Black and grey armored archangel with wings and sword on upper back. — Joshua Cole, Work of Art Las Vegas",Armored archangel wings sword back,Joshua Cole,YES,4,LIKELY,KEEP,Tattoo visual supports tattoo page.
/studio_gallery/,tattoo,Joshua Cole · Tattoos,image,/studio_gallery/small-temple-and-cheek-tattoos-bab7c7fa.webp,,Small temple and cheek tattoos,,YES,4,UNKNOWN,KEEP,Tattoo visual supports tattoo page.
/studio_gallery/,tattoo,Joshua Cole · Tattoos,image,/studio_gallery/small-temple-and-cheek-tattoos-bab7c7fa.png,"Side profile showing small fine-line temple and cheek tattoos on a man's face. — Joshua Cole, Work of Art Las Vegas",Small temple and cheek tattoos,Joshua Cole,YES,4,LIKELY,KEEP,Tattoo visual supports tattoo page.
/studio_gallery/,tattoo,Joshua Cole · Tattoos,image,/studio_gallery/all-seeing-eye-luck-forearm-90bce5f7.webp,,All-seeing eye luck forearm,,YES,4,UNKNOWN,KEEP,Tattoo visual supports tattoo page.
/studio_gallery/,tattoo,Joshua Cole · Tattoos,image,/studio_gallery/all-seeing-eye-luck-forearm-90bce5f7.png,"Black and grey all-seeing eye with FUCK LUCK banner and money bags on forearm. — Joshua Cole, Work of Art Las Vegas",All-seeing eye luck forearm,Joshua Cole,YES,4,LIKELY,KEEP,Tattoo visual supports tattoo page.
/studio_gallery/,tattoo,Joshua Cole · Tattoos,image,/studio_gallery/skull-and-eye-forearm-realism-c7f1842e.webp,,Skull and eye forearm realism,,YES,4,UNKNOWN,KEEP,Tattoo visual supports tattoo page.
/studio_gallery/,tattoo,Joshua Cole · Tattoos,image,/studio_gallery/skull-and-eye-forearm-realism-c7f1842e.png,"Black and grey realistic skull stacked beneath a detailed eye on the forearm. — Joshua Cole, Work of Art Las Vegas",Skull and eye forearm realism,Joshua Cole,YES,4,LIKELY,KEEP,Tattoo visual supports tattoo page.
/studio_gallery/,tattoo,Joshua Cole · Tattoos,image,/studio_gallery/hourglass-luck-gun-arm-sleeve-422c6a76.webp,,Hourglass luck gun arm sleeve,,YES,4,UNKNOWN,KEEP,Tattoo visual supports tattoo page.
/studio_gallery/,tattoo,Joshua Cole · Tattoos,image,/studio_gallery/hourglass-luck-gun-arm-sleeve-422c6a76.png,"Hourglass with money bags, eye, and smoking pistol sleeve on upper arm. — Joshua Cole, Work of Art Las Vegas",Hourglass luck gun arm sleeve,Joshua Cole,YES,4,LIKELY,KEEP,Tattoo visual supports tattoo page.
/studio_gallery/,tattoo,Joshua Cole · Tattoos,image,/studio_gallery/fine-line-howling-werewolf-ankle-7ea2af20.webp,,Fine-line howling werewolf ankle,,YES,4,UNKNOWN,KEEP,Tattoo visual supports tattoo page.
/studio_gallery/,tattoo,Joshua Cole · Tattoos,image,/studio_gallery/fine-line-howling-werewolf-ankle-7ea2af20.png,"Fine-line howling werewolf outline tattooed above the ankle on lower leg. — Joshua Cole, Work of Art Las Vegas",Fine-line howling werewolf ankle,Joshua Cole,YES,4,LIKELY,KEEP,Tattoo visual supports tattoo page.
/studio_gallery/,tattoo,Joshua Cole · Tattoos,image,/studio_gallery/archangel-wings-shoulder-blade-tattoo-31ae60e1.webp,,Archangel wings shoulder blade tattoo,,YES,4,UNKNOWN,KEEP,Tattoo visual supports tattoo page.
/studio_gallery/,tattoo,Joshua Cole · Tattoos,image,/studio_gallery/archangel-wings-shoulder-blade-tattoo-31ae60e1.png,"Detailed black and grey armored archangel with feathered wings on shoulder blade. — Joshua Cole, Work of Art Las Vegas",Archangel wings shoulder blade tattoo,Joshua Cole,YES,4,LIKELY,KEEP,Tattoo visual supports tattoo page.
/studio_gallery/,tattoo,Joshua Cole · Tattoos,image,/studio_gallery/beauty-script-roses-inner-forearm-195a396a.webp,,Beauty script roses inner forearm,,YES,4,UNKNOWN,KEEP,Tattoo visual supports tattoo page.
/studio_gallery/,tattoo,Joshua Cole · Tattoos,image,/studio_gallery/beauty-script-roses-inner-forearm-195a396a.png,"Cursive Beauty script with crossed rose stems on inner forearm. — Joshua Cole, Work of Art Las Vegas",Beauty script roses inner forearm,Joshua Cole,YES,4,LIKELY,KEEP,Tattoo visual supports tattoo page.
/studio_gallery/,tattoo,Joshua Cole · Tattoos,image,/studio_gallery/cross-eye-skull-forearm-stack-5bc3d948.webp,,Cross eye skull forearm stack,,YES,4,UNKNOWN,KEEP,Tattoo visual supports tattoo page.
/studio_gallery/,tattoo,Joshua Cole · Tattoos,image,/studio_gallery/cross-eye-skull-forearm-stack-5bc3d948.png,"Ornate cross, realistic eye, and skull stacked down outer forearm. — Joshua Cole, Work of Art Las Vegas",Cross eye skull forearm stack,Joshua Cole,YES,4,LIKELY,KEEP,Tattoo visual supports tattoo page.
/studio_gallery/,tattoo,Joshua Cole · Tattoos,image,/studio_gallery/superman-shield-left-temple-tattoo-bd7eb0d3.webp,,Superman shield left temple tattoo,,YES,4,UNKNOWN,KEEP,Tattoo visual supports tattoo page.
/studio_gallery/,tattoo,Joshua Cole · Tattoos,image,/studio_gallery/superman-shield-left-temple-tattoo-bd7eb0d3.png,"Red and black Superman S shield tattoo on a man's left temple. — Joshua Cole, Work of Art Las Vegas",Superman shield left temple tattoo,Joshua Cole,YES,4,LIKELY,KEEP,Tattoo visual supports tattoo page.
/studio_gallery/,tattoo,Joshua Cole · Tattoos,image,/studio_gallery/fuck-luck-all-seeing-bicep-1416bc55.webp,,Fuck luck all-seeing bicep,,YES,4,UNKNOWN,KEEP,Tattoo visual supports tattoo page.
/studio_gallery/,tattoo,Joshua Cole · Tattoos,image,/studio_gallery/fuck-luck-all-seeing-bicep-1416bc55.png,"Realistic all-seeing eye with FUCK LUCK banner on outer bicep. — Joshua Cole, Work of Art Las Vegas",Fuck luck all-seeing bicep,Joshua Cole,YES,4,LIKELY,KEEP,Tattoo visual supports tattoo page.
/studio_gallery/,tattoo,Joshua Cole · Tattoos,image,/studio_gallery/fine-line-ankle-tattoos-trio-ee57f2a6.webp,,Fine-line ankle tattoos trio,,YES,4,UNKNOWN,KEEP,Tattoo visual supports tattoo page.
/studio_gallery/,tattoo,Joshua Cole · Tattoos,image,/studio_gallery/fine-line-ankle-tattoos-trio-ee57f2a6.png,"Three clients display fine-line ankle tattoos of a figure, pin, and star. — Joshua Cole, Work of Art Las Vegas",Fine-line ankle tattoos trio,Joshua Cole,YES,4,LIKELY,KEEP,Tattoo visual supports tattoo page.
/studio_gallery/,tattoo,Joshua Cole · Tattoos,image,/studio_gallery/cross-eye-skull-forearm-piece-76a60a87.webp,,Cross eye skull forearm piece,,YES,4,UNKNOWN,KEEP,Tattoo visual supports tattoo page.
/studio_gallery/,tattoo,Joshua Cole · Tattoos,image,/studio_gallery/cross-eye-skull-forearm-piece-76a60a87.png,"Vertical forearm piece with ornate cross, detailed eye, and skull below. — Joshua Cole, Work of Art Las Vegas",Cross eye skull forearm piece,Joshua Cole,YES,4,LIKELY,KEEP,Tattoo visual supports tattoo page.
/studio_gallery/,tattoo,Joshua Cole · Tattoos,image,/studio_gallery/cross-eye-skull-brown-skin-6ad610b8.webp,,Cross eye skull brown skin,,YES,4,UNKNOWN,KEEP,Tattoo visual supports tattoo page.
/studio_gallery/,tattoo,Joshua Cole · Tattoos,image,/studio_gallery/cross-eye-skull-brown-skin-6ad610b8.png,"Black and grey cross, eye, and skull forearm tattoo on brown skin. — Joshua Cole, Work of Art Las Vegas",Cross eye skull brown skin,Joshua Cole,YES,4,LIKELY,KEEP,Tattoo visual supports tattoo page.
/studio_gallery/,tattoo,Joshua Cole · Tattoos,image,/studio_gallery/realistic-eye-skull-forearm-d4475940.webp,,Realistic eye skull forearm,,YES,4,UNKNOWN,KEEP,Tattoo visual supports tattoo page.
/studio_gallery/,tattoo,Joshua Cole · Tattoos,image,/studio_gallery/realistic-eye-skull-forearm-d4475940.png,"Realistic human eye above a shaded skull on medium-tone forearm. — Joshua Cole, Work of Art Las Vegas",Realistic eye skull forearm,Joshua Cole,YES,4,LIKELY,KEEP,Tattoo visual supports tattoo page.
/studio_gallery/,tattoo,Joshua Cole · Tattoos,image,/studio_gallery/shaded-skull-forearm-close-up-aeefd89f.webp,,Shaded skull forearm close-up,,YES,4,UNKNOWN,KEEP,Tattoo visual supports tattoo page.
/studio_gallery/,tattoo,Joshua Cole · Tattoos,image,/studio_gallery/shaded-skull-forearm-close-up-aeefd89f.png,"Three-quarter black and grey skull with smoky shading on forearm. — Joshua Cole, Work of Art Las Vegas",Shaded skull forearm close-up,Joshua Cole,YES,4,LIKELY,KEEP,Tattoo visual supports tattoo page.
/studio_gallery/,tattoo,Joshua Cole · Tattoos,image,/studio_gallery/cross-eye-skull-darker-skin-ed94e39a.webp,,Cross eye skull darker skin,,YES,4,UNKNOWN,KEEP,Tattoo visual supports tattoo page.
/studio_gallery/,tattoo,Joshua Cole · Tattoos,image,/studio_gallery/cross-eye-skull-darker-skin-ed94e39a.png,"Full forearm cross, eye, and skull sleeve on darker skin tone. — Joshua Cole, Work of Art Las Vegas",Cross eye skull darker skin,Joshua Cole,YES,4,LIKELY,KEEP,Tattoo visual supports tattoo page.
/studio_gallery/,tattoo,Joshua Cole · Tattoos,image,/studio_gallery/ornate-cross-realistic-eye-forearm-1473ab08.webp,,Ornate cross realistic eye forearm,,YES,4,UNKNOWN,KEEP,Tattoo visual supports tattoo page.
/studio_gallery/,tattoo,Joshua Cole · Tattoos,image,/studio_gallery/ornate-cross-realistic-eye-forearm-1473ab08.png,"Beveled ornate cross above a realistic eye on outer forearm. — Joshua Cole, Work of Art Las Vegas",Ornate cross realistic eye forearm,Joshua Cole,YES,4,LIKELY,KEEP,Tattoo visual supports tattoo page.
/studio_gallery/,tattoo,Joshua Cole · Tattoos,image,/studio_gallery/smoky-eye-and-skull-forearm-98200338.webp,,Smoky eye and skull forearm,,YES,4,UNKNOWN,KEEP,Tattoo visual supports tattoo page.
/studio_gallery/,tattoo,Joshua Cole · Tattoos,image,/studio_gallery/smoky-eye-and-skull-forearm-98200338.png,"Smoky black and grey eye above skull realism on outer forearm. — Joshua Cole, Work of Art Las Vegas",Smoky eye and skull forearm,Joshua Cole,YES,4,LIKELY,KEEP,Tattoo visual supports tattoo page.
/studio_gallery/,tattoo,Joshua Cole · Tattoos,image,/studio_gallery/mushroom-ghost-blossom-foot-tattoos-13b96e0d.webp,,Mushroom ghost blossom foot tattoos,,YES,4,UNKNOWN,KEEP,Tattoo visual supports tattoo page.
/studio_gallery/,tattoo,Joshua Cole · Tattoos,image,/studio_gallery/mushroom-ghost-blossom-foot-tattoos-13b96e0d.png,"Whimsical mushroom, ghost, and cherry blossom fine-line foot tattoos. — Joshua Cole, Work of Art Las Vegas",Mushroom ghost blossom foot tattoos,Joshua Cole,YES,4,LIKELY,KEEP,Tattoo visual supports tattoo page.
/studio_gallery/,tattoo,Joshua Cole · Tattoos,image,/studio_gallery/norse-odin-viking-ship-sleeve-29096302.webp,,Norse Odin Viking ship sleeve,,YES,4,UNKNOWN,KEEP,Tattoo visual supports tattoo page.
/studio_gallery/,tattoo,Joshua Cole · Tattoos,image,/studio_gallery/norse-odin-viking-ship-sleeve-29096302.png,"Norse Odin portrait sleeve with Viking ship and red lightning bolts. — Joshua Cole, Work of Art Las Vegas",Norse Odin Viking ship sleeve,Joshua Cole,YES,4,LIKELY,KEEP,Tattoo visual supports tattoo page.
/studio_gallery/,tattoo,Joshua Cole · Tattoos,image,/studio_gallery/color-realism-gold-grillz-portrait-609ec82d.webp,,Color realism gold grillz portrait,,YES,4,UNKNOWN,KEEP,Tattoo visual supports tattoo page.
/studio_gallery/,tattoo,Joshua Cole · Tattoos,image,/studio_gallery/color-realism-gold-grillz-portrait-609ec82d.png,"Color realism portrait of face-tattooed man revealing gold grillz artwork. — Joshua Cole, Work of Art Las Vegas",Color realism gold grillz portrait,Joshua Cole,YES,4,LIKELY,KEEP,Tattoo visual supports tattoo page.
/studio_gallery/,tattoo,Joshua Cole · Tattoos,image,/studio_gallery/valkyrie-winged-helmet-upper-arm-f4ddbbb2.webp,,Valkyrie winged helmet upper arm,,YES,4,UNKNOWN,KEEP,Tattoo visual supports tattoo page.
/studio_gallery/,tattoo,Joshua Cole · Tattoos,image,/studio_gallery/valkyrie-winged-helmet-upper-arm-f4ddbbb2.png,"Profile Valkyrie in winged helmet with cheek runes on upper arm. — Joshua Cole, Work of Art Las Vegas",Valkyrie winged helmet upper arm,Joshua Cole,YES,4,LIKELY,KEEP,Tattoo visual supports tattoo page.
/studio_gallery/,tattoo,Joshua Cole · Tattoos,image,/studio_gallery/black-and-grey-rapper-calf-portraits-fe20f013.webp,,Black and grey rapper calf portraits,,YES,4,UNKNOWN,KEEP,Tattoo visual supports tattoo page.
/studio_gallery/,tattoo,Joshua Cole · Tattoos,image,/studio_gallery/black-and-grey-rapper-calf-portraits-fe20f013.png,"Matching black-grey calf portraits of Lil Peep and a tongue-out rock singer with neck rose — Joshua Cole, Work of Art Las Vegas",Black and grey rapper calf portraits,Joshua Cole,YES,4,LIKELY,KEEP,Tattoo visual supports tattoo page.
/studio_gallery/,tattoo,Joshua Cole · Tattoos,image,/studio_gallery/egyptian-goddess-neck-portrait-tattoo-3d49b9f9.webp,,Egyptian goddess neck portrait tattoo,,YES,4,UNKNOWN,KEEP,Tattoo visual supports tattoo page.
/studio_gallery/,tattoo,Joshua Cole · Tattoos,image,/studio_gallery/egyptian-goddess-neck-portrait-tattoo-3d49b9f9.png,"Black-grey Egyptian woman with scarab headdress and Eye of Horus mark on neck — Joshua Cole, Work of Art Las Vegas",Egyptian goddess neck portrait tattoo,Joshua Cole,YES,4,LIKELY,KEEP,Tattoo visual supports tattoo page.
/studio_gallery/,tattoo,Joshua Cole · Tattoos,image,/studio_gallery/artist-preparing-gloves-in-studio-0e0344c2.webp,,Artist preparing gloves in studio,,YES,4,UNKNOWN,KEEP,Tattoo visual supports tattoo page.
/studio_gallery/,tattoo,Joshua Cole · Tattoos,image,/studio_gallery/artist-preparing-gloves-in-studio-0e0344c2.png,"Heavily tattooed artist donning pink gloves inside Work of Art flash-lined studio — Joshua Cole, Work of Art Las Vegas",Artist preparing gloves in studio,Joshua Cole,YES,4,LIKELY,KEEP,Tattoo visual supports tattoo page.
/studio_gallery/,tattoo,Joshua Cole · Tattoos,image,/studio_gallery/veiled-crowned-woman-realism-tattoo-20d31cad.webp,,Veiled crowned woman realism tattoo,,YES,4,UNKNOWN,KEEP,Tattoo visual supports tattoo page.
/studio_gallery/,tattoo,Joshua Cole · Tattoos,image,/studio_gallery/veiled-crowned-woman-realism-tattoo-20d31cad.png,"Black-grey veiled woman with ornate crown and clasped praying hands on forearm — Joshua Cole, Work of Art Las Vegas",Veiled crowned woman realism tattoo,Joshua Cole,YES,4,LIKELY,KEEP,Tattoo visual supports tattoo page.
/studio_gallery/,tattoo,Joshua Cole · Tattoos,image,/studio_gallery/all-seeing-eye-triangle-tattoo-e010665e.webp,,All-seeing eye triangle tattoo,,YES,4,UNKNOWN,KEEP,Tattoo visual supports tattoo page.
/studio_gallery/,tattoo,Joshua Cole · Tattoos,image,/studio_gallery/all-seeing-eye-triangle-tattoo-e010665e.png,"Realistic eye inside a triangle with swirling smoke ribbons, black-grey forearm piece — Joshua Cole, Work of Art Las Vegas",All-seeing eye triangle tattoo,Joshua Cole,YES,4,LIKELY,KEEP,Tattoo visual supports tattoo page.
/studio_gallery/,tattoo,Joshua Cole · Tattoos,image,/studio_gallery/black-grey-bondage-portrait-tattoo-2c77c6c3.webp,,Black grey bondage portrait tattoo,,YES,4,UNKNOWN,KEEP,Tattoo visual supports tattoo page.
/studio_gallery/,tattoo,Joshua Cole · Tattoos,image,/studio_gallery/black-grey-bondage-portrait-tattoo-2c77c6c3.png,"Realistic blindfolded woman with collar, chain and wrist shackles in black-grey ink — Joshua Cole, Work of Art Las Vegas",Black grey bondage portrait tattoo,Joshua Cole,YES,4,LIKELY,KEEP,Tattoo visual supports tattoo page.
/studio_gallery/,tattoo,Joshua Cole · Tattoos,image,/studio_gallery/red-rose-alexis-name-tattoo-8ee69c62.webp,,Red rose Alexis name tattoo,,YES,4,UNKNOWN,KEEP,Tattoo visual supports tattoo page.
/studio_gallery/,tattoo,Joshua Cole · Tattoos,image,/studio_gallery/red-rose-alexis-name-tattoo-8ee69c62.png,"Color realism red rose with soft green halo and cursive Alexis script on inner forearm — Joshua Cole, Work of Art Las Vegas",Red rose Alexis name tattoo,Joshua Cole,YES,4,LIKELY,KEEP,Tattoo visual supports tattoo page.
/studio_gallery/,tattoo,Joshua Cole · Tattoos,image,/studio_gallery/black-grey-temple-rose-tattoo-e483138e.webp,,Black grey temple rose tattoo,,YES,4,UNKNOWN,KEEP,Tattoo visual supports tattoo page.
/studio_gallery/,tattoo,Joshua Cole · Tattoos,image,/studio_gallery/black-grey-temple-rose-tattoo-e483138e.png,"Soft-shaded black-grey rose tattoo on temple beside a small outline heart on cheek — Joshua Cole, Work of Art Las Vegas",Black grey temple rose tattoo,Joshua Cole,YES,4,LIKELY,KEEP,Tattoo visual supports tattoo page.
/studio_gallery/,tattoo,Joshua Cole · Tattoos,image,/studio_gallery/veiled-crowned-woman-shoulder-tattoo-51d91c9f.webp,,Veiled crowned woman shoulder tattoo,,YES,4,UNKNOWN,KEEP,Tattoo visual supports tattoo page.
/studio_gallery/,tattoo,Joshua Cole · Tattoos,image,/studio_gallery/veiled-crowned-woman-shoulder-tattoo-51d91c9f.png,"Black-grey veiled woman with ornate crown clutching fabric on upper arm, halo backdrop — Joshua Cole, Work of Art Las Vegas",Veiled crowned woman shoulder tattoo,Joshua Cole,YES,4,LIKELY,KEEP,Tattoo visual supports tattoo page.
/studio_gallery/,tattoo,Joshua Cole · Tattoos,image,/studio_gallery/odin-mechanical-eye-lightning-tattoo-4052a62b.webp,,Odin mechanical eye lightning tattoo,,YES,4,UNKNOWN,KEEP,Tattoo visual supports tattoo page.
/studio_gallery/,tattoo,Joshua Cole · Tattoos,image,/studio_gallery/odin-mechanical-eye-lightning-tattoo-4052a62b.png,"Odin portrait with gem helmet, gear monocle and lightning bolts wrapping shoulder and arm — Joshua Cole, Work of Art Las Vegas",Odin mechanical eye lightning tattoo,Joshua Cole,YES,4,LIKELY,KEEP,Tattoo visual supports tattoo page.
/studio_gallery/,tattoo,Joshua Cole · Tattoos,image,/studio_gallery/falling-winged-angel-realism-tattoo-ef852dbb.webp,,Falling winged angel realism tattoo,,YES,4,UNKNOWN,KEEP,Tattoo visual supports tattoo page.
/studio_gallery/,tattoo,Joshua Cole · Tattoos,image,/studio_gallery/falling-winged-angel-realism-tattoo-ef852dbb.png,"Black-grey Icarus-style falling angel with spread feathered wings on leg, fine-line shading — Joshua Cole, Work of Art Las Vegas",Falling winged angel realism tattoo,Joshua Cole,YES,4,LIKELY,KEEP,Tattoo visual supports tattoo page.
/studio_gallery/,tattoo,Joshua Cole · Tattoos,image,/studio_gallery/medusa-portrait-fresh-4107ab02.webp,,Medusa portrait fresh,,YES,4,UNKNOWN,KEEP,Tattoo visual supports tattoo page.
/studio_gallery/,tattoo,Joshua Cole · Tattoos,image,/studio_gallery/medusa-portrait-fresh-4107ab02.png,"Fresh black and grey Medusa realism forearm tattoo — Joshua Cole, Work of Art Las Vegas",Medusa portrait fresh,Joshua Cole,YES,4,LIKELY,KEEP,Tattoo visual supports tattoo page.
/studio_gallery/,tattoo,Joshua Cole · Tattoos,image,/studio_gallery/fantasy-portrait-with-lightning-b9702cf5.webp,,Fantasy portrait with lightning,,YES,4,UNKNOWN,KEEP,Tattoo visual supports tattoo page.
/studio_gallery/,tattoo,Joshua Cole · Tattoos,image,/studio_gallery/fantasy-portrait-with-lightning-b9702cf5.png,"Black and grey fantasy portrait tattoo with orange energy — Joshua Cole, Work of Art Las Vegas",Fantasy portrait with lightning,Joshua Cole,YES,4,LIKELY,KEEP,Tattoo visual supports tattoo page.
/studio_gallery/,tattoo,Joshua Cole · Tattoos,image,/studio_gallery/memorial-eagle-script-13afb944.webp,,Memorial eagle script,,YES,4,UNKNOWN,KEEP,Tattoo visual supports tattoo page.
/studio_gallery/,tattoo,Joshua Cole · Tattoos,image,/studio_gallery/memorial-eagle-script-13afb944.png,"Healed black and grey memorial eagle tattoo — Joshua Cole, Work of Art Las Vegas",Memorial eagle script,Joshua Cole,YES,4,LIKELY,KEEP,Tattoo visual supports tattoo page.
/studio_gallery/,tattoo,Joshua Cole · Tattoos,image,/studio_gallery/roaring-lion-with-crown-of-thorns-b66555e2.webp,,Roaring lion with crown of thorns,,YES,4,UNKNOWN,KEEP,Tattoo visual supports tattoo page.
/studio_gallery/,tattoo,Joshua Cole · Tattoos,image,/studio_gallery/roaring-lion-with-crown-of-thorns-b66555e2.png,"Black and grey roaring lion tattoo with thorn crown — Joshua Cole, Work of Art Las Vegas",Roaring lion with crown of thorns,Joshua Cole,YES,4,LIKELY,KEEP,Tattoo visual supports tattoo page.
/studio_gallery/,tattoo,Joshua Cole · Tattoos,image,/studio_gallery/icarus-falling-angel-a1111068.webp,,Icarus falling angel,,YES,4,UNKNOWN,KEEP,Tattoo visual supports tattoo page.
/studio_gallery/,tattoo,Joshua Cole · Tattoos,image,/studio_gallery/icarus-falling-angel-a1111068.png,"Black and grey Icarus falling angel tattoo — Joshua Cole, Work of Art Las Vegas",Icarus falling angel,Joshua Cole,YES,4,LIKELY,KEEP,Tattoo visual supports tattoo page.
/studio_gallery/,tattoo,Joshua Cole · Tattoos,image,/studio_gallery/dove-in-flight-5a41df51.webp,,Dove in flight,,YES,4,UNKNOWN,KEEP,Tattoo visual supports tattoo page.
/studio_gallery/,tattoo,Joshua Cole · Tattoos,image,/studio_gallery/dove-in-flight-5a41df51.png,"Black and grey dove realism tattoo on shoulder — Joshua Cole, Work of Art Las Vegas",Dove in flight,Joshua Cole,YES,4,LIKELY,KEEP,Tattoo visual supports tattoo page.
/studio_gallery/,tattoo,Joshua Cole · Tattoos,image,/studio_gallery/norse-odin-half-sleeve-618e0bc3.webp,,Norse Odin half sleeve,,YES,4,UNKNOWN,KEEP,Tattoo visual supports tattoo page.
/studio_gallery/,tattoo,Joshua Cole · Tattoos,image,/studio_gallery/norse-odin-half-sleeve-618e0bc3.png,"Norse Odin half sleeve with orange lightning — black and grey realism by Joshua Cole, Work of Art Las Vegas",Norse Odin half sleeve,Joshua Cole,YES,4,LIKELY,KEEP,Tattoo visual supports tattoo page.
/studio_gallery/,tattoo,Joshua Cole · Tattoos,image,/studio_gallery/all-seeing-eye-triangle-bb2920b5.webp,,All-seeing eye triangle,,YES,4,UNKNOWN,KEEP,Tattoo visual supports tattoo page.
/studio_gallery/,tattoo,Joshua Cole · Tattoos,image,/studio_gallery/all-seeing-eye-triangle-bb2920b5.png,"Black and grey all-seeing eye in triangle with smoke ribbons — Joshua Cole, Work of Art Las Vegas",All-seeing eye triangle,Joshua Cole,YES,4,LIKELY,KEEP,Tattoo visual supports tattoo page.
/studio_gallery/,tattoo,Joshua Cole · Tattoos,image,/studio_gallery/roaring-lion-thigh-portrait-220154a4.webp,,Roaring lion thigh portrait,,YES,4,UNKNOWN,KEEP,Tattoo visual supports tattoo page.
/studio_gallery/,tattoo,Joshua Cole · Tattoos,image,/studio_gallery/roaring-lion-thigh-portrait-220154a4.png,"Black and grey roaring lion thigh tattoo — Joshua Cole, Work of Art Las Vegas",Roaring lion thigh portrait,Joshua Cole,YES,4,LIKELY,KEEP,Tattoo visual supports tattoo page.
/studio_gallery/,tattoo,Joshua Cole · Tattoos,image,/studio_gallery/norse-full-sleeve-narrative-1bc3cc09.webp,,Norse full sleeve narrative,,YES,4,UNKNOWN,KEEP,Tattoo visual supports tattoo page.
/studio_gallery/,tattoo,Joshua Cole · Tattoos,image,/studio_gallery/norse-full-sleeve-narrative-1bc3cc09.png,"Full Norse sleeve — Odin portrait, longship, and runes with orange highlights — Joshua Cole, Work of Art Las Vegas",Norse full sleeve narrative,Joshua Cole,YES,4,LIKELY,KEEP,Tattoo visual supports tattoo page.
/studio_gallery/,tattoo,Joshua Cole · Tattoos,image,/studio_gallery/realistic-lipstick-kiss-mark-5baed596.webp,,Realistic lipstick kiss mark,,YES,4,UNKNOWN,KEEP,Tattoo visual supports tattoo page.
/studio_gallery/,tattoo,Joshua Cole · Tattoos,image,/studio_gallery/realistic-lipstick-kiss-mark-5baed596.png,"Color realism lipstick kiss mark tattoo — Joshua Cole, Work of Art Las Vegas",Realistic lipstick kiss mark,Joshua Cole,YES,4,LIKELY,KEEP,Tattoo visual supports tattoo page.
/studio_gallery/,tattoo,Joshua Cole · Tattoos,image,/studio_gallery/the-crow-portrait-tattoo-7ae96710.webp,,The Crow portrait tattoo,,YES,4,UNKNOWN,KEEP,Tattoo visual supports tattoo page.
/studio_gallery/,tattoo,Joshua Cole · Tattoos,image,/studio_gallery/the-crow-portrait-tattoo-7ae96710.png,"Eric Draven Crow tattoo with gothic quote — black and grey illustrative work by Joshua Cole, Work of Art Las Vegas",The Crow portrait tattoo,Joshua Cole,YES,4,LIKELY,KEEP,Tattoo visual supports tattoo page.
/studio_gallery/,tattoo,Joshua Cole · Tattoos,image,/studio_gallery/lipstick-kiss-mark-session-0e676d8c.webp,,Lipstick kiss mark session,,YES,4,UNKNOWN,KEEP,Tattoo visual supports tattoo page.
/studio_gallery/,tattoo,Joshua Cole · Tattoos,image,/studio_gallery/lipstick-kiss-mark-session-0e676d8c.png,"Fresh lipstick kiss mark tattoo in studio — Joshua Cole, Work of Art Las Vegas",Lipstick kiss mark session,Joshua Cole,YES,4,LIKELY,KEEP,Tattoo visual supports tattoo page.
/studio_gallery/,tattoo,Joshua Cole · Tattoos,image,/studio_gallery/three-eyed-demon-forearm-fd5b8cd8.webp,,Three-eyed demon forearm,,YES,4,UNKNOWN,KEEP,Tattoo visual supports tattoo page.
/studio_gallery/,tattoo,Joshua Cole · Tattoos,image,/studio_gallery/three-eyed-demon-forearm-fd5b8cd8.png,"Illustrative three-eyed demon with lyric text — black, grey, and red by Joshua Cole, Work of Art Las Vegas",Three-eyed demon forearm,Joshua Cole,YES,4,LIKELY,KEEP,Tattoo visual supports tattoo page.
/studio_gallery/,tattoo,Joshua Cole · Tattoos,image,/studio_gallery/demon-piece-in-progress-c0d80f61.webp,,Demon piece in progress,,YES,4,UNKNOWN,KEEP,Tattoo visual supports tattoo page.
/studio_gallery/,tattoo,Joshua Cole · Tattoos,image,/studio_gallery/demon-piece-in-progress-c0d80f61.png,"Illustrative demon tattoo session detail — Joshua Cole, Work of Art Las Vegas",Demon piece in progress,Joshua Cole,YES,4,LIKELY,KEEP,Tattoo visual supports tattoo page.
/studio_gallery/,tattoo,Joshua Cole · Tattoos,image,/studio_gallery/the-crow-stained-glass-frame-20765b48.webp,,The Crow stained-glass frame,,YES,4,UNKNOWN,KEEP,Tattoo visual supports tattoo page.
/studio_gallery/,tattoo,Joshua Cole · Tattoos,image,/studio_gallery/the-crow-stained-glass-frame-20765b48.png,"The Crow Eric Draven in circular rain frame — Joshua Cole, Work of Art Las Vegas",The Crow stained-glass frame,Joshua Cole,YES,4,LIKELY,KEEP,Tattoo visual supports tattoo page.
/studio_gallery/,tattoo,Joshua Cole · Tattoos,image,/studio_gallery/demon-tattoo-white-highlights-c19414bd.webp,,Demon tattoo white highlights,,YES,4,UNKNOWN,KEEP,Tattoo visual supports tattoo page.
/studio_gallery/,tattoo,Joshua Cole · Tattoos,image,/studio_gallery/demon-tattoo-white-highlights-c19414bd.png,"White ink detailing on illustrative demon tattoo — Joshua Cole, Work of Art Las Vegas",Demon tattoo white highlights,Joshua Cole,YES,4,LIKELY,KEEP,Tattoo visual supports tattoo page.
/studio_gallery/,tattoo,Joshua Cole · Tattooing,image,/studio_gallery/joshua-cole-tattooing-client-forearm-7ac4181a.webp,,Joshua Cole tattooing client forearm,Joshua Cole,YES,4,LIKELY,KEEP,Tattoo visual supports tattoo page.
/studio_gallery/,tattoo,Joshua Cole · Tattooing,image,/studio_gallery/joshua-cole-tattooing-client-forearm-7ac4181a.png,"Joshua Cole tattooing a client's forearm with focused detail in the studio. — Joshua Cole, Work of Art Las Vegas",Joshua Cole tattooing client forearm,Joshua Cole,YES,4,LIKELY,KEEP,Tattoo visual supports tattoo page.
/studio_gallery/,tattoo,Joshua Cole · Tattooing,image,/studio_gallery/joshua-cole-head-tattoo-session-f76aeef5.webp,,Joshua Cole head tattoo session,Joshua Cole,YES,4,LIKELY,KEEP,Tattoo visual supports tattoo page.
/studio_gallery/,tattoo,Joshua Cole · Tattooing,image,/studio_gallery/joshua-cole-head-tattoo-session-f76aeef5.png,"Joshua Cole carefully tattooing a client's temple during a head tattoo session. — Joshua Cole, Work of Art Las Vegas",Joshua Cole head tattoo session,Joshua Cole,YES,4,LIKELY,KEEP,Tattoo visual supports tattoo page.
/studio_gallery/,tattoo,Joshua Cole · Tattooing,image,/studio_gallery/joshua-cole-fine-line-ankle-work-55a4538d.webp,,Joshua Cole fine-line ankle work,Joshua Cole,YES,4,LIKELY,KEEP,Tattoo visual supports tattoo page.
/studio_gallery/,tattoo,Joshua Cole · Tattooing,image,/studio_gallery/joshua-cole-fine-line-ankle-work-55a4538d.png,"Joshua Cole applying a fine-line ankle tattoo with a rotary machine. — Joshua Cole, Work of Art Las Vegas",Joshua Cole fine-line ankle work,Joshua Cole,YES,4,LIKELY,KEEP,Tattoo visual supports tattoo page.
/studio_gallery/,tattoo,Joshua Cole · Tattooing,image,/studio_gallery/joshua-cole-geometric-forearm-stencil-83be4284.webp,,Joshua Cole geometric forearm stencil,Joshua Cole,YES,4,LIKELY,KEEP,Tattoo visual supports tattoo page.
/studio_gallery/,tattoo,Joshua Cole · Tattooing,image,/studio_gallery/joshua-cole-geometric-forearm-stencil-83be4284.png,"Joshua Cole inking a geometric star stencil on a client's forearm. — Joshua Cole, Work of Art Las Vegas",Joshua Cole geometric forearm stencil,Joshua Cole,YES,4,LIKELY,KEEP,Tattoo visual supports tattoo page.
/studio_gallery/,tattoo,Joshua Cole · Tattooing,image,/studio_gallery/tattoo-session-in-progress-70837687.webp,,Tattoo session in progress,,YES,4,UNKNOWN,KEEP,Tattoo visual supports tattoo page.
/studio_gallery/,tattoo,Joshua Cole · Tattooing,image,/studio_gallery/tattoo-session-in-progress-70837687.png,Joshua Cole tattooing at Work of Art Las Vegas studio,Tattoo session in progress,Joshua Cole,YES,4,LIKELY,KEEP,Tattoo visual supports tattoo page.
/studio_gallery/,tattoo,Joshua Cole · Tattooing,image,/studio_gallery/joshua-tattooing-lyric-piece-67f63f8a.webp,,Joshua tattooing lyric piece,Joshua Cole,YES,4,LIKELY,KEEP,Tattoo visual supports tattoo page.
/studio_gallery/,tattoo,Joshua Cole · Tattooing,image,/studio_gallery/joshua-tattooing-lyric-piece-67f63f8a.png,Joshua Cole tattooing illustrative demon and text piece — Work of Art Las Vegas studio,Joshua tattooing lyric piece,Joshua Cole,YES,4,LIKELY,KEEP,Tattoo visual supports tattoo page.
/studio_gallery/,tattoo,Joshua Cole · Tattooing,image,/studio_gallery/studio-session-in-progress-f39790c4.webp,,Studio session in progress,,YES,4,UNKNOWN,KEEP,Tattoo visual supports tattoo page.
/studio_gallery/,tattoo,Joshua Cole · Tattooing,image,/studio_gallery/studio-session-in-progress-f39790c4.png,Joshua Cole at work on custom illustrative tattoo — Work of Art Las Vegas,Studio session in progress,Joshua Cole,YES,4,LIKELY,KEEP,Tattoo visual supports tattoo page.
/studio_gallery/,tattoo,Joshua Cole · Original art,image,/studio_gallery/black-and-grey-rose-tattoo-design-a1784097.webp,,Black and grey rose tattoo design,,YES,4,UNKNOWN,KEEP,Tattoo visual supports tattoo page.
/studio_gallery/,tattoo,Joshua Cole · Original art,image,/studio_gallery/black-and-grey-rose-tattoo-design-a1784097.png,"Detailed stipple-shaded blooming rose with thorned stem, black-grey tattoo flash — Joshua Cole, Work of Art Las Vegas",Black and grey rose tattoo design,Joshua Cole,YES,4,LIKELY,KEEP,Tattoo visual supports tattoo page.
/studio_gallery/,tattoo,Joshua Cole · Original art,image,/studio_gallery/pennywise-clown-horror-illustration-2ea11860.webp,,Pennywise clown horror illustration,,YES,3,UNKNOWN,REVIEW,Generic studio creative; acceptable when not used as portfolio proof.
/studio_gallery/,tattoo,Joshua Cole · Original art,image,/studio_gallery/pennywise-clown-horror-illustration-2ea11860.png,"Color Pennywise portrait with cracked forehead, ruffled collar and Losers Club below — Joshua Cole, Work of Art Las Vegas",Pennywise clown horror illustration,Joshua Cole,YES,4,LIKELY,KEEP,Tattoo visual supports tattoo page.
/studio_gallery/,tattoo,Joshua Cole · Original art,image,/studio_gallery/framed-dreadlocked-singer-portrait-art-3d695f6f.webp,,Framed dreadlocked singer portrait art,,YES,4,UNKNOWN,KEEP,Tattoo visual supports tattoo page.
/studio_gallery/,tattoo,Joshua Cole · Original art,image,/studio_gallery/framed-dreadlocked-singer-portrait-art-3d695f6f.png,"Framed color drawing of blonde dreadlocked singer screaming into a mic with smoke swirl — Joshua Cole, Work of Art Las Vegas",Framed dreadlocked singer portrait art,Joshua Cole,YES,4,LIKELY,KEEP,Tattoo visual supports tattoo page.
/studio_gallery/,tattoo,Joshua Cole · Original art,image,/studio_gallery/grim-reaper-with-violin-7e01a1b0.webp,,Grim reaper with violin,,YES,3,UNKNOWN,REVIEW,Generic studio creative; acceptable when not used as portfolio proof.
/studio_gallery/,tattoo,Joshua Cole · Original art,image,/studio_gallery/grim-reaper-with-violin-7e01a1b0.png,"Original grim reaper violin painting on canvas — Joshua Cole, Work of Art Las Vegas",Grim reaper with violin,Joshua Cole,YES,3,LIKELY,REVIEW,Generic studio creative; acceptable when not used as portfolio proof.
/studio_gallery/,tattoo,Joshua Cole · Original art,image,/studio_gallery/psychedelic-chameleon-painting-25bd710f.webp,,Psychedelic chameleon painting,,YES,3,UNKNOWN,REVIEW,Generic studio creative; acceptable when not used as portfolio proof.
/studio_gallery/,tattoo,Joshua Cole · Original art,image,/studio_gallery/psychedelic-chameleon-painting-25bd710f.png,"Original chameleon painting — Joshua Cole fine art, Work of Art Las Vegas",Psychedelic chameleon painting,Joshua Cole,YES,3,LIKELY,REVIEW,Generic studio creative; acceptable when not used as portfolio proof.
/studio_gallery/,tattoo,Joshua Cole · Designs to book,image,/studio_gallery/grim-reaper-with-lantern-07f7a393.webp,,Grim reaper with lantern,,YES,3,UNKNOWN,REVIEW,Generic studio creative; acceptable when not used as portfolio proof.
/studio_gallery/,tattoo,Joshua Cole · Designs to book,image,/studio_gallery/grim-reaper-with-lantern-07f7a393.png,"Grim reaper with purple cloak and glowing lantern — custom design by Joshua Cole, available to book",Grim reaper with lantern,Joshua Cole,YES,3,LIKELY,REVIEW,Generic studio creative; acceptable when not used as portfolio proof.
/studio_gallery/,tattoo,Joshua Cole · Designs to book,image,/studio_gallery/reaper-chess-battlefield-261cc990.webp,,Reaper chess battlefield,,YES,3,UNKNOWN,REVIEW,Generic studio creative; acceptable when not used as portfolio proof.
/studio_gallery/,tattoo,Joshua Cole · Designs to book,image,/studio_gallery/reaper-chess-battlefield-261cc990.png,Grim reaper over chessboard and war scene — inspired custom concept Joshua Cole can tattoo,Reaper chess battlefield,Joshua Cole,YES,4,LIKELY,KEEP,Tattoo visual supports tattoo page.
/studio_gallery/,tattoo,Joshua Cole · Designs to book,image,/studio_gallery/horror-rabbit-concept-5c84d45c.webp,,Horror rabbit concept,,YES,3,UNKNOWN,REVIEW,Generic studio creative; acceptable when not used as portfolio proof.
/studio_gallery/,tattoo,Joshua Cole · Designs to book,image,/studio_gallery/horror-rabbit-concept-5c84d45c.png,Dark illustrative horror rabbit — inspired custom concept Joshua Cole can adapt for your placement,Horror rabbit concept,Joshua Cole,YES,3,LIKELY,REVIEW,Generic studio creative; acceptable when not used as portfolio proof.
/studio_gallery/,tattoo,Joshua Cole · Designs to book,image,/studio_gallery/gothic-skull-portrait-40306e95.webp,,Gothic skull & portrait,,YES,4,UNKNOWN,KEEP,Tattoo visual supports tattoo page.
/studio_gallery/,tattoo,Joshua Cole · Designs to book,image,/studio_gallery/gothic-skull-portrait-40306e95.png,"Gothic skull and feminine portrait in ornate frame — Joshua Cole custom design, available to book",Gothic skull & portrait,Joshua Cole,YES,4,LIKELY,KEEP,Tattoo visual supports tattoo page.
/studio_gallery/,tattoo,Joshua Cole · Designs to book,image,/studio_gallery/illustrative-character-concept-fc0d74fd.webp,,Illustrative character concept,,YES,3,UNKNOWN,REVIEW,Generic studio creative; acceptable when not used as portfolio proof.
/studio_gallery/,tattoo,Joshua Cole · Designs to book,image,/studio_gallery/illustrative-character-concept-fc0d74fd.png,High-contrast illustrative character design — inspired custom concept Joshua Cole can adapt,Illustrative character concept,Joshua Cole,YES,3,LIKELY,REVIEW,Generic studio creative; acceptable when not used as portfolio proof.
/studio_gallery/,tattoo,Joshua Cole · Designs to book,image,/studio_gallery/gothic-portrait-with-skull-c6b7e1de.webp,,Gothic portrait with skull,,YES,4,UNKNOWN,KEEP,Tattoo visual supports tattoo page.
/studio_gallery/,tattoo,Joshua Cole · Designs to book,image,/studio_gallery/gothic-portrait-with-skull-c6b7e1de.png,Gothic portrait holding skull in cathedral frame — inspired custom concept Joshua Cole can adapt,Gothic portrait with skull,Joshua Cole,YES,4,LIKELY,KEEP,Tattoo visual supports tattoo page.
/studio_gallery/,tattoo,Joshua Cole · Designs to book,image,/studio_gallery/skull-with-lens-flare-86c8eb99.webp,,Skull with lens flare,,YES,4,UNKNOWN,KEEP,Tattoo visual supports tattoo page.
/studio_gallery/,tattoo,Joshua Cole · Designs to book,image,/studio_gallery/skull-with-lens-flare-86c8eb99.png,"High-contrast skull illustration with graphic lens flare — Joshua Cole custom design, available to book",Skull with lens flare,Joshua Cole,YES,4,LIKELY,KEEP,Tattoo visual supports tattoo page.
/studio_gallery/,tattoo,Katelyn Cole · Piercing,image,/studio_gallery/color-superman-temple-with-smoke-34a5278a.webp,,Color Superman temple with smoke,,YES,1,UNKNOWN,REPLACE,Piercing creative on tattoo page.
/studio_gallery/,tattoo,Katelyn Cole · Piercing,image,/studio_gallery/color-superman-temple-with-smoke-34a5278a.png,"Color Superman S shield with smoke accents on left temple near eyebrow. — Joshua Cole, Work of Art Las Vegas",Color Superman temple with smoke,Joshua Cole,YES,1,LIKELY,REPLACE,Piercing creative on tattoo page.
/studio_gallery/,tattoo,Katelyn Cole · Piercing,image,/studio_gallery/ear-piercing-in-studio-69c261af.webp,,Ear piercing in studio,Katelyn Cole,YES,1,VERIFIED,REPLACE,Piercing creative on tattoo page.
/studio_gallery/,tattoo,Katelyn Cole · Piercing,image,/studio_gallery/ear-piercing-in-studio-69c261af.png,Katelyn Cole ear piercing session — Work of Art Las Vegas,Ear piercing in studio,Katelyn Cole,YES,1,VERIFIED,REPLACE,Piercing creative on tattoo page.
/studio_gallery/,tattoo,Katelyn Cole · Piercing,image,/studio_gallery/curated-facial-piercing-jewelry-display-7d759759.webp,,Curated facial piercing jewelry display,Katelyn Cole,YES,1,VERIFIED,REPLACE,Piercing creative on tattoo page.
/studio_gallery/,tattoo,Katelyn Cole · Piercing,image,/studio_gallery/curated-facial-piercing-jewelry-display-7d759759.png,"Bridge, septum, nostril, philtrum and cheek piercings with silver jewelry — Joshua Cole, Work of Art Las Vegas",Curated facial piercing jewelry display,Katelyn Cole,YES,1,VERIFIED,REPLACE,Piercing creative on tattoo page.
/studio_gallery/,tattoo,Katelyn Cole · Piercing,image,/studio_gallery/client-portrait-with-septum-piercings-3f1329cc.webp,,Client portrait with septum piercings,Katelyn Cole,YES,4,VERIFIED,KEEP,Tattoo visual supports tattoo page.
/studio_gallery/,tattoo,Katelyn Cole · Piercing,image,/studio_gallery/client-portrait-with-septum-piercings-3f1329cc.png,"Smiling client with magenta curls, septum ring, nostril stud and cheek piercings — Katelyn Cole piercing, Work of Art Las Vegas",Client portrait with septum piercings,Katelyn Cole,YES,4,VERIFIED,KEEP,Tattoo visual supports tattoo page.
/studio_gallery/,tattoo,Katelyn Cole · Piercing,image,/studio_gallery/helix-and-starburst-lobe-piercings-f002f0c4.webp,,Helix and starburst lobe piercings,Katelyn Cole,YES,1,VERIFIED,REPLACE,Piercing creative on tattoo page.
/studio_gallery/,tattoo,Katelyn Cole · Piercing,image,/studio_gallery/helix-and-starburst-lobe-piercings-f002f0c4.png,"Fresh helix stud and gold starburst lobe earring shown on two separate client ears — Joshua Cole, Work of Art Las Vegas",Helix and starburst lobe piercings,Katelyn Cole,YES,1,VERIFIED,REPLACE,Piercing creative on tattoo page.
/studio_gallery/,tattoo,Katelyn Cole · Piercing,image,/studio_gallery/septum-piercing-session-in-studio-07aad378.webp,,Septum piercing session in studio,Katelyn Cole,YES,1,VERIFIED,REPLACE,Piercing creative on tattoo page.
/studio_gallery/,tattoo,Katelyn Cole · Piercing,image,/studio_gallery/septum-piercing-session-in-studio-07aad378.png,"Curly-haired client smiling after septum ring as piercer needles the columella below — Katelyn Cole piercing, Work of Art Las Vegas",Septum piercing session in studio,Katelyn Cole,YES,1,VERIFIED,REPLACE,Piercing creative on tattoo page.
/studio_gallery/,tattoo,Katelyn Cole · Piercing,image,/studio_gallery/spiked-septum-and-chest-ornament-b09080b0.webp,,Spiked septum and chest ornament,Katelyn Cole,YES,1,VERIFIED,REPLACE,Piercing creative on tattoo page.
/studio_gallery/,tattoo,Katelyn Cole · Piercing,image,/studio_gallery/spiked-septum-and-chest-ornament-b09080b0.png,"Spiked septum horseshoe with nose chain and symmetrical black chest filigree tattoo — Joshua Cole, Work of Art Las Vegas",Spiked septum and chest ornament,Katelyn Cole,YES,4,VERIFIED,KEEP,Tattoo visual supports tattoo page.
/studio_gallery/,tattoo,Katelyn Cole · Piercing,image,/studio_gallery/fresh-upper-cartilage-industrial-bar-2e41fc98.webp,,Fresh upper cartilage industrial bar,,YES,1,UNKNOWN,REPLACE,Piercing creative on tattoo page.
/studio_gallery/,tattoo,Katelyn Cole · Piercing,image,/studio_gallery/fresh-upper-cartilage-industrial-bar-2e41fc98.png,"Silver industrial barbell through upper helix cartilage on short-haired client ear — Katelyn Cole piercing, Work of Art Las Vegas",Fresh upper cartilage industrial bar,Katelyn Cole,YES,1,VERIFIED,REPLACE,Piercing creative on tattoo page.
/studio_gallery/,tattoo,Katelyn Cole · Piercing,image,/studio_gallery/conch-and-lobe-piercing-smile-f1da8b6f.webp,,Conch and lobe piercing smile,Katelyn Cole,YES,1,VERIFIED,REPLACE,Piercing creative on tattoo page.
/studio_gallery/,tattoo,Katelyn Cole · Piercing,image,/studio_gallery/conch-and-lobe-piercing-smile-f1da8b6f.png,"Smiling client showing fresh conch and lobe studs beside colorful butterfly shoulder tattoos — Katelyn Cole piercing, Work of Art Las Vegas",Conch and lobe piercing smile,Katelyn Cole,YES,4,VERIFIED,KEEP,Tattoo visual supports tattoo page.
/studio_gallery/,tattoo,Katelyn Cole · Piercing,image,/studio_gallery/flat-and-conch-cartilage-studs-c317138a.webp,,Flat and conch cartilage studs,Katelyn Cole,YES,1,VERIFIED,REPLACE,Piercing creative on tattoo page.
/studio_gallery/,tattoo,Katelyn Cole · Piercing,image,/studio_gallery/flat-and-conch-cartilage-studs-c317138a.png,"Side profile of smiling woman with new flat helix and conch crystal studs in studio — Katelyn Cole piercing, Work of Art Las Vegas",Flat and conch cartilage studs,Katelyn Cole,YES,1,VERIFIED,REPLACE,Piercing creative on tattoo page.
/studio_gallery/,tattoo,Katelyn Cole · Piercing,image,/studio_gallery/labret-and-eyebrow-piercing-closeup-c6159742.webp,,Labret and eyebrow piercing closeup,Katelyn Cole,YES,1,VERIFIED,REPLACE,Piercing creative on tattoo page.
/studio_gallery/,tattoo,Katelyn Cole · Piercing,image,/studio_gallery/labret-and-eyebrow-piercing-closeup-c6159742.png,"Close three-quarter portrait showing silver labret below lip and matching eyebrow stud — Katelyn Cole piercing, Work of Art Las Vegas",Labret and eyebrow piercing closeup,Katelyn Cole,YES,4,VERIFIED,KEEP,Tattoo visual supports tattoo page.
/studio_gallery/,tattoo,Katelyn Cole · Piercing,image,/studio_gallery/nostril-stud-on-smiling-client-dd626b1d.webp,,Nostril stud on smiling client,Katelyn Cole,YES,1,VERIFIED,REPLACE,Piercing creative on tattoo page.
/studio_gallery/,tattoo,Katelyn Cole · Piercing,image,/studio_gallery/nostril-stud-on-smiling-client-dd626b1d.png,"Smiling woman in camo cadet hat with small silver nostril stud and hoop earrings — Katelyn Cole piercing, Work of Art Las Vegas",Nostril stud on smiling client,Katelyn Cole,YES,1,VERIFIED,REPLACE,Piercing creative on tattoo page.
/studio_gallery/,tattoo,Katelyn Cole · Piercing,image,/studio_gallery/matching-bilateral-earlobe-piercings-2455fd61.webp,,Matching bilateral earlobe piercings,Katelyn Cole,YES,1,VERIFIED,REPLACE,Piercing creative on tattoo page.
/studio_gallery/,tattoo,Katelyn Cole · Piercing,image,/studio_gallery/matching-bilateral-earlobe-piercings-2455fd61.png,"Fresh silver ball studs in both earlobes on bearded man, shown in paired profile shots — Katelyn Cole piercing, Work of Art Las Vegas",Matching bilateral earlobe piercings,Katelyn Cole,YES,1,VERIFIED,REPLACE,Piercing creative on tattoo page.
/studio_gallery/,tattoo,Katelyn Cole · Piercing,image,/studio_gallery/triple-flat-conch-lobe-ear-setup-f28e160a.webp,,Triple flat conch lobe ear setup,Katelyn Cole,YES,1,VERIFIED,REPLACE,Piercing creative on tattoo page.
/studio_gallery/,tattoo,Katelyn Cole · Piercing,image,/studio_gallery/triple-flat-conch-lobe-ear-setup-f28e160a.png,"Blonde client ear with three flat helix studs, conch barbell and dangling lobe crystal — Katelyn Cole piercing, Work of Art Las Vegas",Triple flat conch lobe ear setup,Katelyn Cole,YES,1,VERIFIED,REPLACE,Piercing creative on tattoo page.
/studio_gallery/,tattoo,Katelyn Cole · Piercing,image,/studio_gallery/industrial-bar-and-decorative-hoop-a704b2d4.webp,,Industrial bar and decorative hoop,,YES,1,UNKNOWN,REPLACE,Piercing creative on tattoo page.
/studio_gallery/,tattoo,Katelyn Cole · Piercing,image,/studio_gallery/industrial-bar-and-decorative-hoop-a704b2d4.png,"Blonde freckled client with silver industrial barbell and decorative lobe hoop earring — Katelyn Cole piercing, Work of Art Las Vegas",Industrial bar and decorative hoop,Katelyn Cole,YES,1,VERIFIED,REPLACE,Piercing creative on tattoo page.
/studio_gallery/,tattoo,Katelyn Cole · Piercing,image,/studio_gallery/curated-helix-tragus-lobe-piercings-88475d3e.webp,,Curated helix tragus lobe piercings,Katelyn Cole,YES,1,VERIFIED,REPLACE,Piercing creative on tattoo page.
/studio_gallery/,tattoo,Katelyn Cole · Piercing,image,/studio_gallery/curated-helix-tragus-lobe-piercings-88475d3e.png,"Ear curated with twin helix crystals, gold tragus hoop and square-cut lobe stud in studio — Katelyn Cole piercing, Work of Art Las Vegas",Curated helix tragus lobe piercings,Katelyn Cole,YES,1,VERIFIED,REPLACE,Piercing creative on tattoo page.
/studio_gallery/,tattoo,Katelyn Cole · Piercing,image,/studio_gallery/ear-curation-work-eb7d2939.webp,,Ear curation work,,YES,1,UNKNOWN,REPLACE,Piercing creative on tattoo page.
/studio_gallery/,tattoo,Katelyn Cole · Piercing,image,/studio_gallery/ear-curation-work-eb7d2939.png,Katelyn Cole ear curation piercing — Work of Art Las Vegas,Ear curation work,Katelyn Cole,YES,1,VERIFIED,REPLACE,Piercing creative on tattoo page.
/studio_gallery/,tattoo,Katelyn Cole · Piercing,image,/studio_gallery/piercing-setup-in-studio-6ab88a11.webp,,Piercing setup in studio,Katelyn Cole,YES,1,VERIFIED,REPLACE,Piercing creative on tattoo page.
/studio_gallery/,tattoo,Katelyn Cole · Piercing,image,/studio_gallery/piercing-setup-in-studio-6ab88a11.png,Katelyn Cole preparing sterile piercing setup — Work of Art Las Vegas,Piercing setup in studio,Katelyn Cole,YES,1,VERIFIED,REPLACE,Piercing creative on tattoo page.
/studio_gallery/,tattoo,Katelyn Cole · Piercing,image,/studio_gallery/facial-piercing-work-c65aaed1.webp,,Facial piercing work,Katelyn Cole,YES,1,VERIFIED,REPLACE,Piercing creative on tattoo page.
/studio_gallery/,tattoo,Katelyn Cole · Piercing,image,/studio_gallery/facial-piercing-work-c65aaed1.png,Katelyn Cole facial piercing — Work of Art Las Vegas,Facial piercing work,Katelyn Cole,YES,1,VERIFIED,REPLACE,Piercing creative on tattoo page.
/studio_gallery/,tattoo,Katelyn Cole · Piercing,image,/studio_gallery/body-piercing-work-c611f77c.webp,,Body piercing work,Katelyn Cole,YES,1,VERIFIED,REPLACE,Piercing creative on tattoo page.
/studio_gallery/,tattoo,Katelyn Cole · Piercing,image,/studio_gallery/body-piercing-work-c611f77c.png,Katelyn Cole body piercing — Work of Art Las Vegas,Body piercing work,Katelyn Cole,YES,1,VERIFIED,REPLACE,Piercing creative on tattoo page.
/studio_gallery/,tattoo,Katelyn Cole · Piercing,image,/studio_gallery/ear-piercing-healed-result-0f5998be.webp,,Ear piercing healed result,Katelyn Cole,YES,1,VERIFIED,REPLACE,Piercing creative on tattoo page.
/studio_gallery/,tattoo,Katelyn Cole · Piercing,image,/studio_gallery/ear-piercing-healed-result-0f5998be.png,Healed ear piercing by Katelyn Cole — Work of Art Las Vegas,Ear piercing healed result,Katelyn Cole,YES,1,VERIFIED,REPLACE,Piercing creative on tattoo page.
/studio_gallery/,tattoo,Katelyn Cole · Piercing,image,/studio_gallery/jewelry-upgrade-86d3f26f.webp,,Jewelry upgrade,Katelyn Cole,YES,1,VERIFIED,REPLACE,Piercing creative on tattoo page.
/studio_gallery/,tattoo,Katelyn Cole · Piercing,image,/studio_gallery/jewelry-upgrade-86d3f26f.png,Jewelry upgrade and piercing fit by Katelyn Cole — Work of Art Las Vegas,Jewelry upgrade,Katelyn Cole,YES,1,VERIFIED,REPLACE,Piercing creative on tattoo page.
/studio_gallery/,tattoo,Katelyn Cole · Piercing,image,/studio_gallery/piercing-session-prep-b525678d.webp,,Piercing session prep,Katelyn Cole,YES,1,VERIFIED,REPLACE,Piercing creative on tattoo page.
/studio_gallery/,tattoo,Katelyn Cole · Piercing,image,/studio_gallery/piercing-session-prep-b525678d.png,Katelyn Cole preparing piercing jewelry — Work of Art Las Vegas,Piercing session prep,Katelyn Cole,YES,1,VERIFIED,REPLACE,Piercing creative on tattoo page.
/studio_gallery/,tattoo,Katelyn Cole · Piercing,image,/studio_gallery/ear-lobe-piercing-session-da19eec5.webp,,Ear lobe piercing session,Katelyn Cole,YES,1,VERIFIED,REPLACE,Piercing creative on tattoo page.
/studio_gallery/,tattoo,Katelyn Cole · Piercing,image,/studio_gallery/ear-lobe-piercing-session-da19eec5.png,Katelyn Cole ear piercing session — Work of Art Las Vegas,Ear lobe piercing session,Katelyn Cole,YES,1,VERIFIED,REPLACE,Piercing creative on tattoo page.
/studio_gallery/,tattoo,In the studio,image,/studio_gallery/guest-viewing-studio-portrait-gallery-12a42385.webp,,Guest viewing studio portrait gallery,,YES,4,UNKNOWN,KEEP,Tattoo visual supports tattoo page.
/studio_gallery/,tattoo,In the studio,image,/studio_gallery/guest-viewing-studio-portrait-gallery-12a42385.png,"Guest admiring framed portrait art in the Work of Art studio gallery. — Joshua Cole, Work of Art Las Vegas",Guest viewing studio portrait gallery,Joshua Cole,YES,4,LIKELY,KEEP,Tattoo visual supports tattoo page.
/studio_gallery/,tattoo,In the studio,image,/studio_gallery/studio-tattoo-style-grid-collage-6416e41f.webp,,Studio tattoo style grid collage,,YES,4,UNKNOWN,KEEP,Tattoo visual supports tattoo page.
/studio_gallery/,tattoo,In the studio,image,/studio_gallery/studio-tattoo-style-grid-collage-6416e41f.png,"Studio grid collage showing color, blackwork, and realism tattoo samples. — Joshua Cole, Work of Art Las Vegas",Studio tattoo style grid collage,Joshua Cole,YES,4,LIKELY,KEEP,Tattoo visual supports tattoo page.
/studio_gallery/,tattoo,In the studio,image,/studio_gallery/studio-group-celebration-with-clients-41f7cfa2.webp,,Studio group celebration with clients,,YES,3,UNKNOWN,REVIEW,Generic studio creative; acceptable when not used as portfolio proof.
/studio_gallery/,tattoo,In the studio,image,/studio_gallery/studio-group-celebration-with-clients-41f7cfa2.png,"Collage of smiling women posing before flash-covered walls holding small blue gift bags — Joshua Cole, Work of Art Las Vegas",Studio group celebration with clients,Joshua Cole,YES,4,LIKELY,KEEP,Tattoo visual supports tattoo page.
/studio_gallery/,tattoo,In the studio,image,/studio_gallery/work-of-art-studio-1659a367.webp,,Work of Art studio,,YES,3,UNKNOWN,REVIEW,Generic studio creative; acceptable when not used as portfolio proof.
/studio_gallery/,tattoo,In the studio,image,/studio_gallery/work-of-art-studio-1659a367.png,Inside Work of Art Tattoo & Piercing Las Vegas,Work of Art studio,Katelyn Cole,YES,4,VERIFIED,KEEP,Tattoo visual supports tattoo page.
/studio_gallery/,tattoo,In the studio,image,/studio_gallery/studio-storefront-dc47f9f3.webp,,Studio storefront,,YES,3,UNKNOWN,REVIEW,Generic studio creative; acceptable when not used as portfolio proof.
/studio_gallery/,tattoo,In the studio,image,/studio_gallery/studio-storefront-dc47f9f3.png,Work of Art Tattoo studio — sign up for classes,Studio storefront,,YES,4,UNKNOWN,KEEP,Tattoo visual supports tattoo page.
/studio_gallery/,tattoo,In the studio,image,/studio_gallery/studio-interior-3a77750e.webp,,Studio interior,,YES,3,UNKNOWN,REVIEW,Generic studio creative; acceptable when not used as portfolio proof.
/studio_gallery/,tattoo,In the studio,image,/studio_gallery/studio-interior-3a77750e.png,Work of Art Tattoo & Piercing studio Las Vegas,Studio interior,Katelyn Cole,YES,4,VERIFIED,KEEP,Tattoo visual supports tattoo page.
/studio_gallery/,tattoo,In the studio,image,/studio_gallery/storefront-window-and-class-signup-d21a69ff.webp,,Storefront window and class signup,,YES,3,UNKNOWN,REVIEW,Generic studio creative; acceptable when not used as portfolio proof.
/studio_gallery/,tattoo,In the studio,image,/studio_gallery/storefront-window-and-class-signup-d21a69ff.png,"Glass storefront cursive of Art lettering looking out to parking lot, sign up for classes — Joshua Cole, Work of Art Las Vegas",Storefront window and class signup,Joshua Cole,YES,3,LIKELY,REVIEW,Generic studio creative; acceptable when not used as portfolio proof.
/studio_gallery/,tattoo,Katelyn Cole — piercing in the studio,image,/home_work_of_art_tattoo_piercing/client-portfolio/black-grey-lion-thigh-realism-las-vegas.webp,,,Joshua Cole,YES,4,LIKELY,KEEP,Tattoo visual supports tattoo page.
/studio_gallery/,tattoo,Katelyn Cole — piercing in the studio,image,/home_work_of_art_tattoo_piercing/client-portfolio/black-grey-lion-thigh-realism-las-vegas.png,"Black & grey lion thigh — Joshua Cole, Work of Art Las Vegas, Work of Art Tattoo & Piercing, Las Vegas",,Joshua Cole,YES,4,LIKELY,KEEP,Tattoo visual supports tattoo page.
/studio_gallery/,tattoo,,video,https://www.googletagmanager.com/ns.html?id=GTM-TZTQSQBB,,,,NO,3,UNKNOWN,REVIEW,Generic studio creative; acceptable when not used as portfolio proof.
/studio_gallery/,tattoo,Book with the artist you saw,video,https://www.instagram.com/reel/C78fY1quCVF/,▶ Katelyn Cole — piercing in the studio Watch Katelyn at Work of Art — calm ear curation and piercing placement in Las Vegas. Watch on Instagram,▶ Katelyn Cole — piercing in the studio Watch Katelyn at Work of Art — calm ear curation and piercing placement in Las Vegas. Watch on Instagram,Katelyn Cole,YES,3,VERIFIED,REVIEW,Remote Instagram card; verify reel subject visually before using as proof.
/studio_videos/,tattoo,,video,https://www.googletagmanager.com/ns.html?id=GTM-TZTQSQBB,,,,NO,3,UNKNOWN,REVIEW,Generic studio creative; acceptable when not used as portfolio proof.
/studio_videos/,tattoo,Client interview — Las Vegas studio,video,https://www.instagram.com/reel/C8vPwacP1du/,▶ Joshua Cole — painting in the studio Joshua at the easel — fine art and tattoo craft under one roof at Work of Art Las Vegas. Watch on Instagram,▶ Joshua Cole — painting in the studio Joshua at the easel — fine art and tattoo craft under one roof at Work of Art Las Vegas. Watch on Instagram,Joshua Cole,YES,3,LIKELY,REVIEW,Remote Instagram card; verify reel subject visually before using as proof.
/studio_videos/,tattoo,Joshua Cole — painting in the studio,video,https://www.instagram.com/reel/Cpp18lXgU3P/,▶ Joshua Cole — seminars & advanced training Continuing education and advanced training from Joshua Cole. Watch on Instagram,▶ Joshua Cole — seminars & advanced training Continuing education and advanced training from Joshua Cole. Watch on Instagram,Joshua Cole,YES,3,LIKELY,REVIEW,Remote Instagram card; verify reel subject visually before using as proof.
/studio_videos/,tattoo,Joshua Cole — seminars & advanced training,video,https://www.instagram.com/reel/Cs1_Oc4gEx1/,▶ Minor ear piercing — how Katelyn does it Families & guardians — reel from piercing minors section. Watch on Instagram,▶ Minor ear piercing — how Katelyn does it Families & guardians — reel from piercing minors section. Watch on Instagram,Katelyn Cole,YES,3,VERIFIED,REVIEW,Remote Instagram card; verify reel subject visually before using as proof.
/studio_videos/,tattoo,Minor ear piercing — how Katelyn does it,video,https://www.instagram.com/reel/C78fY1quCVF/,▶ Katelyn Cole — piercing in the studio Watch Katelyn at Work of Art — calm ear curation and piercing placement in Las Vegas. Watch on Instagram,▶ Katelyn Cole — piercing in the studio Watch Katelyn at Work of Art — calm ear curation and piercing placement in Las Vegas. Watch on Instagram,Katelyn Cole,YES,3,VERIFIED,REVIEW,Remote Instagram card; verify reel subject visually before using as proof.
/studio_videos/,tattoo,Katelyn Cole — piercing in the studio,video,https://www.instagram.com/reel/C0nNwUkRHz6/,▶ Jewelry & placement — studio reel Jewelry fit and anatomical placement. Watch on Instagram,▶ Jewelry & placement — studio reel Jewelry fit and anatomical placement. Watch on Instagram,,NO,3,UNKNOWN,REVIEW,Remote Instagram card; verify reel subject visually before using as proof.
/studio_videos/,tattoo,Jewelry & placement — studio reel,video,https://www.instagram.com/reel/C4fOsY7OSTq/,▶ Ear curation — studio reel Katelyn Cole at Work of Art — Las Vegas piercing. Watch on Instagram,▶ Ear curation — studio reel Katelyn Cole at Work of Art — Las Vegas piercing. Watch on Instagram,Katelyn Cole,YES,3,VERIFIED,REVIEW,Remote Instagram card; verify reel subject visually before using as proof.
/studio_videos/,tattoo,Ear curation — studio reel,video,https://www.instagram.com/reel/C3GjVCdLUQ9/,▶ Piercing session — studio reel In-studio with professional piercer Katelyn Cole. Watch on Instagram,▶ Piercing session — studio reel In-studio with professional piercer Katelyn Cole. Watch on Instagram,Katelyn Cole,YES,3,VERIFIED,REVIEW,Remote Instagram card; verify reel subject visually before using as proof.
/surface_piercing_las_vegas_authority_guide/,piercing,Real heal documentation,image,/studio_gallery/body-piercing-work-c611f77c.webp,,Body piercing close-up Placement and angle marked for your anatomy — starter jewelry sized for swelling.,Katelyn Cole,YES,5,VERIFIED,KEEP,Piercing visual matches page intent.
/surface_piercing_las_vegas_authority_guide/,piercing,Real heal documentation,image,/studio_gallery/body-piercing-work-c611f77c.png,Body piercing close-up — Body piercing — Work of Art Las Vegas,Body piercing close-up Placement and angle marked for your anatomy — starter jewelry sized for swelling.,Katelyn Cole,YES,5,VERIFIED,KEEP,Piercing visual matches page intent.
/surface_piercing_las_vegas_authority_guide/,piercing,Real heal documentation,image,/studio_gallery/piercing-session-prep-b525678d.webp,,"Healing week 1 Sterile prep and marking before navel, nipple, or surface work — longer bar on purpose.",Katelyn Cole,YES,5,VERIFIED,KEEP,Piercing visual matches page intent.
/surface_piercing_las_vegas_authority_guide/,piercing,Real heal documentation,image,/studio_gallery/piercing-session-prep-b525678d.png,Healing week 1 — Body piercing — Work of Art Las Vegas,"Healing week 1 Sterile prep and marking before navel, nipple, or surface work — longer bar on purpose.",Katelyn Cole,YES,5,VERIFIED,KEEP,Piercing visual matches page intent.
/surface_piercing_las_vegas_authority_guide/,piercing,Real heal documentation,image,/studio_gallery/spiked-septum-and-chest-ornament-b09080b0.webp,,Healing month 2 Months in — jewelry stable and irritation resolved with proper aftercare and downsizing.,Katelyn Cole,YES,5,VERIFIED,KEEP,Piercing visual matches page intent.
/surface_piercing_las_vegas_authority_guide/,piercing,Real heal documentation,image,/studio_gallery/spiked-septum-and-chest-ornament-b09080b0.png,Healing month 2 — Body piercing — Work of Art Las Vegas,Healing month 2 Months in — jewelry stable and irritation resolved with proper aftercare and downsizing.,Katelyn Cole,YES,5,VERIFIED,KEEP,Piercing visual matches page intent.
/surface_piercing_las_vegas_authority_guide/,piercing,,video,https://www.googletagmanager.com/ns.html?id=GTM-TZTQSQBB,,,,NO,3,UNKNOWN,REVIEW,Generic asset on piercing page.
/surface_piercing_las_vegas_authority_guide/,piercing,Related piercing guides,video,https://www.instagram.com/reel/C78fY1quCVF/,▶ Katelyn Cole — piercing in the studio Watch Katelyn at Work of Art — calm ear curation and piercing placement in Las Vegas. Watch on Instagram,▶ Katelyn Cole — piercing in the studio Watch Katelyn at Work of Art — calm ear curation and piercing placement in Las Vegas. Watch on Instagram,Katelyn Cole,YES,3,VERIFIED,REVIEW,Remote Instagram card; verify reel subject visually before using as proof.
/tattoo-aftercare-desert-climate/,cover-up tattoo,Real case,image,/las-vegas-tattoo-healing-guide/eagle-memorial-calf-fresh-tattoo-las-vegas.webp,,Fresh Work of Art client tattoo used to explain early redness and sheen.,,YES,3,UNKNOWN,REVIEW,Tattoo visual lacks cover-up evidence.
/tattoo-aftercare-desert-climate/,cover-up tattoo,Real case,image,/las-vegas-tattoo-healing-guide/eagle-memorial-calf-fresh-tattoo-las-vegas.png,Fresh eagle memorial calf tattoo during healing,Fresh Work of Art client tattoo used to explain early redness and sheen.,,YES,3,UNKNOWN,REVIEW,Tattoo visual lacks cover-up evidence.
/tattoo-aftercare-desert-climate/,cover-up tattoo,UV Protection: Your Ink’s Natural Enemy,image,/home_work_of_art_tattoo_piercing/client-portfolio/lion-clock-realism-shoulder-tattoo-las-vegas.webp,,,Joshua Cole,YES,3,LIKELY,REVIEW,Tattoo visual lacks cover-up evidence.
/tattoo-aftercare-desert-climate/,cover-up tattoo,UV Protection: Your Ink’s Natural Enemy,image,/home_work_of_art_tattoo_piercing/client-portfolio/lion-clock-realism-shoulder-tattoo-las-vegas.png,"Black and grey realism shoulder tattoo merging a clock face with a roaring lion — Work of Art…, Work of Art Tattoo & Piercing, Las Vegas",,Joshua Cole,YES,3,LIKELY,REVIEW,Tattoo visual lacks cover-up evidence.
/tattoo-aftercare-desert-climate/,cover-up tattoo,UV Protection: Your Ink’s Natural Enemy,image,/home_work_of_art_tattoo_piercing/client-portfolio/roaring-lion-tiger-forearm-realism-las-vegas.webp,,,Joshua Cole,YES,3,LIKELY,REVIEW,Tattoo visual lacks cover-up evidence.
/tattoo-aftercare-desert-climate/,cover-up tattoo,UV Protection: Your Ink’s Natural Enemy,image,/home_work_of_art_tattoo_piercing/client-portfolio/roaring-lion-tiger-forearm-realism-las-vegas.png,"Black and grey roaring lion and tiger forearm realism with amber eyes — Work of Art Tattoo Las…, Work of Art Tattoo & Piercing, Las Vegas",,Joshua Cole,YES,3,LIKELY,REVIEW,Tattoo visual lacks cover-up evidence.
/tattoo-aftercare-desert-climate/,cover-up tattoo,UV Protection: Your Ink’s Natural Enemy,image,/home_work_of_art_tattoo_piercing/client-portfolio/archangel-michael-demon-upper-arm-realism-las-vegas.webp,,,Joshua Cole,YES,3,LIKELY,REVIEW,Tattoo visual lacks cover-up evidence.
/tattoo-aftercare-desert-climate/,cover-up tattoo,UV Protection: Your Ink’s Natural Enemy,image,/home_work_of_art_tattoo_piercing/client-portfolio/archangel-michael-demon-upper-arm-realism-las-vegas.png,"Black and grey realism upper arm tattoo of Archangel Michael defeating a demon — Work of Art…, Work of Art Tattoo & Piercing, Las Vegas",,Joshua Cole,YES,3,LIKELY,REVIEW,Tattoo visual lacks cover-up evidence.
/tattoo-aftercare-desert-climate/,cover-up tattoo,UV Protection: Your Ink’s Natural Enemy,image,/home_work_of_art_tattoo_piercing/client-portfolio/woman-skull-skeletal-hand-forearm-realism-las-vegas.webp,,,Joshua Cole,YES,3,LIKELY,REVIEW,Tattoo visual lacks cover-up evidence.
/tattoo-aftercare-desert-climate/,cover-up tattoo,UV Protection: Your Ink’s Natural Enemy,image,/home_work_of_art_tattoo_piercing/client-portfolio/woman-skull-skeletal-hand-forearm-realism-las-vegas.png,"Black and grey realism forearm tattoo with woman portrait, skull, and skeletal hand — Work of…, Work of Art Tattoo & Piercing, Las Vegas",,Joshua Cole,YES,3,LIKELY,REVIEW,Tattoo visual lacks cover-up evidence.
/tattoo-aftercare-desert-climate/,cover-up tattoo,UV Protection: Your Ink’s Natural Enemy,image,/home_work_of_art_tattoo_piercing/client-portfolio/medusa-snake-hair-forearm-realism-las-vegas.webp,,,Joshua Cole,YES,3,LIKELY,REVIEW,Tattoo visual lacks cover-up evidence.
/tattoo-aftercare-desert-climate/,cover-up tattoo,UV Protection: Your Ink’s Natural Enemy,image,/home_work_of_art_tattoo_piercing/client-portfolio/medusa-snake-hair-forearm-realism-las-vegas.png,"Black and grey Medusa forearm tattoo with detailed snake hair — Work of Art Tattoo Las Vegas, Work of Art Tattoo & Piercing, Las Vegas",,Joshua Cole,YES,3,LIKELY,REVIEW,Tattoo visual lacks cover-up evidence.
/tattoo-aftercare-desert-climate/,cover-up tattoo,UV Protection: Your Ink’s Natural Enemy,image,/home_work_of_art_tattoo_piercing/client-portfolio/skull-hourglass-forearm-realism-fresh-las-vegas.webp,,,Joshua Cole,YES,3,LIKELY,REVIEW,Tattoo visual lacks cover-up evidence.
/tattoo-aftercare-desert-climate/,cover-up tattoo,UV Protection: Your Ink’s Natural Enemy,image,/home_work_of_art_tattoo_piercing/client-portfolio/skull-hourglass-forearm-realism-fresh-las-vegas.png,"Fresh black and grey realism forearm tattoo with skull, ribs, and hourglass — Work of Art Tattoo…, Work of Art Tattoo & Piercing, Las Vegas",,Joshua Cole,YES,3,LIKELY,REVIEW,Tattoo visual lacks cover-up evidence.
/tattoo-aftercare-desert-climate/,cover-up tattoo,UV Protection: Your Ink’s Natural Enemy,image,/home_work_of_art_tattoo_piercing/client-portfolio/money-rose-black-grey-realism-upper-arm-las-vegas.webp,,,Joshua Cole,YES,3,LIKELY,REVIEW,Tattoo visual lacks cover-up evidence.
/tattoo-aftercare-desert-climate/,cover-up tattoo,UV Protection: Your Ink’s Natural Enemy,image,/home_work_of_art_tattoo_piercing/client-portfolio/money-rose-black-grey-realism-upper-arm-las-vegas.png,"Black and grey realism money rose tattoo on upper arm — Work of Art Tattoo Las Vegas, Work of Art Tattoo & Piercing, Las Vegas",,Joshua Cole,YES,3,LIKELY,REVIEW,Tattoo visual lacks cover-up evidence.
/tattoo-aftercare-desert-climate/,cover-up tattoo,,video,https://www.googletagmanager.com/ns.html?id=GTM-TZTQSQBB,,,,NO,1,UNKNOWN,REPLACE,Non-cover-up creative on cover-up page.
/tattoo-aftercare-desert-climate/,cover-up tattoo,How long until I can swim after a tattoo in Vegas?,video,https://www.instagram.com/reel/C8vPwacP1du/embed,How long until I can swim after a tattoo in Vegas?,,,NO,3,UNKNOWN,REVIEW,Remote Instagram card; verify reel subject visually before using as proof.
/tattoo-aftercare-desert-climate/,cover-up tattoo,How long until I can swim after a tattoo in Vegas?,video,https://www.instagram.com/reel/C78fY1quCVF/,▶ Katelyn Cole — piercing in the studio Watch Katelyn at Work of Art — calm ear curation and piercing placement in Las Vegas. Watch on Instagram,▶ Katelyn Cole — piercing in the studio Watch Katelyn at Work of Art — calm ear curation and piercing placement in Las Vegas. Watch on Instagram,Katelyn Cole,YES,3,VERIFIED,REVIEW,Remote Instagram card; verify reel subject visually before using as proof.
/tattoo-skin-science/,tattoo skin science/healing,,video,https://www.googletagmanager.com/ns.html?id=GTM-TZTQSQBB,,,,NO,2,UNKNOWN,REVIEW,Weak skin-science support.
/tattoo-skin-science/,tattoo skin science/healing,Questions about your skin?,video,https://www.instagram.com/reel/C3GjVCdLUQ9/,▶ Piercing session — studio reel In-studio with professional piercer Katelyn Cole. Watch on Instagram,▶ Piercing session — studio reel In-studio with professional piercer Katelyn Cole. Watch on Instagram,Katelyn Cole,YES,3,VERIFIED,REVIEW,Remote Instagram card; verify reel subject visually before using as proof.
/tattoo_pain_chart_placement_sensitivity_guide/,tattoo,Precision in Every Placement,image,/home_work_of_art_tattoo_piercing/client-portfolio/lion-clock-realism-shoulder-tattoo-las-vegas.webp,,,Joshua Cole,YES,4,LIKELY,KEEP,Tattoo visual supports tattoo page.
/tattoo_pain_chart_placement_sensitivity_guide/,tattoo,Precision in Every Placement,image,/home_work_of_art_tattoo_piercing/client-portfolio/lion-clock-realism-shoulder-tattoo-las-vegas.png,"Black and grey realism shoulder tattoo merging a clock face with a roaring lion — Work of Art…, Work of Art Tattoo & piercing, Las Vegas",,Joshua Cole,YES,4,LIKELY,KEEP,Tattoo visual supports tattoo page.
/tattoo_pain_chart_placement_sensitivity_guide/,tattoo,Precision in Every Placement,image,/home_work_of_art_tattoo_piercing/client-portfolio/roaring-lion-tiger-forearm-realism-las-vegas.webp,,,Joshua Cole,YES,4,LIKELY,KEEP,Tattoo visual supports tattoo page.
/tattoo_pain_chart_placement_sensitivity_guide/,tattoo,Precision in Every Placement,image,/home_work_of_art_tattoo_piercing/client-portfolio/roaring-lion-tiger-forearm-realism-las-vegas.png,"Black and grey roaring lion and tiger forearm realism with amber eyes — Work of Art Tattoo Las…, Work of Art Tattoo & piercing, Las Vegas",,Joshua Cole,YES,4,LIKELY,KEEP,Tattoo visual supports tattoo page.
/tattoo_pain_chart_placement_sensitivity_guide/,tattoo,Precision in Every Placement,image,/home_work_of_art_tattoo_piercing/client-portfolio/archangel-michael-demon-upper-arm-realism-las-vegas.webp,,,Joshua Cole,YES,4,LIKELY,KEEP,Tattoo visual supports tattoo page.
/tattoo_pain_chart_placement_sensitivity_guide/,tattoo,Precision in Every Placement,image,/home_work_of_art_tattoo_piercing/client-portfolio/archangel-michael-demon-upper-arm-realism-las-vegas.png,"Black and grey realism upper arm tattoo of Archangel Michael defeating a demon — Work of Art…, Work of Art Tattoo & piercing, Las Vegas",,Joshua Cole,YES,4,LIKELY,KEEP,Tattoo visual supports tattoo page.
/tattoo_pain_chart_placement_sensitivity_guide/,tattoo,Precision in Every Placement,image,/home_work_of_art_tattoo_piercing/client-portfolio/woman-skull-skeletal-hand-forearm-realism-las-vegas.webp,,,Joshua Cole,YES,4,LIKELY,KEEP,Tattoo visual supports tattoo page.
/tattoo_pain_chart_placement_sensitivity_guide/,tattoo,Precision in Every Placement,image,/home_work_of_art_tattoo_piercing/client-portfolio/woman-skull-skeletal-hand-forearm-realism-las-vegas.png,"Black and grey realism forearm tattoo with woman portrait, skull, and skeletal hand — Work of…, Work of Art Tattoo & piercing, Las Vegas",,Joshua Cole,YES,4,LIKELY,KEEP,Tattoo visual supports tattoo page.
/tattoo_pain_chart_placement_sensitivity_guide/,tattoo,Precision in Every Placement,image,/home_work_of_art_tattoo_piercing/client-portfolio/medusa-snake-hair-forearm-realism-las-vegas.webp,,,Joshua Cole,YES,4,LIKELY,KEEP,Tattoo visual supports tattoo page.
/tattoo_pain_chart_placement_sensitivity_guide/,tattoo,Precision in Every Placement,image,/home_work_of_art_tattoo_piercing/client-portfolio/medusa-snake-hair-forearm-realism-las-vegas.png,"Black and grey Medusa forearm tattoo with detailed snake hair — Work of Art Tattoo Las Vegas, Work of Art Tattoo & piercing, Las Vegas",,Joshua Cole,YES,4,LIKELY,KEEP,Tattoo visual supports tattoo page.
/tattoo_pain_chart_placement_sensitivity_guide/,tattoo,Precision in Every Placement,image,/home_work_of_art_tattoo_piercing/client-portfolio/skull-hourglass-forearm-realism-fresh-las-vegas.webp,,,Joshua Cole,YES,4,LIKELY,KEEP,Tattoo visual supports tattoo page.
/tattoo_pain_chart_placement_sensitivity_guide/,tattoo,Precision in Every Placement,image,/home_work_of_art_tattoo_piercing/client-portfolio/skull-hourglass-forearm-realism-fresh-las-vegas.png,"Fresh black and grey realism forearm tattoo with skull, ribs, and hourglass — Work of Art Tattoo…, Work of Art Tattoo & piercing, Las Vegas",,Joshua Cole,YES,4,LIKELY,KEEP,Tattoo visual supports tattoo page.
/tattoo_pain_chart_placement_sensitivity_guide/,tattoo,Precision in Every Placement,image,/home_work_of_art_tattoo_piercing/client-portfolio/money-rose-black-grey-realism-upper-arm-las-vegas.webp,,,Joshua Cole,YES,4,LIKELY,KEEP,Tattoo visual supports tattoo page.
/tattoo_pain_chart_placement_sensitivity_guide/,tattoo,Precision in Every Placement,image,/home_work_of_art_tattoo_piercing/client-portfolio/money-rose-black-grey-realism-upper-arm-las-vegas.png,"Black and grey realism money rose tattoo on upper arm — Work of Art Tattoo Las Vegas, Work of Art Tattoo & piercing, Las Vegas",,Joshua Cole,YES,4,LIKELY,KEEP,Tattoo visual supports tattoo page.
/tattoo_pain_chart_placement_sensitivity_guide/,tattoo,Real heal documentation,image,/home_work_of_art_tattoo_piercing/client-portfolio/skull-hourglass-forearm-realism-fresh-las-vegas.webp,,Realism close-up Detail at bandage-off — values and line weight before the epidermis sheds.,Joshua Cole,YES,4,LIKELY,KEEP,Tattoo visual supports tattoo page.
/tattoo_pain_chart_placement_sensitivity_guide/,tattoo,Real heal documentation,image,/home_work_of_art_tattoo_piercing/client-portfolio/skull-hourglass-forearm-realism-fresh-las-vegas.png,Realism close-up — Realism — Work of Art Las Vegas,Realism close-up Detail at bandage-off — values and line weight before the epidermis sheds.,Joshua Cole,YES,4,LIKELY,KEEP,Tattoo visual supports tattoo page.
/tattoo_pain_chart_placement_sensitivity_guide/,tattoo,Real heal documentation,image,/healed_tattoo_gallery_las_vegas/fresh-all-seeing-eye-triangle-forearm-joshua-cole-las-vegas.webp,,"Healing week 1 Days 4–10: light peel, tight skin, and redness at the edges — normal, not infection.",Joshua Cole,YES,4,LIKELY,KEEP,Tattoo visual supports tattoo page.
/tattoo_pain_chart_placement_sensitivity_guide/,tattoo,Real heal documentation,image,/healed_tattoo_gallery_las_vegas/fresh-all-seeing-eye-triangle-forearm-joshua-cole-las-vegas.png,Healing week 1 — Realism — Work of Art Las Vegas,"Healing week 1 Days 4–10: light peel, tight skin, and redness at the edges — normal, not infection.",Joshua Cole,YES,4,LIKELY,KEEP,Tattoo visual supports tattoo page.
/tattoo_pain_chart_placement_sensitivity_guide/,tattoo,Real heal documentation,image,/healed_tattoo_gallery_las_vegas/healed-1-year-cross-eye-skull-outer-forearm-joshua-cole-las-vegas.webp,,Healing month 2 Weeks 6–8: surface looks closed while deeper layers still settle — contrast softens slightly.,Joshua Cole,YES,4,LIKELY,KEEP,Tattoo visual supports tattoo page.
/tattoo_pain_chart_placement_sensitivity_guide/,tattoo,Real heal documentation,image,/healed_tattoo_gallery_las_vegas/healed-1-year-cross-eye-skull-outer-forearm-joshua-cole-las-vegas.png,Healing month 2 — Realism — Work of Art Las Vegas,Healing month 2 Weeks 6–8: surface looks closed while deeper layers still settle — contrast softens slightly.,Joshua Cole,YES,4,LIKELY,KEEP,Tattoo visual supports tattoo page.
/tattoo_pain_chart_placement_sensitivity_guide/,tattoo,Real heal documentation,image,/healed_tattoo_gallery_las_vegas/healed-3-month-roaring-lion-thigh-joshua-cole-las-vegas.webp,,"Settled heal Months 3+ — readable at arm's length; blacks stay anchored, color mellows to a matte finish.",Joshua Cole,YES,4,LIKELY,KEEP,Tattoo visual supports tattoo page.
/tattoo_pain_chart_placement_sensitivity_guide/,tattoo,Real heal documentation,image,/healed_tattoo_gallery_las_vegas/healed-3-month-roaring-lion-thigh-joshua-cole-las-vegas.png,Settled heal — Realism — Work of Art Las Vegas,"Settled heal Months 3+ — readable at arm's length; blacks stay anchored, color mellows to a matte finish.",Joshua Cole,YES,4,LIKELY,KEEP,Tattoo visual supports tattoo page.
/tattoo_pain_chart_placement_sensitivity_guide/,tattoo,Real heal documentation,image,/healed_tattoo_gallery_las_vegas/fresh-roaring-lion-thigh-black-grey-joshua-cole-las-vegas.webp,,Fresh redness Day 0–3 inflammation and plasma sheen — colors read brightest before the skin rebuilds.,Joshua Cole,YES,4,LIKELY,KEEP,Tattoo visual supports tattoo page.
/tattoo_pain_chart_placement_sensitivity_guide/,tattoo,Real heal documentation,image,/healed_tattoo_gallery_las_vegas/fresh-roaring-lion-thigh-black-grey-joshua-cole-las-vegas.png,Fresh redness — Realism — Work of Art Las Vegas,Fresh redness Day 0–3 inflammation and plasma sheen — colors read brightest before the skin rebuilds.,Joshua Cole,YES,4,LIKELY,KEEP,Tattoo visual supports tattoo page.
/tattoo_pain_chart_placement_sensitivity_guide/,tattoo,,video,https://www.googletagmanager.com/ns.html?id=GTM-TZTQSQBB,,,,NO,3,UNKNOWN,REVIEW,Generic studio creative; acceptable when not used as portfolio proof.
/tattoo_pain_chart_placement_sensitivity_guide/,tattoo,Real heal documentation,video,https://www.instagram.com/reel/C3GjVCdLUQ9/,▶ piercing session — studio reel In-studio with professional piercer Katelyn Cole. Watch on Instagram,▶ piercing session — studio reel In-studio with professional piercer Katelyn Cole. Watch on Instagram,Katelyn Cole,YES,3,VERIFIED,REVIEW,Remote Instagram card; verify reel subject visually before using as proof.
/tattoo_shop_near_allegiant_stadium_las_vegas/,tattoo,Relevant studio visuals,image,/home_work_of_art_tattoo_piercing/client-portfolio/black-grey-skull-hood-candle-realism-las-vegas.webp,Black and grey realism tattoo example for event-weekend planning,Black and grey realism tattoo example for event-weekend planning,Joshua Cole,YES,4,LIKELY,KEEP,Tattoo visual supports tattoo page.
/tattoo_shop_near_las_vegas_airport/,tattoo,Relevant studio visuals,image,/home_work_of_art_tattoo_piercing/client-portfolio/color-realism-wolf-red-forearm-las-vegas.webp,Fresh tattoo example with travel-day aftercare planning,Fresh tattoo example with travel-day aftercare planning,Joshua Cole,YES,4,LIKELY,KEEP,Tattoo visual supports tattoo page.
/tattoo_shop_near_las_vegas_airport/,tattoo,Relevant studio visuals,image,/studio_gallery/nostril-stud-on-smiling-client-dd626b1d.webp,Nostril piercing example for visitors planning around flights,Nostril piercing example for visitors planning around flights,Katelyn Cole,YES,1,VERIFIED,REPLACE,Piercing creative on tattoo page.
/tattoo_shop_near_mgm_grand_las_vegas/,tattoo,Relevant studio visuals,image,/home_work_of_art_tattoo_piercing/client-portfolio/color-realism-wolf-red-forearm-las-vegas.webp,Color realism tattoo example for south Strip visitors,Color realism tattoo example for south Strip visitors,Joshua Cole,YES,4,LIKELY,KEEP,Tattoo visual supports tattoo page.
/tattoo_shop_near_mgm_grand_las_vegas/,tattoo,Relevant studio visuals,image,/home_work_of_art_tattoo_piercing/client-portfolio/black-grey-portrait-script-text-lower-arm-las-vegas.webp,Black and grey portrait and script tattoo example,Black and grey portrait and script tattoo example,Joshua Cole,YES,4,LIKELY,KEEP,Tattoo visual supports tattoo page.
/tattoo_shop_near_the_sphere_las_vegas/,tattoo,Relevant studio visuals,image,/home_work_of_art_tattoo_piercing/client-portfolio/black-grey-portrait-script-text-lower-arm-las-vegas.webp,Detailed tattoo example for Sphere and north Strip visitors,Detailed tattoo example for Sphere and north Strip visitors,Joshua Cole,YES,4,LIKELY,KEEP,Tattoo visual supports tattoo page.
/tattoo_shop_near_the_strip_nap_corrected/,tattoo,Original Work From The Studio,image,/home_work_of_art_tattoo_piercing/client-portfolio/color-realism-wolf-red-forearm-las-vegas.webp,Color realism tattoo from Work of Art in Las Vegas,Color realism tattoo from Work of Art in Las Vegas,Joshua Cole,YES,4,LIKELY,KEEP,Tattoo visual supports tattoo page.
/tattoo_shop_near_the_strip_nap_corrected/,tattoo,Original Work From The Studio,image,/home_work_of_art_tattoo_piercing/client-portfolio/black-grey-skull-hood-candle-realism-las-vegas.webp,Black and grey tattoo from Work of Art in Las Vegas,Black and grey tattoo from Work of Art in Las Vegas,Joshua Cole,YES,4,LIKELY,KEEP,Tattoo visual supports tattoo page.
/tattoo_shop_near_the_strip_nap_corrected/,tattoo,Original Work From The Studio,image,/studio_gallery/curated-helix-tragus-lobe-piercings-88475d3e.webp,Curated ear piercings from Work of Art in Las Vegas,Curated ear piercings from Work of Art in Las Vegas,Katelyn Cole,YES,1,VERIFIED,REPLACE,Piercing creative on tattoo page.
/tattoo_shop_paradise_nevada/,tattoo,Relevant studio visuals,image,/studio_gallery/curated-helix-tragus-lobe-piercings-88475d3e.webp,Curated ear piercing example from the Paradise-area studio,Curated ear piercing example from the Paradise-area studio,Katelyn Cole,YES,1,VERIFIED,REPLACE,Piercing creative on tattoo page.
/tattoo_shop_paradise_nevada/,tattoo,Relevant studio visuals,image,/home_work_of_art_tattoo_piercing/client-portfolio/black-grey-skull-hood-candle-realism-las-vegas.webp,Tattoo example from the E. Tropicana studio,Tattoo example from the E. Tropicana studio,Joshua Cole,YES,4,LIKELY,KEEP,Tattoo visual supports tattoo page.
/tattoo_shop_serving_henderson_nevada/,tattoo,Relevant studio visuals,image,/home_work_of_art_tattoo_piercing/client-portfolio/color-realism-wolf-red-forearm-las-vegas.webp,Color realism tattoo example for Henderson collectors,Color realism tattoo example for Henderson collectors,Joshua Cole,YES,4,LIKELY,KEEP,Tattoo visual supports tattoo page.
/tattoo_shop_serving_henderson_nevada/,tattoo,Relevant studio visuals,image,/studio_gallery/flat-and-conch-cartilage-studs-c317138a.webp,Cartilage piercing placement example for repeat clients,Cartilage piercing placement example for repeat clients,Katelyn Cole,YES,1,VERIFIED,REPLACE,Piercing creative on tattoo page.
/tattoo_shop_spring_valley_las_vegas/,tattoo,Relevant studio visuals,image,/home_work_of_art_tattoo_piercing/client-portfolio/black-grey-skull-hood-candle-realism-las-vegas.webp,Black and grey tattoo example for west-valley collectors,Black and grey tattoo example for west-valley collectors,Joshua Cole,YES,4,LIKELY,KEEP,Tattoo visual supports tattoo page.
/terms-of-service/,tattoo,,video,https://www.googletagmanager.com/ns.html?id=GTM-TZTQSQBB,,,,NO,3,UNKNOWN,REVIEW,Generic studio creative; acceptable when not used as portfolio proof.
/tongue_piercing_las_vegas_authority_guide/,piercing,Real heal documentation,image,/studio_gallery/labret-and-eyebrow-piercing-closeup-c6159742.webp,,Oral piercing close-up Placement and angle marked for your anatomy — starter jewelry sized for swelling.,Katelyn Cole,YES,5,VERIFIED,KEEP,Piercing visual matches page intent.
/tongue_piercing_las_vegas_authority_guide/,piercing,Real heal documentation,image,/studio_gallery/labret-and-eyebrow-piercing-closeup-c6159742.png,Oral piercing close-up — Oral piercing — Work of Art Las Vegas,Oral piercing close-up Placement and angle marked for your anatomy — starter jewelry sized for swelling.,Katelyn Cole,YES,5,VERIFIED,KEEP,Piercing visual matches page intent.
/tongue_piercing_las_vegas_authority_guide/,piercing,Real heal documentation,image,/studio_gallery/curated-facial-piercing-jewelry-display-7d759759.webp,,"Healing month 2 Downsizing window — shorter post once swelling drops, usually 2–6 weeks for oral piercings.",Katelyn Cole,YES,5,VERIFIED,KEEP,Piercing visual matches page intent.
/tongue_piercing_las_vegas_authority_guide/,piercing,Real heal documentation,image,/studio_gallery/curated-facial-piercing-jewelry-display-7d759759.png,Healing month 2 — Oral piercing — Work of Art Las Vegas,"Healing month 2 Downsizing window — shorter post once swelling drops, usually 2–6 weeks for oral piercings.",Katelyn Cole,YES,5,VERIFIED,KEEP,Piercing visual matches page intent.
/tongue_piercing_las_vegas_authority_guide/,piercing,,video,https://www.googletagmanager.com/ns.html?id=GTM-TZTQSQBB,,,,NO,3,UNKNOWN,REVIEW,Generic asset on piercing page.
/tongue_piercing_las_vegas_authority_guide/,piercing,Related piercing guides,video,https://www.instagram.com/reel/C78fY1quCVF/,▶ Katelyn Cole — piercing in the studio Watch Katelyn at Work of Art — calm ear curation and piercing placement in Las Vegas. Watch on Instagram,▶ Katelyn Cole — piercing in the studio Watch Katelyn at Work of Art — calm ear curation and piercing placement in Las Vegas. Watch on Instagram,Katelyn Cole,YES,3,VERIFIED,REVIEW,Remote Instagram card; verify reel subject visually before using as proof.
/tragus_piercing_las_vegas_authority_guide/,piercing,Real heal documentation,image,/studio_gallery/curated-helix-tragus-lobe-piercings-88475d3e.webp,,Tragus close-up Placement and angle marked for your anatomy — starter jewelry sized for swelling.,Katelyn Cole,YES,5,VERIFIED,KEEP,Piercing visual matches page intent.
/tragus_piercing_las_vegas_authority_guide/,piercing,Real heal documentation,image,/studio_gallery/curated-helix-tragus-lobe-piercings-88475d3e.png,Tragus close-up — Tragus — Work of Art Las Vegas,Tragus close-up Placement and angle marked for your anatomy — starter jewelry sized for swelling.,Katelyn Cole,YES,5,VERIFIED,KEEP,Piercing visual matches page intent.
/tragus_piercing_las_vegas_authority_guide/,piercing,Real heal documentation,image,/studio_gallery/flat-and-conch-cartilage-studs-c317138a.webp,,"Healing week 1 Days 3–7: light crusties, tenderness, and a longer post on purpose — do not shorten jewelry at home.",Katelyn Cole,YES,5,VERIFIED,KEEP,Piercing visual matches page intent.
/tragus_piercing_las_vegas_authority_guide/,piercing,Real heal documentation,image,/studio_gallery/flat-and-conch-cartilage-studs-c317138a.png,Healing week 1 — Tragus — Work of Art Las Vegas,"Healing week 1 Days 3–7: light crusties, tenderness, and a longer post on purpose — do not shorten jewelry at home.",Katelyn Cole,YES,5,VERIFIED,KEEP,Piercing visual matches page intent.
/tragus_piercing_las_vegas_authority_guide/,piercing,Real heal documentation,image,/studio_gallery/ear-piercing-healed-result-0f5998be.webp,,Healing month 2 Around 6–8 weeks swelling drops — this is when downsizing protects the angle and prevents bumps.,Katelyn Cole,YES,5,VERIFIED,KEEP,Piercing visual matches page intent.
/tragus_piercing_las_vegas_authority_guide/,piercing,Real heal documentation,image,/studio_gallery/ear-piercing-healed-result-0f5998be.png,Healing month 2 — Tragus — Work of Art Las Vegas,Healing month 2 Around 6–8 weeks swelling drops — this is when downsizing protects the angle and prevents bumps.,Katelyn Cole,YES,5,VERIFIED,KEEP,Piercing visual matches page intent.
/tragus_piercing_las_vegas_authority_guide/,piercing,Real heal documentation,image,/studio_gallery/jewelry-upgrade-86d3f26f.webp,,"Jewelry change Downsize to a shorter post or swap ends once the fistula is stable — booked as a check-in, not a mall kiosk.",Katelyn Cole,YES,5,VERIFIED,KEEP,Piercing visual matches page intent.
/tragus_piercing_las_vegas_authority_guide/,piercing,Real heal documentation,image,/studio_gallery/jewelry-upgrade-86d3f26f.png,Jewelry change — Tragus — Work of Art Las Vegas,"Jewelry change Downsize to a shorter post or swap ends once the fistula is stable — booked as a check-in, not a mall kiosk.",Katelyn Cole,YES,5,VERIFIED,KEEP,Piercing visual matches page intent.
/tragus_piercing_las_vegas_authority_guide/,piercing,,video,https://www.googletagmanager.com/ns.html?id=GTM-TZTQSQBB,,,,NO,3,UNKNOWN,REVIEW,Generic asset on piercing page.
/tragus_piercing_las_vegas_authority_guide/,piercing,Related piercing guides,video,https://www.instagram.com/reel/C78fY1quCVF/,▶ Katelyn Cole — piercing in the studio Watch Katelyn at Work of Art — calm ear curation and piercing placement in Las Vegas. Watch on Instagram,▶ Katelyn Cole — piercing in the studio Watch Katelyn at Work of Art — calm ear curation and piercing placement in Las Vegas. Watch on Instagram,Katelyn Cole,YES,3,VERIFIED,REVIEW,Remote Instagram card; verify reel subject visually before using as proof.
/upper_lobe_piercing_las_vegas_authority_guide/,piercing,Real heal documentation,image,/studio_gallery/matching-bilateral-earlobe-piercings-2455fd61.webp,,Upper lobe close-up Placement and angle marked for your anatomy — starter jewelry sized for swelling.,Katelyn Cole,YES,5,VERIFIED,KEEP,Piercing visual matches page intent.
/upper_lobe_piercing_las_vegas_authority_guide/,piercing,Real heal documentation,image,/studio_gallery/matching-bilateral-earlobe-piercings-2455fd61.png,Upper lobe close-up — Upper lobe — Work of Art Las Vegas,Upper lobe close-up Placement and angle marked for your anatomy — starter jewelry sized for swelling.,Katelyn Cole,YES,5,VERIFIED,KEEP,Piercing visual matches page intent.
/upper_lobe_piercing_las_vegas_authority_guide/,piercing,Real heal documentation,image,/studio_gallery/ear-lobe-piercing-session-da19eec5.webp,,"Healing week 1 Days 3–7: light crusties, tenderness, and a longer post on purpose — do not shorten jewelry at home.",Katelyn Cole,YES,5,VERIFIED,KEEP,Piercing visual matches page intent.
/upper_lobe_piercing_las_vegas_authority_guide/,piercing,Real heal documentation,image,/studio_gallery/ear-lobe-piercing-session-da19eec5.png,Healing week 1 — Upper lobe — Work of Art Las Vegas,"Healing week 1 Days 3–7: light crusties, tenderness, and a longer post on purpose — do not shorten jewelry at home.",Katelyn Cole,YES,5,VERIFIED,KEEP,Piercing visual matches page intent.
/upper_lobe_piercing_las_vegas_authority_guide/,piercing,Real heal documentation,image,/studio_gallery/ear-piercing-healed-result-0f5998be.webp,,Healing month 2 Around 6–8 weeks swelling drops — this is when downsizing protects the angle and prevents bumps.,Katelyn Cole,YES,5,VERIFIED,KEEP,Piercing visual matches page intent.
/upper_lobe_piercing_las_vegas_authority_guide/,piercing,Real heal documentation,image,/studio_gallery/ear-piercing-healed-result-0f5998be.png,Healing month 2 — Upper lobe — Work of Art Las Vegas,Healing month 2 Around 6–8 weeks swelling drops — this is when downsizing protects the angle and prevents bumps.,Katelyn Cole,YES,5,VERIFIED,KEEP,Piercing visual matches page intent.
/upper_lobe_piercing_las_vegas_authority_guide/,piercing,Real heal documentation,image,/studio_gallery/jewelry-upgrade-86d3f26f.webp,,"Jewelry change Downsize to a shorter post or swap ends once the fistula is stable — booked as a check-in, not a mall kiosk.",Katelyn Cole,YES,5,VERIFIED,KEEP,Piercing visual matches page intent.
/upper_lobe_piercing_las_vegas_authority_guide/,piercing,Real heal documentation,image,/studio_gallery/jewelry-upgrade-86d3f26f.png,Jewelry change — Upper lobe — Work of Art Las Vegas,"Jewelry change Downsize to a shorter post or swap ends once the fistula is stable — booked as a check-in, not a mall kiosk.",Katelyn Cole,YES,5,VERIFIED,KEEP,Piercing visual matches page intent.
/upper_lobe_piercing_las_vegas_authority_guide/,piercing,,video,https://www.googletagmanager.com/ns.html?id=GTM-TZTQSQBB,,,,NO,3,UNKNOWN,REVIEW,Generic asset on piercing page.
/upper_lobe_piercing_las_vegas_authority_guide/,piercing,Related piercing guides,video,https://www.instagram.com/reel/C78fY1quCVF/,▶ Katelyn Cole — piercing in the studio Watch Katelyn at Work of Art — calm ear curation and piercing placement in Las Vegas. Watch on Instagram,▶ Katelyn Cole — piercing in the studio Watch Katelyn at Work of Art — calm ear curation and piercing placement in Las Vegas. Watch on Instagram,Katelyn Cole,YES,3,VERIFIED,REVIEW,Remote Instagram card; verify reel subject visually before using as proof.
/vegas_tattoo_shop_vs_cheap_strip_tattoo_what_you_need_to_know/,tattoo,3. The Math of a Cover-Up,image,/home_work_of_art_tattoo_piercing/client-portfolio/lion-clock-realism-shoulder-tattoo-las-vegas.webp,,,Joshua Cole,YES,4,LIKELY,KEEP,Tattoo visual supports tattoo page.
/vegas_tattoo_shop_vs_cheap_strip_tattoo_what_you_need_to_know/,tattoo,3. The Math of a Cover-Up,image,/home_work_of_art_tattoo_piercing/client-portfolio/lion-clock-realism-shoulder-tattoo-las-vegas.png,"Black and grey realism shoulder tattoo merging a clock face with a roaring lion — Work of Art…, Work of Art Tattoo & piercing, Las Vegas",,Joshua Cole,YES,4,LIKELY,KEEP,Tattoo visual supports tattoo page.
/vegas_tattoo_shop_vs_cheap_strip_tattoo_what_you_need_to_know/,tattoo,3. The Math of a Cover-Up,image,/home_work_of_art_tattoo_piercing/client-portfolio/roaring-lion-tiger-forearm-realism-las-vegas.webp,,,Joshua Cole,YES,4,LIKELY,KEEP,Tattoo visual supports tattoo page.
/vegas_tattoo_shop_vs_cheap_strip_tattoo_what_you_need_to_know/,tattoo,3. The Math of a Cover-Up,image,/home_work_of_art_tattoo_piercing/client-portfolio/roaring-lion-tiger-forearm-realism-las-vegas.png,"Black and grey roaring lion and tiger forearm realism with amber eyes — Work of Art Tattoo Las…, Work of Art Tattoo & piercing, Las Vegas",,Joshua Cole,YES,4,LIKELY,KEEP,Tattoo visual supports tattoo page.
/vegas_tattoo_shop_vs_cheap_strip_tattoo_what_you_need_to_know/,tattoo,3. The Math of a Cover-Up,image,/home_work_of_art_tattoo_piercing/client-portfolio/archangel-michael-demon-upper-arm-realism-las-vegas.webp,,,Joshua Cole,YES,4,LIKELY,KEEP,Tattoo visual supports tattoo page.
/vegas_tattoo_shop_vs_cheap_strip_tattoo_what_you_need_to_know/,tattoo,3. The Math of a Cover-Up,image,/home_work_of_art_tattoo_piercing/client-portfolio/archangel-michael-demon-upper-arm-realism-las-vegas.png,"Black and grey realism upper arm tattoo of Archangel Michael defeating a demon — Work of Art…, Work of Art Tattoo & piercing, Las Vegas",,Joshua Cole,YES,4,LIKELY,KEEP,Tattoo visual supports tattoo page.
/vegas_tattoo_shop_vs_cheap_strip_tattoo_what_you_need_to_know/,tattoo,3. The Math of a Cover-Up,image,/home_work_of_art_tattoo_piercing/client-portfolio/woman-skull-skeletal-hand-forearm-realism-las-vegas.webp,,,Joshua Cole,YES,4,LIKELY,KEEP,Tattoo visual supports tattoo page.
/vegas_tattoo_shop_vs_cheap_strip_tattoo_what_you_need_to_know/,tattoo,3. The Math of a Cover-Up,image,/home_work_of_art_tattoo_piercing/client-portfolio/woman-skull-skeletal-hand-forearm-realism-las-vegas.png,"Black and grey realism forearm tattoo with woman portrait, skull, and skeletal hand — Work of…, Work of Art Tattoo & piercing, Las Vegas",,Joshua Cole,YES,4,LIKELY,KEEP,Tattoo visual supports tattoo page.
/vegas_tattoo_shop_vs_cheap_strip_tattoo_what_you_need_to_know/,tattoo,3. The Math of a Cover-Up,image,/home_work_of_art_tattoo_piercing/client-portfolio/medusa-snake-hair-forearm-realism-las-vegas.webp,,,Joshua Cole,YES,4,LIKELY,KEEP,Tattoo visual supports tattoo page.
/vegas_tattoo_shop_vs_cheap_strip_tattoo_what_you_need_to_know/,tattoo,3. The Math of a Cover-Up,image,/home_work_of_art_tattoo_piercing/client-portfolio/medusa-snake-hair-forearm-realism-las-vegas.png,"Black and grey Medusa forearm tattoo with detailed snake hair — Work of Art Tattoo Las Vegas, Work of Art Tattoo & piercing, Las Vegas",,Joshua Cole,YES,4,LIKELY,KEEP,Tattoo visual supports tattoo page.
/vegas_tattoo_shop_vs_cheap_strip_tattoo_what_you_need_to_know/,tattoo,3. The Math of a Cover-Up,image,/home_work_of_art_tattoo_piercing/client-portfolio/skull-hourglass-forearm-realism-fresh-las-vegas.webp,,,Joshua Cole,YES,4,LIKELY,KEEP,Tattoo visual supports tattoo page.
/vegas_tattoo_shop_vs_cheap_strip_tattoo_what_you_need_to_know/,tattoo,3. The Math of a Cover-Up,image,/home_work_of_art_tattoo_piercing/client-portfolio/skull-hourglass-forearm-realism-fresh-las-vegas.png,"Fresh black and grey realism forearm tattoo with skull, ribs, and hourglass — Work of Art Tattoo…, Work of Art Tattoo & piercing, Las Vegas",,Joshua Cole,YES,4,LIKELY,KEEP,Tattoo visual supports tattoo page.
/vegas_tattoo_shop_vs_cheap_strip_tattoo_what_you_need_to_know/,tattoo,3. The Math of a Cover-Up,image,/home_work_of_art_tattoo_piercing/client-portfolio/money-rose-black-grey-realism-upper-arm-las-vegas.webp,,,Joshua Cole,YES,4,LIKELY,KEEP,Tattoo visual supports tattoo page.
/vegas_tattoo_shop_vs_cheap_strip_tattoo_what_you_need_to_know/,tattoo,3. The Math of a Cover-Up,image,/home_work_of_art_tattoo_piercing/client-portfolio/money-rose-black-grey-realism-upper-arm-las-vegas.png,"Black and grey realism money rose tattoo on upper arm — Work of Art Tattoo Las Vegas, Work of Art Tattoo & piercing, Las Vegas",,Joshua Cole,YES,4,LIKELY,KEEP,Tattoo visual supports tattoo page.
/vegas_tattoo_shop_vs_cheap_strip_tattoo_what_you_need_to_know/,tattoo,,video,https://www.googletagmanager.com/ns.html?id=GTM-TZTQSQBB,,,,NO,3,UNKNOWN,REVIEW,Generic studio creative; acceptable when not used as portfolio proof.
/vegas_tattoo_shop_vs_cheap_strip_tattoo_what_you_need_to_know/,tattoo,3. The Math of a Cover-Up,video,https://www.instagram.com/reel/Cpp18lXgU3P/,▶ Joshua Cole — seminars & advanced training Continuing education and advanced training from Joshua Cole. Watch on Instagram,▶ Joshua Cole — seminars & advanced training Continuing education and advanced training from Joshua Cole. Watch on Instagram,Joshua Cole,YES,3,LIKELY,REVIEW,Remote Instagram card; verify reel subject visually before using as proof.
/vertical_labret_piercing_las_vegas_authority_guide/,piercing,Real heal documentation,image,/studio_gallery/labret-and-eyebrow-piercing-closeup-c6159742.webp,,Oral piercing close-up Placement and angle marked for your anatomy — starter jewelry sized for swelling.,Katelyn Cole,YES,5,VERIFIED,KEEP,Piercing visual matches page intent.
/vertical_labret_piercing_las_vegas_authority_guide/,piercing,Real heal documentation,image,/studio_gallery/labret-and-eyebrow-piercing-closeup-c6159742.png,Oral piercing close-up — Oral piercing — Work of Art Las Vegas,Oral piercing close-up Placement and angle marked for your anatomy — starter jewelry sized for swelling.,Katelyn Cole,YES,5,VERIFIED,KEEP,Piercing visual matches page intent.
/vertical_labret_piercing_las_vegas_authority_guide/,piercing,Real heal documentation,image,/studio_gallery/curated-facial-piercing-jewelry-display-7d759759.webp,,"Healing month 2 Downsizing window — shorter post once swelling drops, usually 2–6 weeks for oral piercings.",Katelyn Cole,YES,5,VERIFIED,KEEP,Piercing visual matches page intent.
/vertical_labret_piercing_las_vegas_authority_guide/,piercing,Real heal documentation,image,/studio_gallery/curated-facial-piercing-jewelry-display-7d759759.png,Healing month 2 — Oral piercing — Work of Art Las Vegas,"Healing month 2 Downsizing window — shorter post once swelling drops, usually 2–6 weeks for oral piercings.",Katelyn Cole,YES,5,VERIFIED,KEEP,Piercing visual matches page intent.
/vertical_labret_piercing_las_vegas_authority_guide/,piercing,,video,https://www.googletagmanager.com/ns.html?id=GTM-TZTQSQBB,,,,NO,3,UNKNOWN,REVIEW,Generic asset on piercing page.
/vertical_labret_piercing_las_vegas_authority_guide/,piercing,Related piercing guides,video,https://www.instagram.com/reel/C78fY1quCVF/,▶ Katelyn Cole — piercing in the studio Watch Katelyn at Work of Art — calm ear curation and piercing placement in Las Vegas. Watch on Instagram,▶ Katelyn Cole — piercing in the studio Watch Katelyn at Work of Art — calm ear curation and piercing placement in Las Vegas. Watch on Instagram,Katelyn Cole,YES,3,VERIFIED,REVIEW,Remote Instagram card; verify reel subject visually before using as proof.
/walk-in-tattoos-las-vegas/,tattoo,,image,/image_5_22_26_at_9.11_pm_1.png/professional-tattoo-artist-work-of-art-las-vegas-studio.webp,,,,YES,4,UNKNOWN,KEEP,Tattoo visual supports tattoo page.
/walk-in-tattoos-las-vegas/,tattoo,,image,/image_5_22_26_at_9.11_pm_1.png/professional-tattoo-artist-work-of-art-las-vegas-studio.png,"Professional tattoo artist at Work of Art Tattoo & Piercing, Las Vegas walk-in studio",,,YES,4,UNKNOWN,KEEP,Tattoo visual supports tattoo page.
/walk-in-tattoos-las-vegas/,tattoo,Verified studio work,image,/home_work_of_art_tattoo_piercing/client-portfolio/black-grey-statue-bust-cloth-drape-las-vegas.webp,,,Joshua Cole,YES,4,LIKELY,KEEP,Tattoo visual supports tattoo page.
/walk-in-tattoos-las-vegas/,tattoo,Verified studio work,image,/home_work_of_art_tattoo_piercing/client-portfolio/black-grey-statue-bust-cloth-drape-las-vegas.png,"Black and grey statue bust with cloth drape — Walk-In Tattoos in Las Vegas, Joshua Cole, Work of…, Work of Art Tattoo & Piercing, Las Vegas",,Joshua Cole,YES,4,LIKELY,KEEP,Tattoo visual supports tattoo page.
/walk-in-tattoos-las-vegas/,tattoo,Verified studio work,image,/home_work_of_art_tattoo_piercing/client-portfolio/roaring-lion-tiger-forearm-realism-las-vegas.webp,,,Joshua Cole,YES,4,LIKELY,KEEP,Tattoo visual supports tattoo page.
/walk-in-tattoos-las-vegas/,tattoo,Verified studio work,image,/home_work_of_art_tattoo_piercing/client-portfolio/roaring-lion-tiger-forearm-realism-las-vegas.png,"Roaring lion and tiger forearm realism — Walk-In Tattoos in Las Vegas, Joshua Cole, Work of Art…, Work of Art Tattoo & Piercing, Las Vegas",,Joshua Cole,YES,4,LIKELY,KEEP,Tattoo visual supports tattoo page.
/walk-in-tattoos-las-vegas/,tattoo,Verified studio work,image,/home_work_of_art_tattoo_piercing/client-portfolio/black-grey-all-seeing-eye-realism-las-vegas.webp,,,Joshua Cole,YES,4,LIKELY,KEEP,Tattoo visual supports tattoo page.
/walk-in-tattoos-las-vegas/,tattoo,Verified studio work,image,/home_work_of_art_tattoo_piercing/client-portfolio/black-grey-all-seeing-eye-realism-las-vegas.png,"Black and grey all-seeing eye realism — Walk-In Tattoos in Las Vegas, Joshua Cole, Work of Art…, Work of Art Tattoo & Piercing, Las Vegas",,Joshua Cole,YES,4,LIKELY,KEEP,Tattoo visual supports tattoo page.
/walk-in-tattoos-las-vegas/,tattoo,Verified studio work,image,/home_work_of_art_tattoo_piercing/client-portfolio/skull-hourglass-forearm-realism-fresh-las-vegas.webp,,,Joshua Cole,YES,4,LIKELY,KEEP,Tattoo visual supports tattoo page.
/walk-in-tattoos-las-vegas/,tattoo,Verified studio work,image,/home_work_of_art_tattoo_piercing/client-portfolio/skull-hourglass-forearm-realism-fresh-las-vegas.png,"Fresh skull and hourglass forearm realism — Walk-In Tattoos in Las Vegas, Joshua Cole, Work of…, Work of Art Tattoo & Piercing, Las Vegas",,Joshua Cole,YES,4,LIKELY,KEEP,Tattoo visual supports tattoo page.
/walk-in-tattoos-las-vegas/,tattoo,,video,https://www.googletagmanager.com/ns.html?id=GTM-TZTQSQBB,,,,NO,3,UNKNOWN,REVIEW,Generic studio creative; acceptable when not used as portfolio proof.
/walk-in-tattoos-las-vegas/,tattoo,Questions clients ask,video,https://www.instagram.com/reel/C4fOsY7OSTq/,▶ Ear curation — studio reel Katelyn Cole at Work of Art — Las Vegas piercing. Watch on Instagram,▶ Ear curation — studio reel Katelyn Cole at Work of Art — Las Vegas piercing. Watch on Instagram,Katelyn Cole,YES,3,VERIFIED,REVIEW,Remote Instagram card; verify reel subject visually before using as proof.
/why_tattoos_stay_forever_skin_science_las_vegas_authority_guide/,tattoo,Real heal documentation,image,/healed_tattoo_gallery_las_vegas/fresh-all-seeing-eye-triangle-forearm-joshua-cole-las-vegas.webp,,Tattoo skin science close-up Fresh tattoo surface detail — the epidermis is irritated while pigment is placed below it.,Joshua Cole,YES,4,LIKELY,KEEP,Tattoo visual supports tattoo page.
/why_tattoos_stay_forever_skin_science_las_vegas_authority_guide/,tattoo,Real heal documentation,image,/healed_tattoo_gallery_las_vegas/fresh-all-seeing-eye-triangle-forearm-joshua-cole-las-vegas.png,Tattoo skin science close-up — Tattoo skin science — Work of Art Las Vegas,Tattoo skin science close-up Fresh tattoo surface detail — the epidermis is irritated while pigment is placed below it.,Joshua Cole,YES,4,LIKELY,KEEP,Tattoo visual supports tattoo page.
/why_tattoos_stay_forever_skin_science_las_vegas_authority_guide/,tattoo,Real heal documentation,image,/tattoo_healing_before_after_real_results/eagle-memorial-calf-fresh-tattoo-las-vegas.webp,,"Healing week 1 Early tattoo healing reference — surface shine, tightness, and light texture can change how value reads.",,YES,4,UNKNOWN,KEEP,Tattoo visual supports tattoo page.
/why_tattoos_stay_forever_skin_science_las_vegas_authority_guide/,tattoo,Real heal documentation,image,/tattoo_healing_before_after_real_results/eagle-memorial-calf-fresh-tattoo-las-vegas.png,Healing week 1 — Tattoo skin science — Work of Art Las Vegas,"Healing week 1 Early tattoo healing reference — surface shine, tightness, and light texture can change how value reads.",,YES,4,UNKNOWN,KEEP,Tattoo visual supports tattoo page.
/why_tattoos_stay_forever_skin_science_las_vegas_authority_guide/,tattoo,Real heal documentation,image,/tattoo_healing_before_after_real_results/eagle-memorial-calf-fresh-vs-healed-comparison-las-vegas.webp,,Healing month 2 Fresh vs settled tattoo comparison — useful for explaining how the surface calms while pigment remains.,,YES,4,UNKNOWN,KEEP,Tattoo visual supports tattoo page.
/why_tattoos_stay_forever_skin_science_las_vegas_authority_guide/,tattoo,Real heal documentation,image,/tattoo_healing_before_after_real_results/eagle-memorial-calf-fresh-vs-healed-comparison-las-vegas.png,Healing month 2 — Tattoo skin science — Work of Art Las Vegas,Healing month 2 Fresh vs settled tattoo comparison — useful for explaining how the surface calms while pigment remains.,,YES,4,UNKNOWN,KEEP,Tattoo visual supports tattoo page.
/why_tattoos_stay_forever_skin_science_las_vegas_authority_guide/,tattoo,Real heal documentation,image,/healed_tattoo_gallery_las_vegas/healed-3-month-roaring-lion-thigh-joshua-cole-las-vegas.webp,,Settled heal Settled black and grey tattoo detail — healed contrast is what matters for long-term readability.,Joshua Cole,YES,4,LIKELY,KEEP,Tattoo visual supports tattoo page.
/why_tattoos_stay_forever_skin_science_las_vegas_authority_guide/,tattoo,Real heal documentation,image,/healed_tattoo_gallery_las_vegas/healed-3-month-roaring-lion-thigh-joshua-cole-las-vegas.png,Settled heal — Tattoo skin science — Work of Art Las Vegas,Settled heal Settled black and grey tattoo detail — healed contrast is what matters for long-term readability.,Joshua Cole,YES,4,LIKELY,KEEP,Tattoo visual supports tattoo page.
/why_tattoos_stay_forever_skin_science_las_vegas_authority_guide/,tattoo,Real heal documentation,image,/home_work_of_art_tattoo_piercing/client-portfolio/skull-hourglass-forearm-realism-fresh-las-vegas.webp,,"Fresh redness Day-zero tattoo surface redness — shown as healing context, not as finished portfolio proof.",Joshua Cole,YES,4,LIKELY,KEEP,Tattoo visual supports tattoo page.
/why_tattoos_stay_forever_skin_science_las_vegas_authority_guide/,tattoo,Real heal documentation,image,/home_work_of_art_tattoo_piercing/client-portfolio/skull-hourglass-forearm-realism-fresh-las-vegas.png,Fresh redness — Tattoo skin science — Work of Art Las Vegas,"Fresh redness Day-zero tattoo surface redness — shown as healing context, not as finished portfolio proof.",Joshua Cole,YES,4,LIKELY,KEEP,Tattoo visual supports tattoo page.
/why_tattoos_stay_forever_skin_science_las_vegas_authority_guide/,tattoo,,video,https://www.googletagmanager.com/ns.html?id=GTM-TZTQSQBB,,,,NO,3,UNKNOWN,REVIEW,Generic studio creative; acceptable when not used as portfolio proof.
/why_tattoos_stay_forever_skin_science_las_vegas_authority_guide/,tattoo,Book a consult,video,https://www.instagram.com/reel/C4fOsY7OSTq/,▶ Ear curation — studio reel Katelyn Cole at Work of Art — Las Vegas piercing. Watch on Instagram,▶ Ear curation — studio reel Katelyn Cole at Work of Art — Las Vegas piercing. Watch on Instagram,Katelyn Cole,YES,3,VERIFIED,REVIEW,Remote Instagram card; verify reel subject visually before using as proof.
